solid OpenSCAD_Model
  facet normal 0.95381 0.037469 -0.298066
    outer loop
      vertex 2.8 0 1.5
      vertex 2.79137 0.219685 1.5
      vertex 3.3 0 3.1
    endloop
  endfacet
  facet normal -0.895535 -0.330415 -0.298067
    outer loop
      vertex -3.0488 -1.26285 3.1
      vertex -3.13849 -1.01976 3.1
      vertex -2.66296 -0.865247 1.5
    endloop
  endfacet
  facet normal 0.64794 -0.700951 -0.298063
    outer loop
      vertex 2.33345 -2.33345 3.1
      vertex 1.81845 -2.12914 1.5
      vertex 1.9799 -1.9799 1.5
    endloop
  endfacet
  facet normal 0.64794 0.700951 -0.298063
    outer loop
      vertex 1.9799 1.9799 1.5
      vertex 1.81845 2.12914 1.5
      vertex 2.33345 2.33345 3.1
    endloop
  endfacet
  facet normal 0.95381 0.037465 -0.298066
    outer loop
      vertex 3.3 0 3.1
      vertex 2.79137 0.219685 1.5
      vertex 3.28983 0.258915 3.1
    endloop
  endfacet
  facet normal -0.399618 0.86687 -0.298065
    outer loop
      vertex -1.07151 2.58686 1.5
      vertex -1.49817 2.94032 3.1
      vertex -1.26285 3.0488 3.1
    endloop
  endfacet
  facet normal 0.700951 0.64794 -0.298063
    outer loop
      vertex 2.12914 1.81845 1.5
      vertex 1.9799 1.9799 1.5
      vertex 2.33345 2.33345 3.1
    endloop
  endfacet
  facet normal -0.186219 0.936205 -0.298063
    outer loop
      vertex -0.438016 2.76553 1.5
      vertex -0.77037 3.20882 3.1
      vertex -0.516233 3.25937 3.1
    endloop
  endfacet
  facet normal 0.94793 0.11219 -0.298063
    outer loop
      vertex 2.79137 0.219685 1.5
      vertex 2.76553 0.438016 1.5
      vertex 3.25937 0.516233 3.1
    endloop
  endfacet
  facet normal 0.749618 0.590957 -0.298065
    outer loop
      vertex 2.66976 1.93969 3.1
      vertex 2.26525 1.6458 1.5
      vertex 2.50934 2.14318 3.1
    endloop
  endfacet
  facet normal -0.749618 -0.590957 -0.298065
    outer loop
      vertex -2.50934 -2.14318 3.1
      vertex -2.66976 -1.93969 3.1
      vertex -2.26525 -1.6458 1.5
    endloop
  endfacet
  facet normal -0.793682 0.530308 -0.298066
    outer loop
      vertex -2.38739 1.463 1.5
      vertex -2.81371 1.72425 3.1
      vertex -2.26525 1.6458 1.5
    endloop
  endfacet
  facet normal 0.749613 -0.590963 -0.298066
    outer loop
      vertex 2.50934 -2.14318 3.1
      vertex 2.12914 -1.81845 1.5
      vertex 2.26525 -1.6458 1.5
    endloop
  endfacet
  facet normal -0.86687 0.399618 -0.298065
    outer loop
      vertex -2.58686 1.07151 1.5
      vertex -3.0488 1.26285 3.1
      vertex -2.94032 1.49817 3.1
    endloop
  endfacet
  facet normal -0.918705 0.259112 -0.298063
    outer loop
      vertex -2.72264 0.653646 1.5
      vertex -3.20882 0.77037 3.1
      vertex -2.66296 0.865247 1.5
    endloop
  endfacet
  facet normal -0.530308 -0.793682 -0.298066
    outer loop
      vertex -1.463 -2.38739 1.5
      vertex -1.72425 -2.81371 3.1
      vertex -1.6458 -2.26525 1.5
    endloop
  endfacet
  facet normal 0.399614 -0.866872 -0.298065
    outer loop
      vertex 1.49817 -2.94032 3.1
      vertex 1.07151 -2.58686 1.5
      vertex 1.27117 -2.49482 1.5
    endloop
  endfacet
  facet normal 0.186219 0.936205 -0.298063
    outer loop
      vertex 0.77037 3.20882 3.1
      vertex 0.438016 2.76553 1.5
      vertex 0.516233 3.25937 3.1
    endloop
  endfacet
  facet normal -0.259084 0.918712 -0.298067
    outer loop
      vertex -0.865247 2.66296 1.5
      vertex -1.01976 3.13849 3.1
      vertex -0.77037 3.20882 3.1
    endloop
  endfacet
  facet normal -0.530308 0.793682 -0.298066
    outer loop
      vertex -1.6458 2.26525 1.5
      vertex -1.72425 2.81371 3.1
      vertex -1.463 2.38739 1.5
    endloop
  endfacet
  facet normal -0.330415 0.895535 -0.298067
    outer loop
      vertex -0.865247 2.66296 1.5
      vertex -1.26285 3.0488 3.1
      vertex -1.01976 3.13849 3.1
    endloop
  endfacet
  facet normal -0.95381 -0.037469 -0.298066
    outer loop
      vertex -2.79137 -0.219685 1.5
      vertex -3.3 0 3.1
      vertex -2.8 0 1.5
    endloop
  endfacet
  facet normal -0.749613 -0.590963 -0.298066
    outer loop
      vertex -2.12914 -1.81845 1.5
      vertex -2.50934 -2.14318 3.1
      vertex -2.26525 -1.6458 1.5
    endloop
  endfacet
  facet normal 0.700933 0.647958 -0.298066
    outer loop
      vertex 2.50934 2.14318 3.1
      vertex 2.12914 1.81845 1.5
      vertex 2.33345 2.33345 3.1
    endloop
  endfacet
  facet normal 0.466411 0.832837 -0.298065
    outer loop
      vertex 1.463 2.38739 1.5
      vertex 1.27117 2.49482 1.5
      vertex 1.49817 2.94032 3.1
    endloop
  endfacet
  facet normal -0.895538 0.330406 -0.298066
    outer loop
      vertex -2.66296 0.865247 1.5
      vertex -3.0488 1.26285 3.1
      vertex -2.58686 1.07151 1.5
    endloop
  endfacet
  facet normal -0.700933 0.647958 -0.298066
    outer loop
      vertex -2.12914 1.81845 1.5
      vertex -2.50934 2.14318 3.1
      vertex -2.33345 2.33345 3.1
    endloop
  endfacet
  facet normal 0.466411 -0.832837 -0.298065
    outer loop
      vertex 1.49817 -2.94032 3.1
      vertex 1.27117 -2.49482 1.5
      vertex 1.463 -2.38739 1.5
    endloop
  endfacet
  facet normal 0.832838 0.466409 -0.298066
    outer loop
      vertex 2.94032 1.49817 3.1
      vertex 2.38739 1.463 1.5
      vertex 2.81371 1.72425 3.1
    endloop
  endfacet
  facet normal 0.866872 0.399614 -0.298065
    outer loop
      vertex 2.58686 1.07151 1.5
      vertex 2.49482 1.27117 1.5
      vertex 2.94032 1.49817 3.1
    endloop
  endfacet
  facet normal -0.95381 0.037469 -0.298066
    outer loop
      vertex -2.8 0 1.5
      vertex -3.3 0 3.1
      vertex -2.79137 0.219685 1.5
    endloop
  endfacet
  facet normal 0.037469 -0.95381 -0.298066
    outer loop
      vertex 0.219685 -2.79137 1.5
      vertex 0 -3.3 3.1
      vertex 0 -2.8 1.5
    endloop
  endfacet
  facet normal -0.186217 -0.936206 -0.298063
    outer loop
      vertex -0.438016 -2.76553 1.5
      vertex -0.77037 -3.20882 3.1
      vertex -0.653646 -2.72264 1.5
    endloop
  endfacet
  facet normal -0.399618 -0.86687 -0.298065
    outer loop
      vertex -1.26285 -3.0488 3.1
      vertex -1.49817 -2.94032 3.1
      vertex -1.07151 -2.58686 1.5
    endloop
  endfacet
  facet normal 0.186217 0.936206 -0.298063
    outer loop
      vertex 0.653646 2.72264 1.5
      vertex 0.438016 2.76553 1.5
      vertex 0.77037 3.20882 3.1
    endloop
  endfacet
  facet normal 0.647958 0.700933 -0.298066
    outer loop
      vertex 2.33345 2.33345 3.1
      vertex 1.81845 2.12914 1.5
      vertex 2.14318 2.50934 3.1
    endloop
  endfacet
  facet normal 0.259112 0.918705 -0.298063
    outer loop
      vertex 0.865247 2.66296 1.5
      vertex 0.653646 2.72264 1.5
      vertex 0.77037 3.20882 3.1
    endloop
  endfacet
  facet normal 0.530308 0.793682 -0.298066
    outer loop
      vertex 1.6458 2.26525 1.5
      vertex 1.463 2.38739 1.5
      vertex 1.72425 2.81371 3.1
    endloop
  endfacet
  facet normal 0.918705 0.259112 -0.298063
    outer loop
      vertex 2.72264 0.653646 1.5
      vertex 2.66296 0.865247 1.5
      vertex 3.20882 0.77037 3.1
    endloop
  endfacet
  facet normal 0.918712 0.259084 -0.298067
    outer loop
      vertex 3.20882 0.77037 3.1
      vertex 2.66296 0.865247 1.5
      vertex 3.13849 1.01976 3.1
    endloop
  endfacet
  facet normal 0.918712 -0.259084 -0.298067
    outer loop
      vertex 3.13849 -1.01976 3.1
      vertex 2.66296 -0.865247 1.5
      vertex 3.20882 -0.77037 3.1
    endloop
  endfacet
  facet normal -0.186219 -0.936205 -0.298063
    outer loop
      vertex -0.516233 -3.25937 3.1
      vertex -0.77037 -3.20882 3.1
      vertex -0.438016 -2.76553 1.5
    endloop
  endfacet
  facet normal -0.64794 0.700951 -0.298063
    outer loop
      vertex -1.9799 1.9799 1.5
      vertex -2.33345 2.33345 3.1
      vertex -1.81845 2.12914 1.5
    endloop
  endfacet
  facet normal 0.399618 0.86687 -0.298065
    outer loop
      vertex 1.49817 2.94032 3.1
      vertex 1.07151 2.58686 1.5
      vertex 1.26285 3.0488 3.1
    endloop
  endfacet
  facet normal 0.330406 0.895538 -0.298066
    outer loop
      vertex 1.07151 2.58686 1.5
      vertex 0.865247 2.66296 1.5
      vertex 1.26285 3.0488 3.1
    endloop
  endfacet
  facet normal -0.895535 0.330415 -0.298067
    outer loop
      vertex -2.66296 0.865247 1.5
      vertex -3.13849 1.01976 3.1
      vertex -3.0488 1.26285 3.1
    endloop
  endfacet
  facet normal -0.64794 -0.700951 -0.298063
    outer loop
      vertex -1.81845 -2.12914 1.5
      vertex -2.33345 -2.33345 3.1
      vertex -1.9799 -1.9799 1.5
    endloop
  endfacet
  facet normal -0.700951 -0.64794 -0.298063
    outer loop
      vertex -1.9799 -1.9799 1.5
      vertex -2.33345 -2.33345 3.1
      vertex -2.12914 -1.81845 1.5
    endloop
  endfacet
  facet normal 0.530311 -0.79368 -0.298065
    outer loop
      vertex 1.72425 -2.81371 3.1
      vertex 1.6458 -2.26525 1.5
      vertex 1.93969 -2.66976 3.1
    endloop
  endfacet
  facet normal 0.936206 -0.186217 -0.298063
    outer loop
      vertex 3.20882 -0.77037 3.1
      vertex 2.72264 -0.653646 1.5
      vertex 2.76553 -0.438016 1.5
    endloop
  endfacet
  facet normal 0.259084 0.918712 -0.298067
    outer loop
      vertex 0.865247 2.66296 1.5
      vertex 0.77037 3.20882 3.1
      vertex 1.01976 3.13849 3.1
    endloop
  endfacet
  facet normal -0.330406 0.895538 -0.298066
    outer loop
      vertex -1.07151 2.58686 1.5
      vertex -1.26285 3.0488 3.1
      vertex -0.865247 2.66296 1.5
    endloop
  endfacet
  facet normal -0.947927 0.112211 -0.298066
    outer loop
      vertex -2.79137 0.219685 1.5
      vertex -3.28983 0.258915 3.1
      vertex -3.25937 0.516233 3.1
    endloop
  endfacet
  facet normal 0.330415 0.895535 -0.298067
    outer loop
      vertex 1.26285 3.0488 3.1
      vertex 0.865247 2.66296 1.5
      vertex 1.01976 3.13849 3.1
    endloop
  endfacet
  facet normal -0.330406 -0.895538 -0.298066
    outer loop
      vertex -0.865247 -2.66296 1.5
      vertex -1.26285 -3.0488 3.1
      vertex -1.07151 -2.58686 1.5
    endloop
  endfacet
  facet normal 0.94793 -0.11219 -0.298063
    outer loop
      vertex 3.25937 -0.516233 3.1
      vertex 2.76553 -0.438016 1.5
      vertex 2.79137 -0.219685 1.5
    endloop
  endfacet
  facet normal 0.936205 -0.186219 -0.298063
    outer loop
      vertex 3.20882 -0.77037 3.1
      vertex 2.76553 -0.438016 1.5
      vertex 3.25937 -0.516233 3.1
    endloop
  endfacet
  facet normal 0.895535 -0.330415 -0.298067
    outer loop
      vertex 3.0488 -1.26285 3.1
      vertex 2.66296 -0.865247 1.5
      vertex 3.13849 -1.01976 3.1
    endloop
  endfacet
  facet normal 0.95381 -0.037469 -0.298066
    outer loop
      vertex 3.3 0 3.1
      vertex 2.79137 -0.219685 1.5
      vertex 2.8 0 1.5
    endloop
  endfacet
  facet normal 0.895535 0.330415 -0.298067
    outer loop
      vertex 3.13849 1.01976 3.1
      vertex 2.66296 0.865247 1.5
      vertex 3.0488 1.26285 3.1
    endloop
  endfacet
  facet normal -0.530311 0.79368 -0.298065
    outer loop
      vertex -1.6458 2.26525 1.5
      vertex -1.93969 2.66976 3.1
      vertex -1.72425 2.81371 3.1
    endloop
  endfacet
  facet normal 0.947927 -0.112211 -0.298066
    outer loop
      vertex 3.25937 -0.516233 3.1
      vertex 2.79137 -0.219685 1.5
      vertex 3.28983 -0.258915 3.1
    endloop
  endfacet
  facet normal 0.936205 0.186219 -0.298063
    outer loop
      vertex 3.25937 0.516233 3.1
      vertex 2.76553 0.438016 1.5
      vertex 3.20882 0.77037 3.1
    endloop
  endfacet
  facet normal 0.947927 0.112211 -0.298066
    outer loop
      vertex 3.28983 0.258915 3.1
      vertex 2.79137 0.219685 1.5
      vertex 3.25937 0.516233 3.1
    endloop
  endfacet
  facet normal -0.259084 -0.918712 -0.298067
    outer loop
      vertex -0.77037 -3.20882 3.1
      vertex -1.01976 -3.13849 3.1
      vertex -0.865247 -2.66296 1.5
    endloop
  endfacet
  facet normal 0.86687 -0.399618 -0.298065
    outer loop
      vertex 2.94032 -1.49817 3.1
      vertex 2.58686 -1.07151 1.5
      vertex 3.0488 -1.26285 3.1
    endloop
  endfacet
  facet normal 0.79368 -0.530311 -0.298065
    outer loop
      vertex 2.66976 -1.93969 3.1
      vertex 2.26525 -1.6458 1.5
      vertex 2.81371 -1.72425 3.1
    endloop
  endfacet
  facet normal -0.647958 -0.700933 -0.298066
    outer loop
      vertex -2.14318 -2.50934 3.1
      vertex -2.33345 -2.33345 3.1
      vertex -1.81845 -2.12914 1.5
    endloop
  endfacet
  facet normal 0.037465 0.95381 -0.298066
    outer loop
      vertex 0.219685 2.79137 1.5
      vertex 0 3.3 3.1
      vertex 0.258915 3.28983 3.1
    endloop
  endfacet
  facet normal -0.94793 0.11219 -0.298063
    outer loop
      vertex -2.79137 0.219685 1.5
      vertex -3.25937 0.516233 3.1
      vertex -2.76553 0.438016 1.5
    endloop
  endfacet
  facet normal -0.832837 -0.466411 -0.298065
    outer loop
      vertex -2.38739 -1.463 1.5
      vertex -2.94032 -1.49817 3.1
      vertex -2.49482 -1.27117 1.5
    endloop
  endfacet
  facet normal 0.95381 -0.037465 -0.298066
    outer loop
      vertex 3.28983 -0.258915 3.1
      vertex 2.79137 -0.219685 1.5
      vertex 3.3 0 3.1
    endloop
  endfacet
  facet normal 0.466409 -0.832838 -0.298066
    outer loop
      vertex 1.49817 -2.94032 3.1
      vertex 1.463 -2.38739 1.5
      vertex 1.72425 -2.81371 3.1
    endloop
  endfacet
  facet normal -0.86687 -0.399618 -0.298065
    outer loop
      vertex -2.94032 -1.49817 3.1
      vertex -3.0488 -1.26285 3.1
      vertex -2.58686 -1.07151 1.5
    endloop
  endfacet
  facet normal -0.259112 0.918705 -0.298063
    outer loop
      vertex -0.653646 2.72264 1.5
      vertex -0.865247 2.66296 1.5
      vertex -0.77037 3.20882 3.1
    endloop
  endfacet
  facet normal 0.530311 0.79368 -0.298065
    outer loop
      vertex 1.93969 2.66976 3.1
      vertex 1.6458 2.26525 1.5
      vertex 1.72425 2.81371 3.1
    endloop
  endfacet
  facet normal 0.918705 -0.259112 -0.298063
    outer loop
      vertex 3.20882 -0.77037 3.1
      vertex 2.66296 -0.865247 1.5
      vertex 2.72264 -0.653646 1.5
    endloop
  endfacet
  facet normal 0.936206 0.186217 -0.298063
    outer loop
      vertex 2.76553 0.438016 1.5
      vertex 2.72264 0.653646 1.5
      vertex 3.20882 0.77037 3.1
    endloop
  endfacet
  facet normal 0.749613 0.590963 -0.298066
    outer loop
      vertex 2.26525 1.6458 1.5
      vertex 2.12914 1.81845 1.5
      vertex 2.50934 2.14318 3.1
    endloop
  endfacet
  facet normal 0.037465 -0.95381 -0.298066
    outer loop
      vertex 0.258915 -3.28983 3.1
      vertex 0 -3.3 3.1
      vertex 0.219685 -2.79137 1.5
    endloop
  endfacet
  facet normal -0.399614 -0.866872 -0.298065
    outer loop
      vertex -1.07151 -2.58686 1.5
      vertex -1.49817 -2.94032 3.1
      vertex -1.27117 -2.49482 1.5
    endloop
  endfacet
  facet normal 0.895538 -0.330406 -0.298066
    outer loop
      vertex 3.0488 -1.26285 3.1
      vertex 2.58686 -1.07151 1.5
      vertex 2.66296 -0.865247 1.5
    endloop
  endfacet
  facet normal -0.037465 -0.95381 -0.298066
    outer loop
      vertex 0 -3.3 3.1
      vertex -0.258915 -3.28983 3.1
      vertex -0.219685 -2.79137 1.5
    endloop
  endfacet
  facet normal 0.112211 -0.947927 -0.298066
    outer loop
      vertex 0.258915 -3.28983 3.1
      vertex 0.219685 -2.79137 1.5
      vertex 0.516233 -3.25937 3.1
    endloop
  endfacet
  facet normal 0.590963 -0.749613 -0.298066
    outer loop
      vertex 2.14318 -2.50934 3.1
      vertex 1.6458 -2.26525 1.5
      vertex 1.81845 -2.12914 1.5
    endloop
  endfacet
  facet normal 0.647958 -0.700933 -0.298066
    outer loop
      vertex 2.14318 -2.50934 3.1
      vertex 1.81845 -2.12914 1.5
      vertex 2.33345 -2.33345 3.1
    endloop
  endfacet
  facet normal 0.259112 -0.918705 -0.298063
    outer loop
      vertex 0.77037 -3.20882 3.1
      vertex 0.653646 -2.72264 1.5
      vertex 0.865247 -2.66296 1.5
    endloop
  endfacet
  facet normal -0.647958 0.700933 -0.298066
    outer loop
      vertex -1.81845 2.12914 1.5
      vertex -2.33345 2.33345 3.1
      vertex -2.14318 2.50934 3.1
    endloop
  endfacet
  facet normal 0.749618 -0.590957 -0.298065
    outer loop
      vertex 2.50934 -2.14318 3.1
      vertex 2.26525 -1.6458 1.5
      vertex 2.66976 -1.93969 3.1
    endloop
  endfacet
  facet normal -0.832837 0.466411 -0.298065
    outer loop
      vertex -2.49482 1.27117 1.5
      vertex -2.94032 1.49817 3.1
      vertex -2.38739 1.463 1.5
    endloop
  endfacet
  facet normal -0.95381 0.037465 -0.298066
    outer loop
      vertex -2.79137 0.219685 1.5
      vertex -3.3 0 3.1
      vertex -3.28983 0.258915 3.1
    endloop
  endfacet
  facet normal -0.918705 -0.259112 -0.298063
    outer loop
      vertex -2.66296 -0.865247 1.5
      vertex -3.20882 -0.77037 3.1
      vertex -2.72264 -0.653646 1.5
    endloop
  endfacet
  facet normal -0.11219 0.94793 -0.298063
    outer loop
      vertex -0.438016 2.76553 1.5
      vertex -0.516233 3.25937 3.1
      vertex -0.219685 2.79137 1.5
    endloop
  endfacet
  facet normal -0.037469 -0.95381 -0.298066
    outer loop
      vertex 0 -3.3 3.1
      vertex -0.219685 -2.79137 1.5
      vertex 0 -2.8 1.5
    endloop
  endfacet
  facet normal 0.832837 0.466411 -0.298065
    outer loop
      vertex 2.49482 1.27117 1.5
      vertex 2.38739 1.463 1.5
      vertex 2.94032 1.49817 3.1
    endloop
  endfacet
  facet normal 0.530308 -0.793682 -0.298066
    outer loop
      vertex 1.72425 -2.81371 3.1
      vertex 1.463 -2.38739 1.5
      vertex 1.6458 -2.26525 1.5
    endloop
  endfacet
  facet normal -0.936205 0.186219 -0.298063
    outer loop
      vertex -2.76553 0.438016 1.5
      vertex -3.25937 0.516233 3.1
      vertex -3.20882 0.77037 3.1
    endloop
  endfacet
  facet normal 0.590957 0.749618 -0.298065
    outer loop
      vertex 2.14318 2.50934 3.1
      vertex 1.6458 2.26525 1.5
      vertex 1.93969 2.66976 3.1
    endloop
  endfacet
  facet normal 0.112211 0.947927 -0.298066
    outer loop
      vertex 0.516233 3.25937 3.1
      vertex 0.219685 2.79137 1.5
      vertex 0.258915 3.28983 3.1
    endloop
  endfacet
  facet normal 0.11219 0.94793 -0.298063
    outer loop
      vertex 0.438016 2.76553 1.5
      vertex 0.219685 2.79137 1.5
      vertex 0.516233 3.25937 3.1
    endloop
  endfacet
  facet normal -0.466411 0.832837 -0.298065
    outer loop
      vertex -1.463 2.38739 1.5
      vertex -1.49817 2.94032 3.1
      vertex -1.27117 2.49482 1.5
    endloop
  endfacet
  facet normal -0.918712 0.259084 -0.298067
    outer loop
      vertex -2.66296 0.865247 1.5
      vertex -3.20882 0.77037 3.1
      vertex -3.13849 1.01976 3.1
    endloop
  endfacet
  facet normal -0.832838 0.466409 -0.298066
    outer loop
      vertex -2.38739 1.463 1.5
      vertex -2.94032 1.49817 3.1
      vertex -2.81371 1.72425 3.1
    endloop
  endfacet
  facet normal -0.037465 0.95381 -0.298066
    outer loop
      vertex -0.219685 2.79137 1.5
      vertex -0.258915 3.28983 3.1
      vertex 0 3.3 3.1
    endloop
  endfacet
  facet normal -0.037469 0.95381 -0.298066
    outer loop
      vertex 0 2.8 1.5
      vertex -0.219685 2.79137 1.5
      vertex 0 3.3 3.1
    endloop
  endfacet
  facet normal -0.700951 0.64794 -0.298063
    outer loop
      vertex -2.12914 1.81845 1.5
      vertex -2.33345 2.33345 3.1
      vertex -1.9799 1.9799 1.5
    endloop
  endfacet
  facet normal -0.749618 0.590957 -0.298065
    outer loop
      vertex -2.26525 1.6458 1.5
      vertex -2.66976 1.93969 3.1
      vertex -2.50934 2.14318 3.1
    endloop
  endfacet
  facet normal -0.330415 -0.895535 -0.298067
    outer loop
      vertex -1.01976 -3.13849 3.1
      vertex -1.26285 -3.0488 3.1
      vertex -0.865247 -2.66296 1.5
    endloop
  endfacet
  facet normal 0.037469 0.95381 -0.298066
    outer loop
      vertex 0.219685 2.79137 1.5
      vertex 0 2.8 1.5
      vertex 0 3.3 3.1
    endloop
  endfacet
  facet normal -0.832838 -0.466409 -0.298066
    outer loop
      vertex -2.81371 -1.72425 3.1
      vertex -2.94032 -1.49817 3.1
      vertex -2.38739 -1.463 1.5
    endloop
  endfacet
  facet normal -0.866872 0.399614 -0.298065
    outer loop
      vertex -2.58686 1.07151 1.5
      vertex -2.94032 1.49817 3.1
      vertex -2.49482 1.27117 1.5
    endloop
  endfacet
  facet normal 0.832837 -0.466411 -0.298065
    outer loop
      vertex 2.94032 -1.49817 3.1
      vertex 2.38739 -1.463 1.5
      vertex 2.49482 -1.27117 1.5
    endloop
  endfacet
  facet normal 0.79368 0.530311 -0.298065
    outer loop
      vertex 2.81371 1.72425 3.1
      vertex 2.26525 1.6458 1.5
      vertex 2.66976 1.93969 3.1
    endloop
  endfacet
  facet normal 0.793682 0.530308 -0.298066
    outer loop
      vertex 2.38739 1.463 1.5
      vertex 2.26525 1.6458 1.5
      vertex 2.81371 1.72425 3.1
    endloop
  endfacet
  facet normal -0.95381 -0.037465 -0.298066
    outer loop
      vertex -3.28983 -0.258915 3.1
      vertex -3.3 0 3.1
      vertex -2.79137 -0.219685 1.5
    endloop
  endfacet
  facet normal -0.112211 0.947927 -0.298066
    outer loop
      vertex -0.219685 2.79137 1.5
      vertex -0.516233 3.25937 3.1
      vertex -0.258915 3.28983 3.1
    endloop
  endfacet
  facet normal 0.832838 -0.466409 -0.298066
    outer loop
      vertex 2.81371 -1.72425 3.1
      vertex 2.38739 -1.463 1.5
      vertex 2.94032 -1.49817 3.1
    endloop
  endfacet
  facet normal -0.918712 -0.259084 -0.298067
    outer loop
      vertex -3.13849 -1.01976 3.1
      vertex -3.20882 -0.77037 3.1
      vertex -2.66296 -0.865247 1.5
    endloop
  endfacet
  facet normal -0.936206 0.186217 -0.298063
    outer loop
      vertex -2.76553 0.438016 1.5
      vertex -3.20882 0.77037 3.1
      vertex -2.72264 0.653646 1.5
    endloop
  endfacet
  facet normal 0.330406 -0.895538 -0.298066
    outer loop
      vertex 1.26285 -3.0488 3.1
      vertex 0.865247 -2.66296 1.5
      vertex 1.07151 -2.58686 1.5
    endloop
  endfacet
  facet normal 0.11219 -0.94793 -0.298063
    outer loop
      vertex 0.516233 -3.25937 3.1
      vertex 0.219685 -2.79137 1.5
      vertex 0.438016 -2.76553 1.5
    endloop
  endfacet
  facet normal 0.793682 -0.530308 -0.298066
    outer loop
      vertex 2.81371 -1.72425 3.1
      vertex 2.26525 -1.6458 1.5
      vertex 2.38739 -1.463 1.5
    endloop
  endfacet
  facet normal 0.399618 -0.86687 -0.298065
    outer loop
      vertex 1.26285 -3.0488 3.1
      vertex 1.07151 -2.58686 1.5
      vertex 1.49817 -2.94032 3.1
    endloop
  endfacet
  facet normal -0.79368 0.530311 -0.298065
    outer loop
      vertex -2.26525 1.6458 1.5
      vertex -2.81371 1.72425 3.1
      vertex -2.66976 1.93969 3.1
    endloop
  endfacet
  facet normal 0.700951 -0.64794 -0.298063
    outer loop
      vertex 2.33345 -2.33345 3.1
      vertex 1.9799 -1.9799 1.5
      vertex 2.12914 -1.81845 1.5
    endloop
  endfacet
  facet normal -0.466411 -0.832837 -0.298065
    outer loop
      vertex -1.27117 -2.49482 1.5
      vertex -1.49817 -2.94032 3.1
      vertex -1.463 -2.38739 1.5
    endloop
  endfacet
  facet normal -0.466409 -0.832838 -0.298066
    outer loop
      vertex -1.49817 -2.94032 3.1
      vertex -1.72425 -2.81371 3.1
      vertex -1.463 -2.38739 1.5
    endloop
  endfacet
  facet normal 0.259084 -0.918712 -0.298067
    outer loop
      vertex 1.01976 -3.13849 3.1
      vertex 0.77037 -3.20882 3.1
      vertex 0.865247 -2.66296 1.5
    endloop
  endfacet
  facet normal 0.330415 -0.895535 -0.298067
    outer loop
      vertex 1.01976 -3.13849 3.1
      vertex 0.865247 -2.66296 1.5
      vertex 1.26285 -3.0488 3.1
    endloop
  endfacet
  facet normal 0.895538 0.330406 -0.298066
    outer loop
      vertex 2.66296 0.865247 1.5
      vertex 2.58686 1.07151 1.5
      vertex 3.0488 1.26285 3.1
    endloop
  endfacet
  facet normal -0.79368 -0.530311 -0.298065
    outer loop
      vertex -2.66976 -1.93969 3.1
      vertex -2.81371 -1.72425 3.1
      vertex -2.26525 -1.6458 1.5
    endloop
  endfacet
  facet normal 0.700933 -0.647958 -0.298066
    outer loop
      vertex 2.33345 -2.33345 3.1
      vertex 2.12914 -1.81845 1.5
      vertex 2.50934 -2.14318 3.1
    endloop
  endfacet
  facet normal 0.86687 0.399618 -0.298065
    outer loop
      vertex 3.0488 1.26285 3.1
      vertex 2.58686 1.07151 1.5
      vertex 2.94032 1.49817 3.1
    endloop
  endfacet
  facet normal -0.895538 -0.330406 -0.298066
    outer loop
      vertex -2.58686 -1.07151 1.5
      vertex -3.0488 -1.26285 3.1
      vertex -2.66296 -0.865247 1.5
    endloop
  endfacet
  facet normal -0.590963 -0.749613 -0.298066
    outer loop
      vertex -1.6458 -2.26525 1.5
      vertex -2.14318 -2.50934 3.1
      vertex -1.81845 -2.12914 1.5
    endloop
  endfacet
  facet normal 0.466409 0.832838 -0.298066
    outer loop
      vertex 1.72425 2.81371 3.1
      vertex 1.463 2.38739 1.5
      vertex 1.49817 2.94032 3.1
    endloop
  endfacet
  facet normal -0.590957 0.749618 -0.298065
    outer loop
      vertex -1.6458 2.26525 1.5
      vertex -2.14318 2.50934 3.1
      vertex -1.93969 2.66976 3.1
    endloop
  endfacet
  facet normal 0.399614 0.866872 -0.298065
    outer loop
      vertex 1.27117 2.49482 1.5
      vertex 1.07151 2.58686 1.5
      vertex 1.49817 2.94032 3.1
    endloop
  endfacet
  facet normal 0.866872 -0.399614 -0.298065
    outer loop
      vertex 2.94032 -1.49817 3.1
      vertex 2.49482 -1.27117 1.5
      vertex 2.58686 -1.07151 1.5
    endloop
  endfacet
  facet normal -0.399614 0.866872 -0.298065
    outer loop
      vertex -1.27117 2.49482 1.5
      vertex -1.49817 2.94032 3.1
      vertex -1.07151 2.58686 1.5
    endloop
  endfacet
  facet normal -0.259112 -0.918705 -0.298063
    outer loop
      vertex -0.77037 -3.20882 3.1
      vertex -0.865247 -2.66296 1.5
      vertex -0.653646 -2.72264 1.5
    endloop
  endfacet
  facet normal -0.793682 -0.530308 -0.298066
    outer loop
      vertex -2.26525 -1.6458 1.5
      vertex -2.81371 -1.72425 3.1
      vertex -2.38739 -1.463 1.5
    endloop
  endfacet
  facet normal -0.466409 0.832838 -0.298066
    outer loop
      vertex -1.463 2.38739 1.5
      vertex -1.72425 2.81371 3.1
      vertex -1.49817 2.94032 3.1
    endloop
  endfacet
  facet normal -0.936205 -0.186219 -0.298063
    outer loop
      vertex -3.20882 -0.77037 3.1
      vertex -3.25937 -0.516233 3.1
      vertex -2.76553 -0.438016 1.5
    endloop
  endfacet
  facet normal -0.590963 0.749613 -0.298066
    outer loop
      vertex -1.81845 2.12914 1.5
      vertex -2.14318 2.50934 3.1
      vertex -1.6458 2.26525 1.5
    endloop
  endfacet
  facet normal -0.947927 -0.112211 -0.298066
    outer loop
      vertex -3.25937 -0.516233 3.1
      vertex -3.28983 -0.258915 3.1
      vertex -2.79137 -0.219685 1.5
    endloop
  endfacet
  facet normal 0.186219 -0.936205 -0.298063
    outer loop
      vertex 0.516233 -3.25937 3.1
      vertex 0.438016 -2.76553 1.5
      vertex 0.77037 -3.20882 3.1
    endloop
  endfacet
  facet normal 0.590957 -0.749618 -0.298065
    outer loop
      vertex 1.93969 -2.66976 3.1
      vertex 1.6458 -2.26525 1.5
      vertex 2.14318 -2.50934 3.1
    endloop
  endfacet
  facet normal -0.11219 -0.94793 -0.298063
    outer loop
      vertex -0.219685 -2.79137 1.5
      vertex -0.516233 -3.25937 3.1
      vertex -0.438016 -2.76553 1.5
    endloop
  endfacet
  facet normal 0.186217 -0.936206 -0.298063
    outer loop
      vertex 0.77037 -3.20882 3.1
      vertex 0.438016 -2.76553 1.5
      vertex 0.653646 -2.72264 1.5
    endloop
  endfacet
  facet normal -0.112211 -0.947927 -0.298066
    outer loop
      vertex -0.258915 -3.28983 3.1
      vertex -0.516233 -3.25937 3.1
      vertex -0.219685 -2.79137 1.5
    endloop
  endfacet
  facet normal -0.936206 -0.186217 -0.298063
    outer loop
      vertex -2.72264 -0.653646 1.5
      vertex -3.20882 -0.77037 3.1
      vertex -2.76553 -0.438016 1.5
    endloop
  endfacet
  facet normal 0.590963 0.749613 -0.298066
    outer loop
      vertex 1.81845 2.12914 1.5
      vertex 1.6458 2.26525 1.5
      vertex 2.14318 2.50934 3.1
    endloop
  endfacet
  facet normal -0.186217 0.936206 -0.298063
    outer loop
      vertex -0.653646 2.72264 1.5
      vertex -0.77037 3.20882 3.1
      vertex -0.438016 2.76553 1.5
    endloop
  endfacet
  facet normal -0.866872 -0.399614 -0.298065
    outer loop
      vertex -2.49482 -1.27117 1.5
      vertex -2.94032 -1.49817 3.1
      vertex -2.58686 -1.07151 1.5
    endloop
  endfacet
  facet normal -0.94793 -0.11219 -0.298063
    outer loop
      vertex -2.76553 -0.438016 1.5
      vertex -3.25937 -0.516233 3.1
      vertex -2.79137 -0.219685 1.5
    endloop
  endfacet
  facet normal -0.700933 -0.647958 -0.298066
    outer loop
      vertex -2.33345 -2.33345 3.1
      vertex -2.50934 -2.14318 3.1
      vertex -2.12914 -1.81845 1.5
    endloop
  endfacet
  facet normal -0.530311 -0.79368 -0.298065
    outer loop
      vertex -1.72425 -2.81371 3.1
      vertex -1.93969 -2.66976 3.1
      vertex -1.6458 -2.26525 1.5
    endloop
  endfacet
  facet normal -0.590957 -0.749618 -0.298065
    outer loop
      vertex -1.93969 -2.66976 3.1
      vertex -2.14318 -2.50934 3.1
      vertex -1.6458 -2.26525 1.5
    endloop
  endfacet
  facet normal -0.749613 0.590963 -0.298066
    outer loop
      vertex -2.26525 1.6458 1.5
      vertex -2.50934 2.14318 3.1
      vertex -2.12914 1.81845 1.5
    endloop
  endfacet
  facet normal -0.895535 -0.330415 0.298067
    outer loop
      vertex -2.66296 -0.865247 4.7
      vertex -3.13849 -1.01976 3.1
      vertex -3.0488 -1.26285 3.1
    endloop
  endfacet
  facet normal 0.95381 0.037469 0.298066
    outer loop
      vertex 3.3 0 3.1
      vertex 2.79137 0.219685 4.7
      vertex 2.8 0 4.7
    endloop
  endfacet
  facet normal 0.95381 0.037465 0.298066
    outer loop
      vertex 3.28983 0.258915 3.1
      vertex 2.79137 0.219685 4.7
      vertex 3.3 0 3.1
    endloop
  endfacet
  facet normal 0.037469 -0.95381 0.298066
    outer loop
      vertex 0 -2.8 4.7
      vertex 0 -3.3 3.1
      vertex 0.219685 -2.79137 4.7
    endloop
  endfacet
  facet normal -0.95381 -0.037465 0.298066
    outer loop
      vertex -2.79137 -0.219685 4.7
      vertex -3.3 0 3.1
      vertex -3.28983 -0.258915 3.1
    endloop
  endfacet
  facet normal -0.95381 0.037469 0.298066
    outer loop
      vertex -2.79137 0.219685 4.7
      vertex -3.3 0 3.1
      vertex -2.8 0 4.7
    endloop
  endfacet
  facet normal 0.399618 0.86687 0.298065
    outer loop
      vertex 1.26285 3.0488 3.1
      vertex 1.07151 2.58686 4.7
      vertex 1.49817 2.94032 3.1
    endloop
  endfacet
  facet normal -0.330415 -0.895535 0.298067
    outer loop
      vertex -0.865247 -2.66296 4.7
      vertex -1.26285 -3.0488 3.1
      vertex -1.01976 -3.13849 3.1
    endloop
  endfacet
  facet normal -0.590963 0.749613 0.298066
    outer loop
      vertex -1.6458 2.26525 4.7
      vertex -2.14318 2.50934 3.1
      vertex -1.81845 2.12914 4.7
    endloop
  endfacet
  facet normal -0.832838 -0.466409 0.298066
    outer loop
      vertex -2.38739 -1.463 4.7
      vertex -2.94032 -1.49817 3.1
      vertex -2.81371 -1.72425 3.1
    endloop
  endfacet
  facet normal 0.918705 -0.259112 0.298063
    outer loop
      vertex 2.72264 -0.653646 4.7
      vertex 2.66296 -0.865247 4.7
      vertex 3.20882 -0.77037 3.1
    endloop
  endfacet
  facet normal 0.700933 -0.647958 0.298066
    outer loop
      vertex 2.50934 -2.14318 3.1
      vertex 2.12914 -1.81845 4.7
      vertex 2.33345 -2.33345 3.1
    endloop
  endfacet
  facet normal 0.330406 0.895538 0.298066
    outer loop
      vertex 1.26285 3.0488 3.1
      vertex 0.865247 2.66296 4.7
      vertex 1.07151 2.58686 4.7
    endloop
  endfacet
  facet normal -0.037465 0.95381 0.298066
    outer loop
      vertex 0 3.3 3.1
      vertex -0.258915 3.28983 3.1
      vertex -0.219685 2.79137 4.7
    endloop
  endfacet
  facet normal -0.259112 0.918705 0.298063
    outer loop
      vertex -0.77037 3.20882 3.1
      vertex -0.865247 2.66296 4.7
      vertex -0.653646 2.72264 4.7
    endloop
  endfacet
  facet normal 0.86687 -0.399618 0.298065
    outer loop
      vertex 3.0488 -1.26285 3.1
      vertex 2.58686 -1.07151 4.7
      vertex 2.94032 -1.49817 3.1
    endloop
  endfacet
  facet normal -0.186217 -0.936206 0.298063
    outer loop
      vertex -0.653646 -2.72264 4.7
      vertex -0.77037 -3.20882 3.1
      vertex -0.438016 -2.76553 4.7
    endloop
  endfacet
  facet normal 0.918712 0.259084 0.298067
    outer loop
      vertex 3.13849 1.01976 3.1
      vertex 2.66296 0.865247 4.7
      vertex 3.20882 0.77037 3.1
    endloop
  endfacet
  facet normal 0.590963 -0.749613 0.298066
    outer loop
      vertex 1.81845 -2.12914 4.7
      vertex 1.6458 -2.26525 4.7
      vertex 2.14318 -2.50934 3.1
    endloop
  endfacet
  facet normal -0.793682 0.530308 0.298066
    outer loop
      vertex -2.26525 1.6458 4.7
      vertex -2.81371 1.72425 3.1
      vertex -2.38739 1.463 4.7
    endloop
  endfacet
  facet normal -0.590957 -0.749618 0.298065
    outer loop
      vertex -1.6458 -2.26525 4.7
      vertex -2.14318 -2.50934 3.1
      vertex -1.93969 -2.66976 3.1
    endloop
  endfacet
  facet normal 0.86687 0.399618 0.298065
    outer loop
      vertex 2.94032 1.49817 3.1
      vertex 2.58686 1.07151 4.7
      vertex 3.0488 1.26285 3.1
    endloop
  endfacet
  facet normal 0.330406 -0.895538 0.298066
    outer loop
      vertex 1.07151 -2.58686 4.7
      vertex 0.865247 -2.66296 4.7
      vertex 1.26285 -3.0488 3.1
    endloop
  endfacet
  facet normal 0.112211 -0.947927 0.298066
    outer loop
      vertex 0.516233 -3.25937 3.1
      vertex 0.219685 -2.79137 4.7
      vertex 0.258915 -3.28983 3.1
    endloop
  endfacet
  facet normal 0.79368 0.530311 0.298065
    outer loop
      vertex 2.66976 1.93969 3.1
      vertex 2.26525 1.6458 4.7
      vertex 2.81371 1.72425 3.1
    endloop
  endfacet
  facet normal 0.64794 0.700951 0.298063
    outer loop
      vertex 2.33345 2.33345 3.1
      vertex 1.81845 2.12914 4.7
      vertex 1.9799 1.9799 4.7
    endloop
  endfacet
  facet normal -0.86687 -0.399618 0.298065
    outer loop
      vertex -2.58686 -1.07151 4.7
      vertex -3.0488 -1.26285 3.1
      vertex -2.94032 -1.49817 3.1
    endloop
  endfacet
  facet normal -0.399614 -0.866872 0.298065
    outer loop
      vertex -1.27117 -2.49482 4.7
      vertex -1.49817 -2.94032 3.1
      vertex -1.07151 -2.58686 4.7
    endloop
  endfacet
  facet normal -0.186219 -0.936205 0.298063
    outer loop
      vertex -0.438016 -2.76553 4.7
      vertex -0.77037 -3.20882 3.1
      vertex -0.516233 -3.25937 3.1
    endloop
  endfacet
  facet normal -0.936206 -0.186217 0.298063
    outer loop
      vertex -2.76553 -0.438016 4.7
      vertex -3.20882 -0.77037 3.1
      vertex -2.72264 -0.653646 4.7
    endloop
  endfacet
  facet normal 0.918712 -0.259084 0.298067
    outer loop
      vertex 3.20882 -0.77037 3.1
      vertex 2.66296 -0.865247 4.7
      vertex 3.13849 -1.01976 3.1
    endloop
  endfacet
  facet normal -0.466409 -0.832838 0.298066
    outer loop
      vertex -1.463 -2.38739 4.7
      vertex -1.72425 -2.81371 3.1
      vertex -1.49817 -2.94032 3.1
    endloop
  endfacet
  facet normal 0.936205 -0.186219 0.298063
    outer loop
      vertex 3.25937 -0.516233 3.1
      vertex 2.76553 -0.438016 4.7
      vertex 3.20882 -0.77037 3.1
    endloop
  endfacet
  facet normal -0.936205 -0.186219 0.298063
    outer loop
      vertex -2.76553 -0.438016 4.7
      vertex -3.25937 -0.516233 3.1
      vertex -3.20882 -0.77037 3.1
    endloop
  endfacet
  facet normal -0.866872 -0.399614 0.298065
    outer loop
      vertex -2.58686 -1.07151 4.7
      vertex -2.94032 -1.49817 3.1
      vertex -2.49482 -1.27117 4.7
    endloop
  endfacet
  facet normal 0.466409 -0.832838 0.298066
    outer loop
      vertex 1.72425 -2.81371 3.1
      vertex 1.463 -2.38739 4.7
      vertex 1.49817 -2.94032 3.1
    endloop
  endfacet
  facet normal 0.936205 0.186219 0.298063
    outer loop
      vertex 3.20882 0.77037 3.1
      vertex 2.76553 0.438016 4.7
      vertex 3.25937 0.516233 3.1
    endloop
  endfacet
  facet normal 0.94793 0.11219 0.298063
    outer loop
      vertex 3.25937 0.516233 3.1
      vertex 2.76553 0.438016 4.7
      vertex 2.79137 0.219685 4.7
    endloop
  endfacet
  facet normal 0.947927 0.112211 0.298066
    outer loop
      vertex 3.25937 0.516233 3.1
      vertex 2.79137 0.219685 4.7
      vertex 3.28983 0.258915 3.1
    endloop
  endfacet
  facet normal 0.832837 0.466411 0.298065
    outer loop
      vertex 2.94032 1.49817 3.1
      vertex 2.38739 1.463 4.7
      vertex 2.49482 1.27117 4.7
    endloop
  endfacet
  facet normal -0.793682 -0.530308 0.298066
    outer loop
      vertex -2.38739 -1.463 4.7
      vertex -2.81371 -1.72425 3.1
      vertex -2.26525 -1.6458 4.7
    endloop
  endfacet
  facet normal 0.700951 0.64794 0.298063
    outer loop
      vertex 2.33345 2.33345 3.1
      vertex 1.9799 1.9799 4.7
      vertex 2.12914 1.81845 4.7
    endloop
  endfacet
  facet normal 0.590957 0.749618 0.298065
    outer loop
      vertex 1.93969 2.66976 3.1
      vertex 1.6458 2.26525 4.7
      vertex 2.14318 2.50934 3.1
    endloop
  endfacet
  facet normal -0.918712 -0.259084 0.298067
    outer loop
      vertex -2.66296 -0.865247 4.7
      vertex -3.20882 -0.77037 3.1
      vertex -3.13849 -1.01976 3.1
    endloop
  endfacet
  facet normal 0.832838 -0.466409 0.298066
    outer loop
      vertex 2.94032 -1.49817 3.1
      vertex 2.38739 -1.463 4.7
      vertex 2.81371 -1.72425 3.1
    endloop
  endfacet
  facet normal 0.259084 -0.918712 0.298067
    outer loop
      vertex 0.865247 -2.66296 4.7
      vertex 0.77037 -3.20882 3.1
      vertex 1.01976 -3.13849 3.1
    endloop
  endfacet
  facet normal 0.530311 -0.79368 0.298065
    outer loop
      vertex 1.93969 -2.66976 3.1
      vertex 1.6458 -2.26525 4.7
      vertex 1.72425 -2.81371 3.1
    endloop
  endfacet
  facet normal 0.11219 -0.94793 0.298063
    outer loop
      vertex 0.438016 -2.76553 4.7
      vertex 0.219685 -2.79137 4.7
      vertex 0.516233 -3.25937 3.1
    endloop
  endfacet
  facet normal -0.530311 -0.79368 0.298065
    outer loop
      vertex -1.6458 -2.26525 4.7
      vertex -1.93969 -2.66976 3.1
      vertex -1.72425 -2.81371 3.1
    endloop
  endfacet
  facet normal -0.749618 -0.590957 0.298065
    outer loop
      vertex -2.26525 -1.6458 4.7
      vertex -2.66976 -1.93969 3.1
      vertex -2.50934 -2.14318 3.1
    endloop
  endfacet
  facet normal 0.895535 -0.330415 0.298067
    outer loop
      vertex 3.13849 -1.01976 3.1
      vertex 2.66296 -0.865247 4.7
      vertex 3.0488 -1.26285 3.1
    endloop
  endfacet
  facet normal 0.399614 -0.866872 0.298065
    outer loop
      vertex 1.27117 -2.49482 4.7
      vertex 1.07151 -2.58686 4.7
      vertex 1.49817 -2.94032 3.1
    endloop
  endfacet
  facet normal 0.918705 0.259112 0.298063
    outer loop
      vertex 3.20882 0.77037 3.1
      vertex 2.66296 0.865247 4.7
      vertex 2.72264 0.653646 4.7
    endloop
  endfacet
  facet normal 0.186219 -0.936205 0.298063
    outer loop
      vertex 0.77037 -3.20882 3.1
      vertex 0.438016 -2.76553 4.7
      vertex 0.516233 -3.25937 3.1
    endloop
  endfacet
  facet normal -0.94793 0.11219 0.298063
    outer loop
      vertex -2.76553 0.438016 4.7
      vertex -3.25937 0.516233 3.1
      vertex -2.79137 0.219685 4.7
    endloop
  endfacet
  facet normal 0.259112 0.918705 0.298063
    outer loop
      vertex 0.77037 3.20882 3.1
      vertex 0.653646 2.72264 4.7
      vertex 0.865247 2.66296 4.7
    endloop
  endfacet
  facet normal -0.832837 -0.466411 0.298065
    outer loop
      vertex -2.49482 -1.27117 4.7
      vertex -2.94032 -1.49817 3.1
      vertex -2.38739 -1.463 4.7
    endloop
  endfacet
  facet normal 0.466409 0.832838 0.298066
    outer loop
      vertex 1.49817 2.94032 3.1
      vertex 1.463 2.38739 4.7
      vertex 1.72425 2.81371 3.1
    endloop
  endfacet
  facet normal 0.700951 -0.64794 0.298063
    outer loop
      vertex 2.12914 -1.81845 4.7
      vertex 1.9799 -1.9799 4.7
      vertex 2.33345 -2.33345 3.1
    endloop
  endfacet
  facet normal -0.918705 -0.259112 0.298063
    outer loop
      vertex -2.72264 -0.653646 4.7
      vertex -3.20882 -0.77037 3.1
      vertex -2.66296 -0.865247 4.7
    endloop
  endfacet
  facet normal -0.330415 0.895535 0.298067
    outer loop
      vertex -1.01976 3.13849 3.1
      vertex -1.26285 3.0488 3.1
      vertex -0.865247 2.66296 4.7
    endloop
  endfacet
  facet normal -0.259084 0.918712 0.298067
    outer loop
      vertex -0.77037 3.20882 3.1
      vertex -1.01976 3.13849 3.1
      vertex -0.865247 2.66296 4.7
    endloop
  endfacet
  facet normal -0.95381 0.037465 0.298066
    outer loop
      vertex -3.28983 0.258915 3.1
      vertex -3.3 0 3.1
      vertex -2.79137 0.219685 4.7
    endloop
  endfacet
  facet normal 0.186219 0.936205 0.298063
    outer loop
      vertex 0.516233 3.25937 3.1
      vertex 0.438016 2.76553 4.7
      vertex 0.77037 3.20882 3.1
    endloop
  endfacet
  facet normal 0.793682 0.530308 0.298066
    outer loop
      vertex 2.81371 1.72425 3.1
      vertex 2.26525 1.6458 4.7
      vertex 2.38739 1.463 4.7
    endloop
  endfacet
  facet normal -0.86687 0.399618 0.298065
    outer loop
      vertex -2.94032 1.49817 3.1
      vertex -3.0488 1.26285 3.1
      vertex -2.58686 1.07151 4.7
    endloop
  endfacet
  facet normal 0.866872 0.399614 0.298065
    outer loop
      vertex 2.94032 1.49817 3.1
      vertex 2.49482 1.27117 4.7
      vertex 2.58686 1.07151 4.7
    endloop
  endfacet
  facet normal 0.895535 0.330415 0.298067
    outer loop
      vertex 3.0488 1.26285 3.1
      vertex 2.66296 0.865247 4.7
      vertex 3.13849 1.01976 3.1
    endloop
  endfacet
  facet normal 0.95381 -0.037465 0.298066
    outer loop
      vertex 3.3 0 3.1
      vertex 2.79137 -0.219685 4.7
      vertex 3.28983 -0.258915 3.1
    endloop
  endfacet
  facet normal 0.95381 -0.037469 0.298066
    outer loop
      vertex 2.8 0 4.7
      vertex 2.79137 -0.219685 4.7
      vertex 3.3 0 3.1
    endloop
  endfacet
  facet normal 0.330415 -0.895535 0.298067
    outer loop
      vertex 1.26285 -3.0488 3.1
      vertex 0.865247 -2.66296 4.7
      vertex 1.01976 -3.13849 3.1
    endloop
  endfacet
  facet normal 0.895538 0.330406 0.298066
    outer loop
      vertex 3.0488 1.26285 3.1
      vertex 2.58686 1.07151 4.7
      vertex 2.66296 0.865247 4.7
    endloop
  endfacet
  facet normal 0.186217 -0.936206 0.298063
    outer loop
      vertex 0.653646 -2.72264 4.7
      vertex 0.438016 -2.76553 4.7
      vertex 0.77037 -3.20882 3.1
    endloop
  endfacet
  facet normal -0.94793 -0.11219 0.298063
    outer loop
      vertex -2.79137 -0.219685 4.7
      vertex -3.25937 -0.516233 3.1
      vertex -2.76553 -0.438016 4.7
    endloop
  endfacet
  facet normal -0.95381 -0.037469 0.298066
    outer loop
      vertex -2.8 0 4.7
      vertex -3.3 0 3.1
      vertex -2.79137 -0.219685 4.7
    endloop
  endfacet
  facet normal -0.112211 0.947927 0.298066
    outer loop
      vertex -0.258915 3.28983 3.1
      vertex -0.516233 3.25937 3.1
      vertex -0.219685 2.79137 4.7
    endloop
  endfacet
  facet normal 0.399614 0.866872 0.298065
    outer loop
      vertex 1.49817 2.94032 3.1
      vertex 1.07151 2.58686 4.7
      vertex 1.27117 2.49482 4.7
    endloop
  endfacet
  facet normal -0.79368 0.530311 0.298065
    outer loop
      vertex -2.66976 1.93969 3.1
      vertex -2.81371 1.72425 3.1
      vertex -2.26525 1.6458 4.7
    endloop
  endfacet
  facet normal -0.700933 0.647958 0.298066
    outer loop
      vertex -2.33345 2.33345 3.1
      vertex -2.50934 2.14318 3.1
      vertex -2.12914 1.81845 4.7
    endloop
  endfacet
  facet normal -0.330406 0.895538 0.298066
    outer loop
      vertex -0.865247 2.66296 4.7
      vertex -1.26285 3.0488 3.1
      vertex -1.07151 2.58686 4.7
    endloop
  endfacet
  facet normal 0.749618 -0.590957 0.298065
    outer loop
      vertex 2.66976 -1.93969 3.1
      vertex 2.26525 -1.6458 4.7
      vertex 2.50934 -2.14318 3.1
    endloop
  endfacet
  facet normal 0.700933 0.647958 0.298066
    outer loop
      vertex 2.33345 2.33345 3.1
      vertex 2.12914 1.81845 4.7
      vertex 2.50934 2.14318 3.1
    endloop
  endfacet
  facet normal -0.895538 -0.330406 0.298066
    outer loop
      vertex -2.66296 -0.865247 4.7
      vertex -3.0488 -1.26285 3.1
      vertex -2.58686 -1.07151 4.7
    endloop
  endfacet
  facet normal -0.918705 0.259112 0.298063
    outer loop
      vertex -2.66296 0.865247 4.7
      vertex -3.20882 0.77037 3.1
      vertex -2.72264 0.653646 4.7
    endloop
  endfacet
  facet normal 0.647958 0.700933 0.298066
    outer loop
      vertex 2.14318 2.50934 3.1
      vertex 1.81845 2.12914 4.7
      vertex 2.33345 2.33345 3.1
    endloop
  endfacet
  facet normal 0.037465 -0.95381 0.298066
    outer loop
      vertex 0.219685 -2.79137 4.7
      vertex 0 -3.3 3.1
      vertex 0.258915 -3.28983 3.1
    endloop
  endfacet
  facet normal -0.590963 -0.749613 0.298066
    outer loop
      vertex -1.81845 -2.12914 4.7
      vertex -2.14318 -2.50934 3.1
      vertex -1.6458 -2.26525 4.7
    endloop
  endfacet
  facet normal -0.749613 0.590963 0.298066
    outer loop
      vertex -2.12914 1.81845 4.7
      vertex -2.50934 2.14318 3.1
      vertex -2.26525 1.6458 4.7
    endloop
  endfacet
  facet normal 0.330415 0.895535 0.298067
    outer loop
      vertex 1.01976 3.13849 3.1
      vertex 0.865247 2.66296 4.7
      vertex 1.26285 3.0488 3.1
    endloop
  endfacet
  facet normal -0.936205 0.186219 0.298063
    outer loop
      vertex -3.20882 0.77037 3.1
      vertex -3.25937 0.516233 3.1
      vertex -2.76553 0.438016 4.7
    endloop
  endfacet
  facet normal 0.947927 -0.112211 0.298066
    outer loop
      vertex 3.28983 -0.258915 3.1
      vertex 2.79137 -0.219685 4.7
      vertex 3.25937 -0.516233 3.1
    endloop
  endfacet
  facet normal -0.947927 -0.112211 0.298066
    outer loop
      vertex -2.79137 -0.219685 4.7
      vertex -3.28983 -0.258915 3.1
      vertex -3.25937 -0.516233 3.1
    endloop
  endfacet
  facet normal -0.530311 0.79368 0.298065
    outer loop
      vertex -1.72425 2.81371 3.1
      vertex -1.93969 2.66976 3.1
      vertex -1.6458 2.26525 4.7
    endloop
  endfacet
  facet normal 0.11219 0.94793 0.298063
    outer loop
      vertex 0.516233 3.25937 3.1
      vertex 0.219685 2.79137 4.7
      vertex 0.438016 2.76553 4.7
    endloop
  endfacet
  facet normal -0.037465 -0.95381 0.298066
    outer loop
      vertex -0.219685 -2.79137 4.7
      vertex -0.258915 -3.28983 3.1
      vertex 0 -3.3 3.1
    endloop
  endfacet
  facet normal -0.037469 -0.95381 0.298066
    outer loop
      vertex 0 -2.8 4.7
      vertex -0.219685 -2.79137 4.7
      vertex 0 -3.3 3.1
    endloop
  endfacet
  facet normal -0.259084 -0.918712 0.298067
    outer loop
      vertex -0.865247 -2.66296 4.7
      vertex -1.01976 -3.13849 3.1
      vertex -0.77037 -3.20882 3.1
    endloop
  endfacet
  facet normal -0.330406 -0.895538 0.298066
    outer loop
      vertex -1.07151 -2.58686 4.7
      vertex -1.26285 -3.0488 3.1
      vertex -0.865247 -2.66296 4.7
    endloop
  endfacet
  facet normal 0.399618 -0.86687 0.298065
    outer loop
      vertex 1.49817 -2.94032 3.1
      vertex 1.07151 -2.58686 4.7
      vertex 1.26285 -3.0488 3.1
    endloop
  endfacet
  facet normal 0.749613 0.590963 0.298066
    outer loop
      vertex 2.50934 2.14318 3.1
      vertex 2.12914 1.81845 4.7
      vertex 2.26525 1.6458 4.7
    endloop
  endfacet
  facet normal 0.936206 -0.186217 0.298063
    outer loop
      vertex 2.76553 -0.438016 4.7
      vertex 2.72264 -0.653646 4.7
      vertex 3.20882 -0.77037 3.1
    endloop
  endfacet
  facet normal -0.832837 0.466411 0.298065
    outer loop
      vertex -2.38739 1.463 4.7
      vertex -2.94032 1.49817 3.1
      vertex -2.49482 1.27117 4.7
    endloop
  endfacet
  facet normal 0.832837 -0.466411 0.298065
    outer loop
      vertex 2.49482 -1.27117 4.7
      vertex 2.38739 -1.463 4.7
      vertex 2.94032 -1.49817 3.1
    endloop
  endfacet
  facet normal 0.936206 0.186217 0.298063
    outer loop
      vertex 3.20882 0.77037 3.1
      vertex 2.72264 0.653646 4.7
      vertex 2.76553 0.438016 4.7
    endloop
  endfacet
  facet normal -0.530308 0.793682 0.298066
    outer loop
      vertex -1.463 2.38739 4.7
      vertex -1.72425 2.81371 3.1
      vertex -1.6458 2.26525 4.7
    endloop
  endfacet
  facet normal -0.79368 -0.530311 0.298065
    outer loop
      vertex -2.26525 -1.6458 4.7
      vertex -2.81371 -1.72425 3.1
      vertex -2.66976 -1.93969 3.1
    endloop
  endfacet
  facet normal 0.259084 0.918712 0.298067
    outer loop
      vertex 1.01976 3.13849 3.1
      vertex 0.77037 3.20882 3.1
      vertex 0.865247 2.66296 4.7
    endloop
  endfacet
  facet normal -0.64794 -0.700951 0.298063
    outer loop
      vertex -1.9799 -1.9799 4.7
      vertex -2.33345 -2.33345 3.1
      vertex -1.81845 -2.12914 4.7
    endloop
  endfacet
  facet normal -0.466409 0.832838 0.298066
    outer loop
      vertex -1.49817 2.94032 3.1
      vertex -1.72425 2.81371 3.1
      vertex -1.463 2.38739 4.7
    endloop
  endfacet
  facet normal 0.466411 -0.832837 0.298065
    outer loop
      vertex 1.463 -2.38739 4.7
      vertex 1.27117 -2.49482 4.7
      vertex 1.49817 -2.94032 3.1
    endloop
  endfacet
  facet normal 0.793682 -0.530308 0.298066
    outer loop
      vertex 2.38739 -1.463 4.7
      vertex 2.26525 -1.6458 4.7
      vertex 2.81371 -1.72425 3.1
    endloop
  endfacet
  facet normal 0.79368 -0.530311 0.298065
    outer loop
      vertex 2.81371 -1.72425 3.1
      vertex 2.26525 -1.6458 4.7
      vertex 2.66976 -1.93969 3.1
    endloop
  endfacet
  facet normal -0.832838 0.466409 0.298066
    outer loop
      vertex -2.81371 1.72425 3.1
      vertex -2.94032 1.49817 3.1
      vertex -2.38739 1.463 4.7
    endloop
  endfacet
  facet normal -0.399618 0.86687 0.298065
    outer loop
      vertex -1.26285 3.0488 3.1
      vertex -1.49817 2.94032 3.1
      vertex -1.07151 2.58686 4.7
    endloop
  endfacet
  facet normal 0.832838 0.466409 0.298066
    outer loop
      vertex 2.81371 1.72425 3.1
      vertex 2.38739 1.463 4.7
      vertex 2.94032 1.49817 3.1
    endloop
  endfacet
  facet normal 0.259112 -0.918705 0.298063
    outer loop
      vertex 0.865247 -2.66296 4.7
      vertex 0.653646 -2.72264 4.7
      vertex 0.77037 -3.20882 3.1
    endloop
  endfacet
  facet normal -0.700951 0.64794 0.298063
    outer loop
      vertex -1.9799 1.9799 4.7
      vertex -2.33345 2.33345 3.1
      vertex -2.12914 1.81845 4.7
    endloop
  endfacet
  facet normal -0.466411 -0.832837 0.298065
    outer loop
      vertex -1.463 -2.38739 4.7
      vertex -1.49817 -2.94032 3.1
      vertex -1.27117 -2.49482 4.7
    endloop
  endfacet
  facet normal 0.64794 -0.700951 0.298063
    outer loop
      vertex 1.9799 -1.9799 4.7
      vertex 1.81845 -2.12914 4.7
      vertex 2.33345 -2.33345 3.1
    endloop
  endfacet
  facet normal 0.037469 0.95381 0.298066
    outer loop
      vertex 0 3.3 3.1
      vertex 0 2.8 4.7
      vertex 0.219685 2.79137 4.7
    endloop
  endfacet
  facet normal -0.037469 0.95381 0.298066
    outer loop
      vertex 0 3.3 3.1
      vertex -0.219685 2.79137 4.7
      vertex 0 2.8 4.7
    endloop
  endfacet
  facet normal -0.947927 0.112211 0.298066
    outer loop
      vertex -3.25937 0.516233 3.1
      vertex -3.28983 0.258915 3.1
      vertex -2.79137 0.219685 4.7
    endloop
  endfacet
  facet normal 0.530308 0.793682 0.298066
    outer loop
      vertex 1.72425 2.81371 3.1
      vertex 1.463 2.38739 4.7
      vertex 1.6458 2.26525 4.7
    endloop
  endfacet
  facet normal -0.11219 0.94793 0.298063
    outer loop
      vertex -0.219685 2.79137 4.7
      vertex -0.516233 3.25937 3.1
      vertex -0.438016 2.76553 4.7
    endloop
  endfacet
  facet normal 0.186217 0.936206 0.298063
    outer loop
      vertex 0.77037 3.20882 3.1
      vertex 0.438016 2.76553 4.7
      vertex 0.653646 2.72264 4.7
    endloop
  endfacet
  facet normal 0.112211 0.947927 0.298066
    outer loop
      vertex 0.258915 3.28983 3.1
      vertex 0.219685 2.79137 4.7
      vertex 0.516233 3.25937 3.1
    endloop
  endfacet
  facet normal -0.466411 0.832837 0.298065
    outer loop
      vertex -1.27117 2.49482 4.7
      vertex -1.49817 2.94032 3.1
      vertex -1.463 2.38739 4.7
    endloop
  endfacet
  facet normal 0.895538 -0.330406 0.298066
    outer loop
      vertex 2.66296 -0.865247 4.7
      vertex 2.58686 -1.07151 4.7
      vertex 3.0488 -1.26285 3.1
    endloop
  endfacet
  facet normal -0.399614 0.866872 0.298065
    outer loop
      vertex -1.07151 2.58686 4.7
      vertex -1.49817 2.94032 3.1
      vertex -1.27117 2.49482 4.7
    endloop
  endfacet
  facet normal -0.112211 -0.947927 0.298066
    outer loop
      vertex -0.219685 -2.79137 4.7
      vertex -0.516233 -3.25937 3.1
      vertex -0.258915 -3.28983 3.1
    endloop
  endfacet
  facet normal -0.895538 0.330406 0.298066
    outer loop
      vertex -2.58686 1.07151 4.7
      vertex -3.0488 1.26285 3.1
      vertex -2.66296 0.865247 4.7
    endloop
  endfacet
  facet normal -0.11219 -0.94793 0.298063
    outer loop
      vertex -0.438016 -2.76553 4.7
      vertex -0.516233 -3.25937 3.1
      vertex -0.219685 -2.79137 4.7
    endloop
  endfacet
  facet normal -0.530308 -0.793682 0.298066
    outer loop
      vertex -1.6458 -2.26525 4.7
      vertex -1.72425 -2.81371 3.1
      vertex -1.463 -2.38739 4.7
    endloop
  endfacet
  facet normal -0.895535 0.330415 0.298067
    outer loop
      vertex -3.0488 1.26285 3.1
      vertex -3.13849 1.01976 3.1
      vertex -2.66296 0.865247 4.7
    endloop
  endfacet
  facet normal -0.399618 -0.86687 0.298065
    outer loop
      vertex -1.07151 -2.58686 4.7
      vertex -1.49817 -2.94032 3.1
      vertex -1.26285 -3.0488 3.1
    endloop
  endfacet
  facet normal -0.259112 -0.918705 0.298063
    outer loop
      vertex -0.653646 -2.72264 4.7
      vertex -0.865247 -2.66296 4.7
      vertex -0.77037 -3.20882 3.1
    endloop
  endfacet
  facet normal -0.866872 0.399614 0.298065
    outer loop
      vertex -2.49482 1.27117 4.7
      vertex -2.94032 1.49817 3.1
      vertex -2.58686 1.07151 4.7
    endloop
  endfacet
  facet normal 0.749618 0.590957 0.298065
    outer loop
      vertex 2.50934 2.14318 3.1
      vertex 2.26525 1.6458 4.7
      vertex 2.66976 1.93969 3.1
    endloop
  endfacet
  facet normal -0.590957 0.749618 0.298065
    outer loop
      vertex -1.93969 2.66976 3.1
      vertex -2.14318 2.50934 3.1
      vertex -1.6458 2.26525 4.7
    endloop
  endfacet
  facet normal 0.037465 0.95381 0.298066
    outer loop
      vertex 0.258915 3.28983 3.1
      vertex 0 3.3 3.1
      vertex 0.219685 2.79137 4.7
    endloop
  endfacet
  facet normal -0.647958 -0.700933 0.298066
    outer loop
      vertex -1.81845 -2.12914 4.7
      vertex -2.33345 -2.33345 3.1
      vertex -2.14318 -2.50934 3.1
    endloop
  endfacet
  facet normal -0.186217 0.936206 0.298063
    outer loop
      vertex -0.438016 2.76553 4.7
      vertex -0.77037 3.20882 3.1
      vertex -0.653646 2.72264 4.7
    endloop
  endfacet
  facet normal 0.749613 -0.590963 0.298066
    outer loop
      vertex 2.26525 -1.6458 4.7
      vertex 2.12914 -1.81845 4.7
      vertex 2.50934 -2.14318 3.1
    endloop
  endfacet
  facet normal 0.94793 -0.11219 0.298063
    outer loop
      vertex 2.79137 -0.219685 4.7
      vertex 2.76553 -0.438016 4.7
      vertex 3.25937 -0.516233 3.1
    endloop
  endfacet
  facet normal 0.530311 0.79368 0.298065
    outer loop
      vertex 1.72425 2.81371 3.1
      vertex 1.6458 2.26525 4.7
      vertex 1.93969 2.66976 3.1
    endloop
  endfacet
  facet normal 0.590963 0.749613 0.298066
    outer loop
      vertex 2.14318 2.50934 3.1
      vertex 1.6458 2.26525 4.7
      vertex 1.81845 2.12914 4.7
    endloop
  endfacet
  facet normal -0.186219 0.936205 0.298063
    outer loop
      vertex -0.516233 3.25937 3.1
      vertex -0.77037 3.20882 3.1
      vertex -0.438016 2.76553 4.7
    endloop
  endfacet
  facet normal 0.466411 0.832837 0.298065
    outer loop
      vertex 1.49817 2.94032 3.1
      vertex 1.27117 2.49482 4.7
      vertex 1.463 2.38739 4.7
    endloop
  endfacet
  facet normal -0.749618 0.590957 0.298065
    outer loop
      vertex -2.50934 2.14318 3.1
      vertex -2.66976 1.93969 3.1
      vertex -2.26525 1.6458 4.7
    endloop
  endfacet
  facet normal 0.866872 -0.399614 0.298065
    outer loop
      vertex 2.58686 -1.07151 4.7
      vertex 2.49482 -1.27117 4.7
      vertex 2.94032 -1.49817 3.1
    endloop
  endfacet
  facet normal -0.647958 0.700933 0.298066
    outer loop
      vertex -2.14318 2.50934 3.1
      vertex -2.33345 2.33345 3.1
      vertex -1.81845 2.12914 4.7
    endloop
  endfacet
  facet normal -0.64794 0.700951 0.298063
    outer loop
      vertex -1.81845 2.12914 4.7
      vertex -2.33345 2.33345 3.1
      vertex -1.9799 1.9799 4.7
    endloop
  endfacet
  facet normal -0.918712 0.259084 0.298067
    outer loop
      vertex -3.13849 1.01976 3.1
      vertex -3.20882 0.77037 3.1
      vertex -2.66296 0.865247 4.7
    endloop
  endfacet
  facet normal -0.936206 0.186217 0.298063
    outer loop
      vertex -2.72264 0.653646 4.7
      vertex -3.20882 0.77037 3.1
      vertex -2.76553 0.438016 4.7
    endloop
  endfacet
  facet normal -0.700933 -0.647958 0.298066
    outer loop
      vertex -2.12914 -1.81845 4.7
      vertex -2.50934 -2.14318 3.1
      vertex -2.33345 -2.33345 3.1
    endloop
  endfacet
  facet normal -0.700951 -0.64794 0.298063
    outer loop
      vertex -2.12914 -1.81845 4.7
      vertex -2.33345 -2.33345 3.1
      vertex -1.9799 -1.9799 4.7
    endloop
  endfacet
  facet normal 0.590957 -0.749618 0.298065
    outer loop
      vertex 2.14318 -2.50934 3.1
      vertex 1.6458 -2.26525 4.7
      vertex 1.93969 -2.66976 3.1
    endloop
  endfacet
  facet normal 0.647958 -0.700933 0.298066
    outer loop
      vertex 2.33345 -2.33345 3.1
      vertex 1.81845 -2.12914 4.7
      vertex 2.14318 -2.50934 3.1
    endloop
  endfacet
  facet normal 0.530308 -0.793682 0.298066
    outer loop
      vertex 1.6458 -2.26525 4.7
      vertex 1.463 -2.38739 4.7
      vertex 1.72425 -2.81371 3.1
    endloop
  endfacet
  facet normal -0.749613 -0.590963 0.298066
    outer loop
      vertex -2.26525 -1.6458 4.7
      vertex -2.50934 -2.14318 3.1
      vertex -2.12914 -1.81845 4.7
    endloop
  endfacet
  facet normal 0.95381 0.037469 -0.298066
    outer loop
      vertex 2.8 0 4.7
      vertex 2.79137 0.219685 4.7
      vertex 3.3 0 6.3
    endloop
  endfacet
  facet normal -0.330406 -0.895538 -0.298066
    outer loop
      vertex -0.865247 -2.66296 4.7
      vertex -1.26285 -3.0488 6.3
      vertex -1.07151 -2.58686 4.7
    endloop
  endfacet
  facet normal 0.700933 0.647958 -0.298066
    outer loop
      vertex 2.50934 2.14318 6.3
      vertex 2.12914 1.81845 4.7
      vertex 2.33345 2.33345 6.3
    endloop
  endfacet
  facet normal 0.259112 0.918705 -0.298063
    outer loop
      vertex 0.865247 2.66296 4.7
      vertex 0.653646 2.72264 4.7
      vertex 0.77037 3.20882 6.3
    endloop
  endfacet
  facet normal 0.186219 0.936205 -0.298063
    outer loop
      vertex 0.77037 3.20882 6.3
      vertex 0.438016 2.76553 4.7
      vertex 0.516233 3.25937 6.3
    endloop
  endfacet
  facet normal -0.86687 -0.399618 -0.298065
    outer loop
      vertex -2.94032 -1.49817 6.3
      vertex -3.0488 -1.26285 6.3
      vertex -2.58686 -1.07151 4.7
    endloop
  endfacet
  facet normal -0.530308 0.793682 -0.298066
    outer loop
      vertex -1.6458 2.26525 4.7
      vertex -1.72425 2.81371 6.3
      vertex -1.463 2.38739 4.7
    endloop
  endfacet
  facet normal -0.037465 0.95381 -0.298066
    outer loop
      vertex -0.219685 2.79137 4.7
      vertex -0.258915 3.28983 6.3
      vertex 0 3.3 6.3
    endloop
  endfacet
  facet normal 0.330415 0.895535 -0.298067
    outer loop
      vertex 1.26285 3.0488 6.3
      vertex 0.865247 2.66296 4.7
      vertex 1.01976 3.13849 6.3
    endloop
  endfacet
  facet normal -0.86687 0.399618 -0.298065
    outer loop
      vertex -2.58686 1.07151 4.7
      vertex -3.0488 1.26285 6.3
      vertex -2.94032 1.49817 6.3
    endloop
  endfacet
  facet normal -0.186219 -0.936205 -0.298063
    outer loop
      vertex -0.516233 -3.25937 6.3
      vertex -0.77037 -3.20882 6.3
      vertex -0.438016 -2.76553 4.7
    endloop
  endfacet
  facet normal 0.918712 0.259084 -0.298067
    outer loop
      vertex 3.20882 0.77037 6.3
      vertex 2.66296 0.865247 4.7
      vertex 3.13849 1.01976 6.3
    endloop
  endfacet
  facet normal -0.95381 0.037465 -0.298066
    outer loop
      vertex -2.79137 0.219685 4.7
      vertex -3.3 0 6.3
      vertex -3.28983 0.258915 6.3
    endloop
  endfacet
  facet normal 0.936206 0.186217 -0.298063
    outer loop
      vertex 2.76553 0.438016 4.7
      vertex 2.72264 0.653646 4.7
      vertex 3.20882 0.77037 6.3
    endloop
  endfacet
  facet normal -0.95381 -0.037469 -0.298066
    outer loop
      vertex -2.79137 -0.219685 4.7
      vertex -3.3 0 6.3
      vertex -2.8 0 4.7
    endloop
  endfacet
  facet normal -0.530311 0.79368 -0.298065
    outer loop
      vertex -1.6458 2.26525 4.7
      vertex -1.93969 2.66976 6.3
      vertex -1.72425 2.81371 6.3
    endloop
  endfacet
  facet normal 0.330406 0.895538 -0.298066
    outer loop
      vertex 1.07151 2.58686 4.7
      vertex 0.865247 2.66296 4.7
      vertex 1.26285 3.0488 6.3
    endloop
  endfacet
  facet normal 0.700933 -0.647958 -0.298066
    outer loop
      vertex 2.33345 -2.33345 6.3
      vertex 2.12914 -1.81845 4.7
      vertex 2.50934 -2.14318 6.3
    endloop
  endfacet
  facet normal 0.112211 -0.947927 -0.298066
    outer loop
      vertex 0.258915 -3.28983 6.3
      vertex 0.219685 -2.79137 4.7
      vertex 0.516233 -3.25937 6.3
    endloop
  endfacet
  facet normal 0.330415 -0.895535 -0.298067
    outer loop
      vertex 1.01976 -3.13849 6.3
      vertex 0.865247 -2.66296 4.7
      vertex 1.26285 -3.0488 6.3
    endloop
  endfacet
  facet normal 0.399618 0.86687 -0.298065
    outer loop
      vertex 1.49817 2.94032 6.3
      vertex 1.07151 2.58686 4.7
      vertex 1.26285 3.0488 6.3
    endloop
  endfacet
  facet normal 0.86687 -0.399618 -0.298065
    outer loop
      vertex 2.94032 -1.49817 6.3
      vertex 2.58686 -1.07151 4.7
      vertex 3.0488 -1.26285 6.3
    endloop
  endfacet
  facet normal -0.918712 -0.259084 -0.298067
    outer loop
      vertex -3.13849 -1.01976 6.3
      vertex -3.20882 -0.77037 6.3
      vertex -2.66296 -0.865247 4.7
    endloop
  endfacet
  facet normal -0.259084 0.918712 -0.298067
    outer loop
      vertex -0.865247 2.66296 4.7
      vertex -1.01976 3.13849 6.3
      vertex -0.77037 3.20882 6.3
    endloop
  endfacet
  facet normal 0.530311 -0.79368 -0.298065
    outer loop
      vertex 1.72425 -2.81371 6.3
      vertex 1.6458 -2.26525 4.7
      vertex 1.93969 -2.66976 6.3
    endloop
  endfacet
  facet normal -0.749618 0.590957 -0.298065
    outer loop
      vertex -2.26525 1.6458 4.7
      vertex -2.66976 1.93969 6.3
      vertex -2.50934 2.14318 6.3
    endloop
  endfacet
  facet normal -0.895538 0.330406 -0.298066
    outer loop
      vertex -2.66296 0.865247 4.7
      vertex -3.0488 1.26285 6.3
      vertex -2.58686 1.07151 4.7
    endloop
  endfacet
  facet normal -0.466411 -0.832837 -0.298065
    outer loop
      vertex -1.27117 -2.49482 4.7
      vertex -1.49817 -2.94032 6.3
      vertex -1.463 -2.38739 4.7
    endloop
  endfacet
  facet normal 0.466411 -0.832837 -0.298065
    outer loop
      vertex 1.49817 -2.94032 6.3
      vertex 1.27117 -2.49482 4.7
      vertex 1.463 -2.38739 4.7
    endloop
  endfacet
  facet normal 0.259084 0.918712 -0.298067
    outer loop
      vertex 0.865247 2.66296 4.7
      vertex 0.77037 3.20882 6.3
      vertex 1.01976 3.13849 6.3
    endloop
  endfacet
  facet normal 0.037469 -0.95381 -0.298066
    outer loop
      vertex 0.219685 -2.79137 4.7
      vertex 0 -3.3 6.3
      vertex 0 -2.8 4.7
    endloop
  endfacet
  facet normal 0.749613 -0.590963 -0.298066
    outer loop
      vertex 2.50934 -2.14318 6.3
      vertex 2.12914 -1.81845 4.7
      vertex 2.26525 -1.6458 4.7
    endloop
  endfacet
  facet normal 0.79368 -0.530311 -0.298065
    outer loop
      vertex 2.66976 -1.93969 6.3
      vertex 2.26525 -1.6458 4.7
      vertex 2.81371 -1.72425 6.3
    endloop
  endfacet
  facet normal -0.112211 0.947927 -0.298066
    outer loop
      vertex -0.219685 2.79137 4.7
      vertex -0.516233 3.25937 6.3
      vertex -0.258915 3.28983 6.3
    endloop
  endfacet
  facet normal 0.530311 0.79368 -0.298065
    outer loop
      vertex 1.93969 2.66976 6.3
      vertex 1.6458 2.26525 4.7
      vertex 1.72425 2.81371 6.3
    endloop
  endfacet
  facet normal 0.832838 -0.466409 -0.298066
    outer loop
      vertex 2.81371 -1.72425 6.3
      vertex 2.38739 -1.463 4.7
      vertex 2.94032 -1.49817 6.3
    endloop
  endfacet
  facet normal -0.330415 0.895535 -0.298067
    outer loop
      vertex -0.865247 2.66296 4.7
      vertex -1.26285 3.0488 6.3
      vertex -1.01976 3.13849 6.3
    endloop
  endfacet
  facet normal 0.895538 -0.330406 -0.298066
    outer loop
      vertex 3.0488 -1.26285 6.3
      vertex 2.58686 -1.07151 4.7
      vertex 2.66296 -0.865247 4.7
    endloop
  endfacet
  facet normal 0.330406 -0.895538 -0.298066
    outer loop
      vertex 1.26285 -3.0488 6.3
      vertex 0.865247 -2.66296 4.7
      vertex 1.07151 -2.58686 4.7
    endloop
  endfacet
  facet normal 0.466409 0.832838 -0.298066
    outer loop
      vertex 1.72425 2.81371 6.3
      vertex 1.463 2.38739 4.7
      vertex 1.49817 2.94032 6.3
    endloop
  endfacet
  facet normal 0.866872 0.399614 -0.298065
    outer loop
      vertex 2.58686 1.07151 4.7
      vertex 2.49482 1.27117 4.7
      vertex 2.94032 1.49817 6.3
    endloop
  endfacet
  facet normal 0.936205 -0.186219 -0.298063
    outer loop
      vertex 3.20882 -0.77037 6.3
      vertex 2.76553 -0.438016 4.7
      vertex 3.25937 -0.516233 6.3
    endloop
  endfacet
  facet normal -0.918712 0.259084 -0.298067
    outer loop
      vertex -2.66296 0.865247 4.7
      vertex -3.20882 0.77037 6.3
      vertex -3.13849 1.01976 6.3
    endloop
  endfacet
  facet normal 0.918712 -0.259084 -0.298067
    outer loop
      vertex 3.13849 -1.01976 6.3
      vertex 2.66296 -0.865247 4.7
      vertex 3.20882 -0.77037 6.3
    endloop
  endfacet
  facet normal 0.95381 0.037465 -0.298066
    outer loop
      vertex 3.3 0 6.3
      vertex 2.79137 0.219685 4.7
      vertex 3.28983 0.258915 6.3
    endloop
  endfacet
  facet normal 0.95381 -0.037465 -0.298066
    outer loop
      vertex 3.28983 -0.258915 6.3
      vertex 2.79137 -0.219685 4.7
      vertex 3.3 0 6.3
    endloop
  endfacet
  facet normal -0.95381 0.037469 -0.298066
    outer loop
      vertex -2.8 0 4.7
      vertex -3.3 0 6.3
      vertex -2.79137 0.219685 4.7
    endloop
  endfacet
  facet normal -0.936206 0.186217 -0.298063
    outer loop
      vertex -2.76553 0.438016 4.7
      vertex -3.20882 0.77037 6.3
      vertex -2.72264 0.653646 4.7
    endloop
  endfacet
  facet normal -0.936205 0.186219 -0.298063
    outer loop
      vertex -2.76553 0.438016 4.7
      vertex -3.25937 0.516233 6.3
      vertex -3.20882 0.77037 6.3
    endloop
  endfacet
  facet normal 0.259084 -0.918712 -0.298067
    outer loop
      vertex 1.01976 -3.13849 6.3
      vertex 0.77037 -3.20882 6.3
      vertex 0.865247 -2.66296 4.7
    endloop
  endfacet
  facet normal 0.895535 0.330415 -0.298067
    outer loop
      vertex 3.13849 1.01976 6.3
      vertex 2.66296 0.865247 4.7
      vertex 3.0488 1.26285 6.3
    endloop
  endfacet
  facet normal -0.647958 -0.700933 -0.298066
    outer loop
      vertex -2.14318 -2.50934 6.3
      vertex -2.33345 -2.33345 6.3
      vertex -1.81845 -2.12914 4.7
    endloop
  endfacet
  facet normal 0.259112 -0.918705 -0.298063
    outer loop
      vertex 0.77037 -3.20882 6.3
      vertex 0.653646 -2.72264 4.7
      vertex 0.865247 -2.66296 4.7
    endloop
  endfacet
  facet normal -0.936205 -0.186219 -0.298063
    outer loop
      vertex -3.20882 -0.77037 6.3
      vertex -3.25937 -0.516233 6.3
      vertex -2.76553 -0.438016 4.7
    endloop
  endfacet
  facet normal -0.399618 -0.86687 -0.298065
    outer loop
      vertex -1.26285 -3.0488 6.3
      vertex -1.49817 -2.94032 6.3
      vertex -1.07151 -2.58686 4.7
    endloop
  endfacet
  facet normal -0.95381 -0.037465 -0.298066
    outer loop
      vertex -3.28983 -0.258915 6.3
      vertex -3.3 0 6.3
      vertex -2.79137 -0.219685 4.7
    endloop
  endfacet
  facet normal -0.647958 0.700933 -0.298066
    outer loop
      vertex -1.81845 2.12914 4.7
      vertex -2.33345 2.33345 6.3
      vertex -2.14318 2.50934 6.3
    endloop
  endfacet
  facet normal 0.79368 0.530311 -0.298065
    outer loop
      vertex 2.81371 1.72425 6.3
      vertex 2.26525 1.6458 4.7
      vertex 2.66976 1.93969 6.3
    endloop
  endfacet
  facet normal 0.530308 -0.793682 -0.298066
    outer loop
      vertex 1.72425 -2.81371 6.3
      vertex 1.463 -2.38739 4.7
      vertex 1.6458 -2.26525 4.7
    endloop
  endfacet
  facet normal 0.647958 0.700933 -0.298066
    outer loop
      vertex 2.33345 2.33345 6.3
      vertex 1.81845 2.12914 4.7
      vertex 2.14318 2.50934 6.3
    endloop
  endfacet
  facet normal -0.466409 -0.832838 -0.298066
    outer loop
      vertex -1.49817 -2.94032 6.3
      vertex -1.72425 -2.81371 6.3
      vertex -1.463 -2.38739 4.7
    endloop
  endfacet
  facet normal 0.918705 -0.259112 -0.298063
    outer loop
      vertex 3.20882 -0.77037 6.3
      vertex 2.66296 -0.865247 4.7
      vertex 2.72264 -0.653646 4.7
    endloop
  endfacet
  facet normal -0.947927 -0.112211 -0.298066
    outer loop
      vertex -3.25937 -0.516233 6.3
      vertex -3.28983 -0.258915 6.3
      vertex -2.79137 -0.219685 4.7
    endloop
  endfacet
  facet normal 0.037465 -0.95381 -0.298066
    outer loop
      vertex 0.258915 -3.28983 6.3
      vertex 0 -3.3 6.3
      vertex 0.219685 -2.79137 4.7
    endloop
  endfacet
  facet normal 0.895535 -0.330415 -0.298067
    outer loop
      vertex 3.0488 -1.26285 6.3
      vertex 2.66296 -0.865247 4.7
      vertex 3.13849 -1.01976 6.3
    endloop
  endfacet
  facet normal -0.866872 0.399614 -0.298065
    outer loop
      vertex -2.58686 1.07151 4.7
      vertex -2.94032 1.49817 6.3
      vertex -2.49482 1.27117 4.7
    endloop
  endfacet
  facet normal -0.64794 -0.700951 -0.298063
    outer loop
      vertex -1.81845 -2.12914 4.7
      vertex -2.33345 -2.33345 6.3
      vertex -1.9799 -1.9799 4.7
    endloop
  endfacet
  facet normal 0.749613 0.590963 -0.298066
    outer loop
      vertex 2.26525 1.6458 4.7
      vertex 2.12914 1.81845 4.7
      vertex 2.50934 2.14318 6.3
    endloop
  endfacet
  facet normal -0.186217 -0.936206 -0.298063
    outer loop
      vertex -0.438016 -2.76553 4.7
      vertex -0.77037 -3.20882 6.3
      vertex -0.653646 -2.72264 4.7
    endloop
  endfacet
  facet normal 0.95381 -0.037469 -0.298066
    outer loop
      vertex 3.3 0 6.3
      vertex 2.79137 -0.219685 4.7
      vertex 2.8 0 4.7
    endloop
  endfacet
  facet normal 0.918705 0.259112 -0.298063
    outer loop
      vertex 2.72264 0.653646 4.7
      vertex 2.66296 0.865247 4.7
      vertex 3.20882 0.77037 6.3
    endloop
  endfacet
  facet normal 0.94793 -0.11219 -0.298063
    outer loop
      vertex 3.25937 -0.516233 6.3
      vertex 2.76553 -0.438016 4.7
      vertex 2.79137 -0.219685 4.7
    endloop
  endfacet
  facet normal 0.947927 0.112211 -0.298066
    outer loop
      vertex 3.28983 0.258915 6.3
      vertex 2.79137 0.219685 4.7
      vertex 3.25937 0.516233 6.3
    endloop
  endfacet
  facet normal 0.037465 0.95381 -0.298066
    outer loop
      vertex 0.219685 2.79137 4.7
      vertex 0 3.3 6.3
      vertex 0.258915 3.28983 6.3
    endloop
  endfacet
  facet normal 0.947927 -0.112211 -0.298066
    outer loop
      vertex 3.25937 -0.516233 6.3
      vertex 2.79137 -0.219685 4.7
      vertex 3.28983 -0.258915 6.3
    endloop
  endfacet
  facet normal -0.399618 0.86687 -0.298065
    outer loop
      vertex -1.07151 2.58686 4.7
      vertex -1.49817 2.94032 6.3
      vertex -1.26285 3.0488 6.3
    endloop
  endfacet
  facet normal -0.895535 -0.330415 -0.298067
    outer loop
      vertex -3.0488 -1.26285 6.3
      vertex -3.13849 -1.01976 6.3
      vertex -2.66296 -0.865247 4.7
    endloop
  endfacet
  facet normal 0.749618 0.590957 -0.298065
    outer loop
      vertex 2.66976 1.93969 6.3
      vertex 2.26525 1.6458 4.7
      vertex 2.50934 2.14318 6.3
    endloop
  endfacet
  facet normal -0.330415 -0.895535 -0.298067
    outer loop
      vertex -1.01976 -3.13849 6.3
      vertex -1.26285 -3.0488 6.3
      vertex -0.865247 -2.66296 4.7
    endloop
  endfacet
  facet normal -0.918705 0.259112 -0.298063
    outer loop
      vertex -2.72264 0.653646 4.7
      vertex -3.20882 0.77037 6.3
      vertex -2.66296 0.865247 4.7
    endloop
  endfacet
  facet normal 0.866872 -0.399614 -0.298065
    outer loop
      vertex 2.94032 -1.49817 6.3
      vertex 2.49482 -1.27117 4.7
      vertex 2.58686 -1.07151 4.7
    endloop
  endfacet
  facet normal 0.832837 -0.466411 -0.298065
    outer loop
      vertex 2.94032 -1.49817 6.3
      vertex 2.38739 -1.463 4.7
      vertex 2.49482 -1.27117 4.7
    endloop
  endfacet
  facet normal 0.037469 0.95381 -0.298066
    outer loop
      vertex 0.219685 2.79137 4.7
      vertex 0 2.8 4.7
      vertex 0 3.3 6.3
    endloop
  endfacet
  facet normal 0.466409 -0.832838 -0.298066
    outer loop
      vertex 1.49817 -2.94032 6.3
      vertex 1.463 -2.38739 4.7
      vertex 1.72425 -2.81371 6.3
    endloop
  endfacet
  facet normal -0.749613 -0.590963 -0.298066
    outer loop
      vertex -2.12914 -1.81845 4.7
      vertex -2.50934 -2.14318 6.3
      vertex -2.26525 -1.6458 4.7
    endloop
  endfacet
  facet normal -0.64794 0.700951 -0.298063
    outer loop
      vertex -1.9799 1.9799 4.7
      vertex -2.33345 2.33345 6.3
      vertex -1.81845 2.12914 4.7
    endloop
  endfacet
  facet normal -0.947927 0.112211 -0.298066
    outer loop
      vertex -2.79137 0.219685 4.7
      vertex -3.28983 0.258915 6.3
      vertex -3.25937 0.516233 6.3
    endloop
  endfacet
  facet normal -0.94793 0.11219 -0.298063
    outer loop
      vertex -2.79137 0.219685 4.7
      vertex -3.25937 0.516233 6.3
      vertex -2.76553 0.438016 4.7
    endloop
  endfacet
  facet normal 0.186219 -0.936205 -0.298063
    outer loop
      vertex 0.516233 -3.25937 6.3
      vertex 0.438016 -2.76553 4.7
      vertex 0.77037 -3.20882 6.3
    endloop
  endfacet
  facet normal -0.895535 0.330415 -0.298067
    outer loop
      vertex -2.66296 0.865247 4.7
      vertex -3.13849 1.01976 6.3
      vertex -3.0488 1.26285 6.3
    endloop
  endfacet
  facet normal 0.112211 0.947927 -0.298066
    outer loop
      vertex 0.516233 3.25937 6.3
      vertex 0.219685 2.79137 4.7
      vertex 0.258915 3.28983 6.3
    endloop
  endfacet
  facet normal 0.11219 0.94793 -0.298063
    outer loop
      vertex 0.438016 2.76553 4.7
      vertex 0.219685 2.79137 4.7
      vertex 0.516233 3.25937 6.3
    endloop
  endfacet
  facet normal -0.749618 -0.590957 -0.298065
    outer loop
      vertex -2.50934 -2.14318 6.3
      vertex -2.66976 -1.93969 6.3
      vertex -2.26525 -1.6458 4.7
    endloop
  endfacet
  facet normal -0.466411 0.832837 -0.298065
    outer loop
      vertex -1.463 2.38739 4.7
      vertex -1.49817 2.94032 6.3
      vertex -1.27117 2.49482 4.7
    endloop
  endfacet
  facet normal -0.466409 0.832838 -0.298066
    outer loop
      vertex -1.463 2.38739 4.7
      vertex -1.72425 2.81371 6.3
      vertex -1.49817 2.94032 6.3
    endloop
  endfacet
  facet normal -0.037469 0.95381 -0.298066
    outer loop
      vertex 0 2.8 4.7
      vertex -0.219685 2.79137 4.7
      vertex 0 3.3 6.3
    endloop
  endfacet
  facet normal 0.793682 0.530308 -0.298066
    outer loop
      vertex 2.38739 1.463 4.7
      vertex 2.26525 1.6458 4.7
      vertex 2.81371 1.72425 6.3
    endloop
  endfacet
  facet normal 0.399614 -0.866872 -0.298065
    outer loop
      vertex 1.49817 -2.94032 6.3
      vertex 1.07151 -2.58686 4.7
      vertex 1.27117 -2.49482 4.7
    endloop
  endfacet
  facet normal -0.330406 0.895538 -0.298066
    outer loop
      vertex -1.07151 2.58686 4.7
      vertex -1.26285 3.0488 6.3
      vertex -0.865247 2.66296 4.7
    endloop
  endfacet
  facet normal 0.590957 -0.749618 -0.298065
    outer loop
      vertex 1.93969 -2.66976 6.3
      vertex 1.6458 -2.26525 4.7
      vertex 2.14318 -2.50934 6.3
    endloop
  endfacet
  facet normal -0.11219 -0.94793 -0.298063
    outer loop
      vertex -0.219685 -2.79137 4.7
      vertex -0.516233 -3.25937 6.3
      vertex -0.438016 -2.76553 4.7
    endloop
  endfacet
  facet normal 0.832838 0.466409 -0.298066
    outer loop
      vertex 2.94032 1.49817 6.3
      vertex 2.38739 1.463 4.7
      vertex 2.81371 1.72425 6.3
    endloop
  endfacet
  facet normal 0.64794 -0.700951 -0.298063
    outer loop
      vertex 2.33345 -2.33345 6.3
      vertex 1.81845 -2.12914 4.7
      vertex 1.9799 -1.9799 4.7
    endloop
  endfacet
  facet normal -0.832838 0.466409 -0.298066
    outer loop
      vertex -2.38739 1.463 4.7
      vertex -2.94032 1.49817 6.3
      vertex -2.81371 1.72425 6.3
    endloop
  endfacet
  facet normal -0.399614 -0.866872 -0.298065
    outer loop
      vertex -1.07151 -2.58686 4.7
      vertex -1.49817 -2.94032 6.3
      vertex -1.27117 -2.49482 4.7
    endloop
  endfacet
  facet normal 0.399618 -0.86687 -0.298065
    outer loop
      vertex 1.26285 -3.0488 6.3
      vertex 1.07151 -2.58686 4.7
      vertex 1.49817 -2.94032 6.3
    endloop
  endfacet
  facet normal 0.466411 0.832837 -0.298065
    outer loop
      vertex 1.463 2.38739 4.7
      vertex 1.27117 2.49482 4.7
      vertex 1.49817 2.94032 6.3
    endloop
  endfacet
  facet normal 0.186217 0.936206 -0.298063
    outer loop
      vertex 0.653646 2.72264 4.7
      vertex 0.438016 2.76553 4.7
      vertex 0.77037 3.20882 6.3
    endloop
  endfacet
  facet normal -0.79368 -0.530311 -0.298065
    outer loop
      vertex -2.66976 -1.93969 6.3
      vertex -2.81371 -1.72425 6.3
      vertex -2.26525 -1.6458 4.7
    endloop
  endfacet
  facet normal -0.895538 -0.330406 -0.298066
    outer loop
      vertex -2.58686 -1.07151 4.7
      vertex -3.0488 -1.26285 6.3
      vertex -2.66296 -0.865247 4.7
    endloop
  endfacet
  facet normal -0.259112 0.918705 -0.298063
    outer loop
      vertex -0.653646 2.72264 4.7
      vertex -0.865247 2.66296 4.7
      vertex -0.77037 3.20882 6.3
    endloop
  endfacet
  facet normal 0.936206 -0.186217 -0.298063
    outer loop
      vertex 3.20882 -0.77037 6.3
      vertex 2.72264 -0.653646 4.7
      vertex 2.76553 -0.438016 4.7
    endloop
  endfacet
  facet normal -0.749613 0.590963 -0.298066
    outer loop
      vertex -2.26525 1.6458 4.7
      vertex -2.50934 2.14318 6.3
      vertex -2.12914 1.81845 4.7
    endloop
  endfacet
  facet normal 0.936205 0.186219 -0.298063
    outer loop
      vertex 3.25937 0.516233 6.3
      vertex 2.76553 0.438016 4.7
      vertex 3.20882 0.77037 6.3
    endloop
  endfacet
  facet normal 0.94793 0.11219 -0.298063
    outer loop
      vertex 2.79137 0.219685 4.7
      vertex 2.76553 0.438016 4.7
      vertex 3.25937 0.516233 6.3
    endloop
  endfacet
  facet normal -0.11219 0.94793 -0.298063
    outer loop
      vertex -0.438016 2.76553 4.7
      vertex -0.516233 3.25937 6.3
      vertex -0.219685 2.79137 4.7
    endloop
  endfacet
  facet normal -0.259084 -0.918712 -0.298067
    outer loop
      vertex -0.77037 -3.20882 6.3
      vertex -1.01976 -3.13849 6.3
      vertex -0.865247 -2.66296 4.7
    endloop
  endfacet
  facet normal -0.037465 -0.95381 -0.298066
    outer loop
      vertex 0 -3.3 6.3
      vertex -0.258915 -3.28983 6.3
      vertex -0.219685 -2.79137 4.7
    endloop
  endfacet
  facet normal -0.399614 0.866872 -0.298065
    outer loop
      vertex -1.27117 2.49482 4.7
      vertex -1.49817 2.94032 6.3
      vertex -1.07151 2.58686 4.7
    endloop
  endfacet
  facet normal -0.700933 -0.647958 -0.298066
    outer loop
      vertex -2.33345 -2.33345 6.3
      vertex -2.50934 -2.14318 6.3
      vertex -2.12914 -1.81845 4.7
    endloop
  endfacet
  facet normal -0.590963 -0.749613 -0.298066
    outer loop
      vertex -1.6458 -2.26525 4.7
      vertex -2.14318 -2.50934 6.3
      vertex -1.81845 -2.12914 4.7
    endloop
  endfacet
  facet normal -0.918705 -0.259112 -0.298063
    outer loop
      vertex -2.66296 -0.865247 4.7
      vertex -3.20882 -0.77037 6.3
      vertex -2.72264 -0.653646 4.7
    endloop
  endfacet
  facet normal 0.700951 0.64794 -0.298063
    outer loop
      vertex 2.12914 1.81845 4.7
      vertex 1.9799 1.9799 4.7
      vertex 2.33345 2.33345 6.3
    endloop
  endfacet
  facet normal -0.832837 0.466411 -0.298065
    outer loop
      vertex -2.49482 1.27117 4.7
      vertex -2.94032 1.49817 6.3
      vertex -2.38739 1.463 4.7
    endloop
  endfacet
  facet normal -0.94793 -0.11219 -0.298063
    outer loop
      vertex -2.76553 -0.438016 4.7
      vertex -3.25937 -0.516233 6.3
      vertex -2.79137 -0.219685 4.7
    endloop
  endfacet
  facet normal 0.895538 0.330406 -0.298066
    outer loop
      vertex 2.66296 0.865247 4.7
      vertex 2.58686 1.07151 4.7
      vertex 3.0488 1.26285 6.3
    endloop
  endfacet
  facet normal 0.86687 0.399618 -0.298065
    outer loop
      vertex 3.0488 1.26285 6.3
      vertex 2.58686 1.07151 4.7
      vertex 2.94032 1.49817 6.3
    endloop
  endfacet
  facet normal -0.186217 0.936206 -0.298063
    outer loop
      vertex -0.653646 2.72264 4.7
      vertex -0.77037 3.20882 6.3
      vertex -0.438016 2.76553 4.7
    endloop
  endfacet
  facet normal 0.399614 0.866872 -0.298065
    outer loop
      vertex 1.27117 2.49482 4.7
      vertex 1.07151 2.58686 4.7
      vertex 1.49817 2.94032 6.3
    endloop
  endfacet
  facet normal -0.793682 -0.530308 -0.298066
    outer loop
      vertex -2.26525 -1.6458 4.7
      vertex -2.81371 -1.72425 6.3
      vertex -2.38739 -1.463 4.7
    endloop
  endfacet
  facet normal 0.700951 -0.64794 -0.298063
    outer loop
      vertex 2.33345 -2.33345 6.3
      vertex 1.9799 -1.9799 4.7
      vertex 2.12914 -1.81845 4.7
    endloop
  endfacet
  facet normal -0.186219 0.936205 -0.298063
    outer loop
      vertex -0.438016 2.76553 4.7
      vertex -0.77037 3.20882 6.3
      vertex -0.516233 3.25937 6.3
    endloop
  endfacet
  facet normal -0.832838 -0.466409 -0.298066
    outer loop
      vertex -2.81371 -1.72425 6.3
      vertex -2.94032 -1.49817 6.3
      vertex -2.38739 -1.463 4.7
    endloop
  endfacet
  facet normal -0.590963 0.749613 -0.298066
    outer loop
      vertex -1.81845 2.12914 4.7
      vertex -2.14318 2.50934 6.3
      vertex -1.6458 2.26525 4.7
    endloop
  endfacet
  facet normal 0.832837 0.466411 -0.298065
    outer loop
      vertex 2.49482 1.27117 4.7
      vertex 2.38739 1.463 4.7
      vertex 2.94032 1.49817 6.3
    endloop
  endfacet
  facet normal 0.647958 -0.700933 -0.298066
    outer loop
      vertex 2.14318 -2.50934 6.3
      vertex 1.81845 -2.12914 4.7
      vertex 2.33345 -2.33345 6.3
    endloop
  endfacet
  facet normal -0.590957 0.749618 -0.298065
    outer loop
      vertex -1.6458 2.26525 4.7
      vertex -2.14318 2.50934 6.3
      vertex -1.93969 2.66976 6.3
    endloop
  endfacet
  facet normal 0.590963 -0.749613 -0.298066
    outer loop
      vertex 2.14318 -2.50934 6.3
      vertex 1.6458 -2.26525 4.7
      vertex 1.81845 -2.12914 4.7
    endloop
  endfacet
  facet normal 0.530308 0.793682 -0.298066
    outer loop
      vertex 1.6458 2.26525 4.7
      vertex 1.463 2.38739 4.7
      vertex 1.72425 2.81371 6.3
    endloop
  endfacet
  facet normal -0.866872 -0.399614 -0.298065
    outer loop
      vertex -2.49482 -1.27117 4.7
      vertex -2.94032 -1.49817 6.3
      vertex -2.58686 -1.07151 4.7
    endloop
  endfacet
  facet normal 0.186217 -0.936206 -0.298063
    outer loop
      vertex 0.77037 -3.20882 6.3
      vertex 0.438016 -2.76553 4.7
      vertex 0.653646 -2.72264 4.7
    endloop
  endfacet
  facet normal 0.11219 -0.94793 -0.298063
    outer loop
      vertex 0.516233 -3.25937 6.3
      vertex 0.219685 -2.79137 4.7
      vertex 0.438016 -2.76553 4.7
    endloop
  endfacet
  facet normal -0.259112 -0.918705 -0.298063
    outer loop
      vertex -0.77037 -3.20882 6.3
      vertex -0.865247 -2.66296 4.7
      vertex -0.653646 -2.72264 4.7
    endloop
  endfacet
  facet normal 0.64794 0.700951 -0.298063
    outer loop
      vertex 1.9799 1.9799 4.7
      vertex 1.81845 2.12914 4.7
      vertex 2.33345 2.33345 6.3
    endloop
  endfacet
  facet normal -0.037469 -0.95381 -0.298066
    outer loop
      vertex 0 -3.3 6.3
      vertex -0.219685 -2.79137 4.7
      vertex 0 -2.8 4.7
    endloop
  endfacet
  facet normal -0.936206 -0.186217 -0.298063
    outer loop
      vertex -2.72264 -0.653646 4.7
      vertex -3.20882 -0.77037 6.3
      vertex -2.76553 -0.438016 4.7
    endloop
  endfacet
  facet normal 0.590963 0.749613 -0.298066
    outer loop
      vertex 1.81845 2.12914 4.7
      vertex 1.6458 2.26525 4.7
      vertex 2.14318 2.50934 6.3
    endloop
  endfacet
  facet normal -0.700951 -0.64794 -0.298063
    outer loop
      vertex -1.9799 -1.9799 4.7
      vertex -2.33345 -2.33345 6.3
      vertex -2.12914 -1.81845 4.7
    endloop
  endfacet
  facet normal -0.700933 0.647958 -0.298066
    outer loop
      vertex -2.12914 1.81845 4.7
      vertex -2.50934 2.14318 6.3
      vertex -2.33345 2.33345 6.3
    endloop
  endfacet
  facet normal -0.700951 0.64794 -0.298063
    outer loop
      vertex -2.12914 1.81845 4.7
      vertex -2.33345 2.33345 6.3
      vertex -1.9799 1.9799 4.7
    endloop
  endfacet
  facet normal 0.749618 -0.590957 -0.298065
    outer loop
      vertex 2.50934 -2.14318 6.3
      vertex 2.26525 -1.6458 4.7
      vertex 2.66976 -1.93969 6.3
    endloop
  endfacet
  facet normal 0.590957 0.749618 -0.298065
    outer loop
      vertex 2.14318 2.50934 6.3
      vertex 1.6458 2.26525 4.7
      vertex 1.93969 2.66976 6.3
    endloop
  endfacet
  facet normal -0.793682 0.530308 -0.298066
    outer loop
      vertex -2.38739 1.463 4.7
      vertex -2.81371 1.72425 6.3
      vertex -2.26525 1.6458 4.7
    endloop
  endfacet
  facet normal -0.112211 -0.947927 -0.298066
    outer loop
      vertex -0.258915 -3.28983 6.3
      vertex -0.516233 -3.25937 6.3
      vertex -0.219685 -2.79137 4.7
    endloop
  endfacet
  facet normal 0.793682 -0.530308 -0.298066
    outer loop
      vertex 2.81371 -1.72425 6.3
      vertex 2.26525 -1.6458 4.7
      vertex 2.38739 -1.463 4.7
    endloop
  endfacet
  facet normal -0.530308 -0.793682 -0.298066
    outer loop
      vertex -1.463 -2.38739 4.7
      vertex -1.72425 -2.81371 6.3
      vertex -1.6458 -2.26525 4.7
    endloop
  endfacet
  facet normal -0.530311 -0.79368 -0.298065
    outer loop
      vertex -1.72425 -2.81371 6.3
      vertex -1.93969 -2.66976 6.3
      vertex -1.6458 -2.26525 4.7
    endloop
  endfacet
  facet normal -0.590957 -0.749618 -0.298065
    outer loop
      vertex -1.93969 -2.66976 6.3
      vertex -2.14318 -2.50934 6.3
      vertex -1.6458 -2.26525 4.7
    endloop
  endfacet
  facet normal -0.832837 -0.466411 -0.298065
    outer loop
      vertex -2.38739 -1.463 4.7
      vertex -2.94032 -1.49817 6.3
      vertex -2.49482 -1.27117 4.7
    endloop
  endfacet
  facet normal -0.79368 0.530311 -0.298065
    outer loop
      vertex -2.26525 1.6458 4.7
      vertex -2.81371 1.72425 6.3
      vertex -2.66976 1.93969 6.3
    endloop
  endfacet
  facet normal -0.895535 -0.330415 0.298067
    outer loop
      vertex -2.66296 -0.865247 7.9
      vertex -3.13849 -1.01976 6.3
      vertex -3.0488 -1.26285 6.3
    endloop
  endfacet
  facet normal 0.95381 0.037469 0.298066
    outer loop
      vertex 3.3 0 6.3
      vertex 2.79137 0.219685 7.9
      vertex 2.8 0 7.9
    endloop
  endfacet
  facet normal 0.95381 0.037465 0.298066
    outer loop
      vertex 3.28983 0.258915 6.3
      vertex 2.79137 0.219685 7.9
      vertex 3.3 0 6.3
    endloop
  endfacet
  facet normal 0.037469 -0.95381 0.298066
    outer loop
      vertex 0 -2.8 7.9
      vertex 0 -3.3 6.3
      vertex 0.219685 -2.79137 7.9
    endloop
  endfacet
  facet normal -0.95381 -0.037465 0.298066
    outer loop
      vertex -2.79137 -0.219685 7.9
      vertex -3.3 0 6.3
      vertex -3.28983 -0.258915 6.3
    endloop
  endfacet
  facet normal -0.95381 0.037469 0.298066
    outer loop
      vertex -2.79137 0.219685 7.9
      vertex -3.3 0 6.3
      vertex -2.8 0 7.9
    endloop
  endfacet
  facet normal 0.399618 0.86687 0.298065
    outer loop
      vertex 1.26285 3.0488 6.3
      vertex 1.07151 2.58686 7.9
      vertex 1.49817 2.94032 6.3
    endloop
  endfacet
  facet normal -0.330415 -0.895535 0.298067
    outer loop
      vertex -0.865247 -2.66296 7.9
      vertex -1.26285 -3.0488 6.3
      vertex -1.01976 -3.13849 6.3
    endloop
  endfacet
  facet normal -0.590963 0.749613 0.298066
    outer loop
      vertex -1.6458 2.26525 7.9
      vertex -2.14318 2.50934 6.3
      vertex -1.81845 2.12914 7.9
    endloop
  endfacet
  facet normal -0.832838 -0.466409 0.298066
    outer loop
      vertex -2.38739 -1.463 7.9
      vertex -2.94032 -1.49817 6.3
      vertex -2.81371 -1.72425 6.3
    endloop
  endfacet
  facet normal 0.918705 -0.259112 0.298063
    outer loop
      vertex 2.72264 -0.653646 7.9
      vertex 2.66296 -0.865247 7.9
      vertex 3.20882 -0.77037 6.3
    endloop
  endfacet
  facet normal 0.700933 -0.647958 0.298066
    outer loop
      vertex 2.50934 -2.14318 6.3
      vertex 2.12914 -1.81845 7.9
      vertex 2.33345 -2.33345 6.3
    endloop
  endfacet
  facet normal 0.330406 0.895538 0.298066
    outer loop
      vertex 1.26285 3.0488 6.3
      vertex 0.865247 2.66296 7.9
      vertex 1.07151 2.58686 7.9
    endloop
  endfacet
  facet normal -0.037465 0.95381 0.298066
    outer loop
      vertex 0 3.3 6.3
      vertex -0.258915 3.28983 6.3
      vertex -0.219685 2.79137 7.9
    endloop
  endfacet
  facet normal -0.259112 0.918705 0.298063
    outer loop
      vertex -0.77037 3.20882 6.3
      vertex -0.865247 2.66296 7.9
      vertex -0.653646 2.72264 7.9
    endloop
  endfacet
  facet normal 0.86687 -0.399618 0.298065
    outer loop
      vertex 3.0488 -1.26285 6.3
      vertex 2.58686 -1.07151 7.9
      vertex 2.94032 -1.49817 6.3
    endloop
  endfacet
  facet normal -0.186217 -0.936206 0.298063
    outer loop
      vertex -0.653646 -2.72264 7.9
      vertex -0.77037 -3.20882 6.3
      vertex -0.438016 -2.76553 7.9
    endloop
  endfacet
  facet normal 0.918712 0.259084 0.298067
    outer loop
      vertex 3.13849 1.01976 6.3
      vertex 2.66296 0.865247 7.9
      vertex 3.20882 0.77037 6.3
    endloop
  endfacet
  facet normal 0.590963 -0.749613 0.298066
    outer loop
      vertex 1.81845 -2.12914 7.9
      vertex 1.6458 -2.26525 7.9
      vertex 2.14318 -2.50934 6.3
    endloop
  endfacet
  facet normal -0.793682 0.530308 0.298066
    outer loop
      vertex -2.26525 1.6458 7.9
      vertex -2.81371 1.72425 6.3
      vertex -2.38739 1.463 7.9
    endloop
  endfacet
  facet normal -0.590957 -0.749618 0.298065
    outer loop
      vertex -1.6458 -2.26525 7.9
      vertex -2.14318 -2.50934 6.3
      vertex -1.93969 -2.66976 6.3
    endloop
  endfacet
  facet normal 0.86687 0.399618 0.298065
    outer loop
      vertex 2.94032 1.49817 6.3
      vertex 2.58686 1.07151 7.9
      vertex 3.0488 1.26285 6.3
    endloop
  endfacet
  facet normal 0.330406 -0.895538 0.298066
    outer loop
      vertex 1.07151 -2.58686 7.9
      vertex 0.865247 -2.66296 7.9
      vertex 1.26285 -3.0488 6.3
    endloop
  endfacet
  facet normal 0.112211 -0.947927 0.298066
    outer loop
      vertex 0.516233 -3.25937 6.3
      vertex 0.219685 -2.79137 7.9
      vertex 0.258915 -3.28983 6.3
    endloop
  endfacet
  facet normal 0.79368 0.530311 0.298065
    outer loop
      vertex 2.66976 1.93969 6.3
      vertex 2.26525 1.6458 7.9
      vertex 2.81371 1.72425 6.3
    endloop
  endfacet
  facet normal 0.64794 0.700951 0.298063
    outer loop
      vertex 2.33345 2.33345 6.3
      vertex 1.81845 2.12914 7.9
      vertex 1.9799 1.9799 7.9
    endloop
  endfacet
  facet normal -0.86687 -0.399618 0.298065
    outer loop
      vertex -2.58686 -1.07151 7.9
      vertex -3.0488 -1.26285 6.3
      vertex -2.94032 -1.49817 6.3
    endloop
  endfacet
  facet normal -0.399614 -0.866872 0.298065
    outer loop
      vertex -1.27117 -2.49482 7.9
      vertex -1.49817 -2.94032 6.3
      vertex -1.07151 -2.58686 7.9
    endloop
  endfacet
  facet normal -0.186219 -0.936205 0.298063
    outer loop
      vertex -0.438016 -2.76553 7.9
      vertex -0.77037 -3.20882 6.3
      vertex -0.516233 -3.25937 6.3
    endloop
  endfacet
  facet normal -0.936206 -0.186217 0.298063
    outer loop
      vertex -2.76553 -0.438016 7.9
      vertex -3.20882 -0.77037 6.3
      vertex -2.72264 -0.653646 7.9
    endloop
  endfacet
  facet normal 0.918712 -0.259084 0.298067
    outer loop
      vertex 3.20882 -0.77037 6.3
      vertex 2.66296 -0.865247 7.9
      vertex 3.13849 -1.01976 6.3
    endloop
  endfacet
  facet normal -0.466409 -0.832838 0.298066
    outer loop
      vertex -1.463 -2.38739 7.9
      vertex -1.72425 -2.81371 6.3
      vertex -1.49817 -2.94032 6.3
    endloop
  endfacet
  facet normal 0.936205 -0.186219 0.298063
    outer loop
      vertex 3.25937 -0.516233 6.3
      vertex 2.76553 -0.438016 7.9
      vertex 3.20882 -0.77037 6.3
    endloop
  endfacet
  facet normal -0.936205 -0.186219 0.298063
    outer loop
      vertex -2.76553 -0.438016 7.9
      vertex -3.25937 -0.516233 6.3
      vertex -3.20882 -0.77037 6.3
    endloop
  endfacet
  facet normal -0.866872 -0.399614 0.298065
    outer loop
      vertex -2.58686 -1.07151 7.9
      vertex -2.94032 -1.49817 6.3
      vertex -2.49482 -1.27117 7.9
    endloop
  endfacet
  facet normal 0.466409 -0.832838 0.298066
    outer loop
      vertex 1.72425 -2.81371 6.3
      vertex 1.463 -2.38739 7.9
      vertex 1.49817 -2.94032 6.3
    endloop
  endfacet
  facet normal 0.936205 0.186219 0.298063
    outer loop
      vertex 3.20882 0.77037 6.3
      vertex 2.76553 0.438016 7.9
      vertex 3.25937 0.516233 6.3
    endloop
  endfacet
  facet normal 0.94793 0.11219 0.298063
    outer loop
      vertex 3.25937 0.516233 6.3
      vertex 2.76553 0.438016 7.9
      vertex 2.79137 0.219685 7.9
    endloop
  endfacet
  facet normal 0.947927 0.112211 0.298066
    outer loop
      vertex 3.25937 0.516233 6.3
      vertex 2.79137 0.219685 7.9
      vertex 3.28983 0.258915 6.3
    endloop
  endfacet
  facet normal 0.832837 0.466411 0.298065
    outer loop
      vertex 2.94032 1.49817 6.3
      vertex 2.38739 1.463 7.9
      vertex 2.49482 1.27117 7.9
    endloop
  endfacet
  facet normal -0.793682 -0.530308 0.298066
    outer loop
      vertex -2.38739 -1.463 7.9
      vertex -2.81371 -1.72425 6.3
      vertex -2.26525 -1.6458 7.9
    endloop
  endfacet
  facet normal 0.700951 0.64794 0.298063
    outer loop
      vertex 2.33345 2.33345 6.3
      vertex 1.9799 1.9799 7.9
      vertex 2.12914 1.81845 7.9
    endloop
  endfacet
  facet normal 0.590957 0.749618 0.298065
    outer loop
      vertex 1.93969 2.66976 6.3
      vertex 1.6458 2.26525 7.9
      vertex 2.14318 2.50934 6.3
    endloop
  endfacet
  facet normal -0.918712 -0.259084 0.298067
    outer loop
      vertex -2.66296 -0.865247 7.9
      vertex -3.20882 -0.77037 6.3
      vertex -3.13849 -1.01976 6.3
    endloop
  endfacet
  facet normal 0.832838 -0.466409 0.298066
    outer loop
      vertex 2.94032 -1.49817 6.3
      vertex 2.38739 -1.463 7.9
      vertex 2.81371 -1.72425 6.3
    endloop
  endfacet
  facet normal 0.259084 -0.918712 0.298067
    outer loop
      vertex 0.865247 -2.66296 7.9
      vertex 0.77037 -3.20882 6.3
      vertex 1.01976 -3.13849 6.3
    endloop
  endfacet
  facet normal 0.530311 -0.79368 0.298065
    outer loop
      vertex 1.93969 -2.66976 6.3
      vertex 1.6458 -2.26525 7.9
      vertex 1.72425 -2.81371 6.3
    endloop
  endfacet
  facet normal 0.11219 -0.94793 0.298063
    outer loop
      vertex 0.438016 -2.76553 7.9
      vertex 0.219685 -2.79137 7.9
      vertex 0.516233 -3.25937 6.3
    endloop
  endfacet
  facet normal -0.530311 -0.79368 0.298065
    outer loop
      vertex -1.6458 -2.26525 7.9
      vertex -1.93969 -2.66976 6.3
      vertex -1.72425 -2.81371 6.3
    endloop
  endfacet
  facet normal -0.749618 -0.590957 0.298065
    outer loop
      vertex -2.26525 -1.6458 7.9
      vertex -2.66976 -1.93969 6.3
      vertex -2.50934 -2.14318 6.3
    endloop
  endfacet
  facet normal 0.895535 -0.330415 0.298067
    outer loop
      vertex 3.13849 -1.01976 6.3
      vertex 2.66296 -0.865247 7.9
      vertex 3.0488 -1.26285 6.3
    endloop
  endfacet
  facet normal 0.399614 -0.866872 0.298065
    outer loop
      vertex 1.27117 -2.49482 7.9
      vertex 1.07151 -2.58686 7.9
      vertex 1.49817 -2.94032 6.3
    endloop
  endfacet
  facet normal 0.918705 0.259112 0.298063
    outer loop
      vertex 3.20882 0.77037 6.3
      vertex 2.66296 0.865247 7.9
      vertex 2.72264 0.653646 7.9
    endloop
  endfacet
  facet normal 0.186219 -0.936205 0.298063
    outer loop
      vertex 0.77037 -3.20882 6.3
      vertex 0.438016 -2.76553 7.9
      vertex 0.516233 -3.25937 6.3
    endloop
  endfacet
  facet normal -0.94793 0.11219 0.298063
    outer loop
      vertex -2.76553 0.438016 7.9
      vertex -3.25937 0.516233 6.3
      vertex -2.79137 0.219685 7.9
    endloop
  endfacet
  facet normal 0.259112 0.918705 0.298063
    outer loop
      vertex 0.77037 3.20882 6.3
      vertex 0.653646 2.72264 7.9
      vertex 0.865247 2.66296 7.9
    endloop
  endfacet
  facet normal -0.832837 -0.466411 0.298065
    outer loop
      vertex -2.49482 -1.27117 7.9
      vertex -2.94032 -1.49817 6.3
      vertex -2.38739 -1.463 7.9
    endloop
  endfacet
  facet normal 0.466409 0.832838 0.298066
    outer loop
      vertex 1.49817 2.94032 6.3
      vertex 1.463 2.38739 7.9
      vertex 1.72425 2.81371 6.3
    endloop
  endfacet
  facet normal 0.700951 -0.64794 0.298063
    outer loop
      vertex 2.12914 -1.81845 7.9
      vertex 1.9799 -1.9799 7.9
      vertex 2.33345 -2.33345 6.3
    endloop
  endfacet
  facet normal -0.918705 -0.259112 0.298063
    outer loop
      vertex -2.72264 -0.653646 7.9
      vertex -3.20882 -0.77037 6.3
      vertex -2.66296 -0.865247 7.9
    endloop
  endfacet
  facet normal -0.330415 0.895535 0.298067
    outer loop
      vertex -1.01976 3.13849 6.3
      vertex -1.26285 3.0488 6.3
      vertex -0.865247 2.66296 7.9
    endloop
  endfacet
  facet normal -0.259084 0.918712 0.298067
    outer loop
      vertex -0.77037 3.20882 6.3
      vertex -1.01976 3.13849 6.3
      vertex -0.865247 2.66296 7.9
    endloop
  endfacet
  facet normal -0.95381 0.037465 0.298066
    outer loop
      vertex -3.28983 0.258915 6.3
      vertex -3.3 0 6.3
      vertex -2.79137 0.219685 7.9
    endloop
  endfacet
  facet normal 0.186219 0.936205 0.298063
    outer loop
      vertex 0.516233 3.25937 6.3
      vertex 0.438016 2.76553 7.9
      vertex 0.77037 3.20882 6.3
    endloop
  endfacet
  facet normal 0.793682 0.530308 0.298066
    outer loop
      vertex 2.81371 1.72425 6.3
      vertex 2.26525 1.6458 7.9
      vertex 2.38739 1.463 7.9
    endloop
  endfacet
  facet normal -0.86687 0.399618 0.298065
    outer loop
      vertex -2.94032 1.49817 6.3
      vertex -3.0488 1.26285 6.3
      vertex -2.58686 1.07151 7.9
    endloop
  endfacet
  facet normal 0.866872 0.399614 0.298065
    outer loop
      vertex 2.94032 1.49817 6.3
      vertex 2.49482 1.27117 7.9
      vertex 2.58686 1.07151 7.9
    endloop
  endfacet
  facet normal 0.895535 0.330415 0.298067
    outer loop
      vertex 3.0488 1.26285 6.3
      vertex 2.66296 0.865247 7.9
      vertex 3.13849 1.01976 6.3
    endloop
  endfacet
  facet normal 0.95381 -0.037465 0.298066
    outer loop
      vertex 3.3 0 6.3
      vertex 2.79137 -0.219685 7.9
      vertex 3.28983 -0.258915 6.3
    endloop
  endfacet
  facet normal 0.95381 -0.037469 0.298066
    outer loop
      vertex 2.8 0 7.9
      vertex 2.79137 -0.219685 7.9
      vertex 3.3 0 6.3
    endloop
  endfacet
  facet normal 0.330415 -0.895535 0.298067
    outer loop
      vertex 1.26285 -3.0488 6.3
      vertex 0.865247 -2.66296 7.9
      vertex 1.01976 -3.13849 6.3
    endloop
  endfacet
  facet normal 0.895538 0.330406 0.298066
    outer loop
      vertex 3.0488 1.26285 6.3
      vertex 2.58686 1.07151 7.9
      vertex 2.66296 0.865247 7.9
    endloop
  endfacet
  facet normal 0.186217 -0.936206 0.298063
    outer loop
      vertex 0.653646 -2.72264 7.9
      vertex 0.438016 -2.76553 7.9
      vertex 0.77037 -3.20882 6.3
    endloop
  endfacet
  facet normal -0.94793 -0.11219 0.298063
    outer loop
      vertex -2.79137 -0.219685 7.9
      vertex -3.25937 -0.516233 6.3
      vertex -2.76553 -0.438016 7.9
    endloop
  endfacet
  facet normal -0.95381 -0.037469 0.298066
    outer loop
      vertex -2.8 0 7.9
      vertex -3.3 0 6.3
      vertex -2.79137 -0.219685 7.9
    endloop
  endfacet
  facet normal -0.112211 0.947927 0.298066
    outer loop
      vertex -0.258915 3.28983 6.3
      vertex -0.516233 3.25937 6.3
      vertex -0.219685 2.79137 7.9
    endloop
  endfacet
  facet normal 0.399614 0.866872 0.298065
    outer loop
      vertex 1.49817 2.94032 6.3
      vertex 1.07151 2.58686 7.9
      vertex 1.27117 2.49482 7.9
    endloop
  endfacet
  facet normal -0.79368 0.530311 0.298065
    outer loop
      vertex -2.66976 1.93969 6.3
      vertex -2.81371 1.72425 6.3
      vertex -2.26525 1.6458 7.9
    endloop
  endfacet
  facet normal -0.700933 0.647958 0.298066
    outer loop
      vertex -2.33345 2.33345 6.3
      vertex -2.50934 2.14318 6.3
      vertex -2.12914 1.81845 7.9
    endloop
  endfacet
  facet normal -0.330406 0.895538 0.298066
    outer loop
      vertex -0.865247 2.66296 7.9
      vertex -1.26285 3.0488 6.3
      vertex -1.07151 2.58686 7.9
    endloop
  endfacet
  facet normal 0.749618 -0.590957 0.298065
    outer loop
      vertex 2.66976 -1.93969 6.3
      vertex 2.26525 -1.6458 7.9
      vertex 2.50934 -2.14318 6.3
    endloop
  endfacet
  facet normal 0.700933 0.647958 0.298066
    outer loop
      vertex 2.33345 2.33345 6.3
      vertex 2.12914 1.81845 7.9
      vertex 2.50934 2.14318 6.3
    endloop
  endfacet
  facet normal -0.895538 -0.330406 0.298066
    outer loop
      vertex -2.66296 -0.865247 7.9
      vertex -3.0488 -1.26285 6.3
      vertex -2.58686 -1.07151 7.9
    endloop
  endfacet
  facet normal -0.918705 0.259112 0.298063
    outer loop
      vertex -2.66296 0.865247 7.9
      vertex -3.20882 0.77037 6.3
      vertex -2.72264 0.653646 7.9
    endloop
  endfacet
  facet normal 0.647958 0.700933 0.298066
    outer loop
      vertex 2.14318 2.50934 6.3
      vertex 1.81845 2.12914 7.9
      vertex 2.33345 2.33345 6.3
    endloop
  endfacet
  facet normal 0.037465 -0.95381 0.298066
    outer loop
      vertex 0.219685 -2.79137 7.9
      vertex 0 -3.3 6.3
      vertex 0.258915 -3.28983 6.3
    endloop
  endfacet
  facet normal -0.590963 -0.749613 0.298066
    outer loop
      vertex -1.81845 -2.12914 7.9
      vertex -2.14318 -2.50934 6.3
      vertex -1.6458 -2.26525 7.9
    endloop
  endfacet
  facet normal -0.749613 0.590963 0.298066
    outer loop
      vertex -2.12914 1.81845 7.9
      vertex -2.50934 2.14318 6.3
      vertex -2.26525 1.6458 7.9
    endloop
  endfacet
  facet normal 0.330415 0.895535 0.298067
    outer loop
      vertex 1.01976 3.13849 6.3
      vertex 0.865247 2.66296 7.9
      vertex 1.26285 3.0488 6.3
    endloop
  endfacet
  facet normal -0.936205 0.186219 0.298063
    outer loop
      vertex -3.20882 0.77037 6.3
      vertex -3.25937 0.516233 6.3
      vertex -2.76553 0.438016 7.9
    endloop
  endfacet
  facet normal 0.947927 -0.112211 0.298066
    outer loop
      vertex 3.28983 -0.258915 6.3
      vertex 2.79137 -0.219685 7.9
      vertex 3.25937 -0.516233 6.3
    endloop
  endfacet
  facet normal -0.947927 -0.112211 0.298066
    outer loop
      vertex -2.79137 -0.219685 7.9
      vertex -3.28983 -0.258915 6.3
      vertex -3.25937 -0.516233 6.3
    endloop
  endfacet
  facet normal -0.530311 0.79368 0.298065
    outer loop
      vertex -1.72425 2.81371 6.3
      vertex -1.93969 2.66976 6.3
      vertex -1.6458 2.26525 7.9
    endloop
  endfacet
  facet normal 0.11219 0.94793 0.298063
    outer loop
      vertex 0.516233 3.25937 6.3
      vertex 0.219685 2.79137 7.9
      vertex 0.438016 2.76553 7.9
    endloop
  endfacet
  facet normal -0.037465 -0.95381 0.298066
    outer loop
      vertex -0.219685 -2.79137 7.9
      vertex -0.258915 -3.28983 6.3
      vertex 0 -3.3 6.3
    endloop
  endfacet
  facet normal -0.037469 -0.95381 0.298066
    outer loop
      vertex 0 -2.8 7.9
      vertex -0.219685 -2.79137 7.9
      vertex 0 -3.3 6.3
    endloop
  endfacet
  facet normal -0.259084 -0.918712 0.298067
    outer loop
      vertex -0.865247 -2.66296 7.9
      vertex -1.01976 -3.13849 6.3
      vertex -0.77037 -3.20882 6.3
    endloop
  endfacet
  facet normal -0.330406 -0.895538 0.298066
    outer loop
      vertex -1.07151 -2.58686 7.9
      vertex -1.26285 -3.0488 6.3
      vertex -0.865247 -2.66296 7.9
    endloop
  endfacet
  facet normal 0.399618 -0.86687 0.298065
    outer loop
      vertex 1.49817 -2.94032 6.3
      vertex 1.07151 -2.58686 7.9
      vertex 1.26285 -3.0488 6.3
    endloop
  endfacet
  facet normal 0.749613 0.590963 0.298066
    outer loop
      vertex 2.50934 2.14318 6.3
      vertex 2.12914 1.81845 7.9
      vertex 2.26525 1.6458 7.9
    endloop
  endfacet
  facet normal 0.936206 -0.186217 0.298063
    outer loop
      vertex 2.76553 -0.438016 7.9
      vertex 2.72264 -0.653646 7.9
      vertex 3.20882 -0.77037 6.3
    endloop
  endfacet
  facet normal -0.832837 0.466411 0.298065
    outer loop
      vertex -2.38739 1.463 7.9
      vertex -2.94032 1.49817 6.3
      vertex -2.49482 1.27117 7.9
    endloop
  endfacet
  facet normal 0.832837 -0.466411 0.298065
    outer loop
      vertex 2.49482 -1.27117 7.9
      vertex 2.38739 -1.463 7.9
      vertex 2.94032 -1.49817 6.3
    endloop
  endfacet
  facet normal 0.936206 0.186217 0.298063
    outer loop
      vertex 3.20882 0.77037 6.3
      vertex 2.72264 0.653646 7.9
      vertex 2.76553 0.438016 7.9
    endloop
  endfacet
  facet normal -0.530308 0.793682 0.298066
    outer loop
      vertex -1.463 2.38739 7.9
      vertex -1.72425 2.81371 6.3
      vertex -1.6458 2.26525 7.9
    endloop
  endfacet
  facet normal -0.79368 -0.530311 0.298065
    outer loop
      vertex -2.26525 -1.6458 7.9
      vertex -2.81371 -1.72425 6.3
      vertex -2.66976 -1.93969 6.3
    endloop
  endfacet
  facet normal 0.259084 0.918712 0.298067
    outer loop
      vertex 1.01976 3.13849 6.3
      vertex 0.77037 3.20882 6.3
      vertex 0.865247 2.66296 7.9
    endloop
  endfacet
  facet normal -0.64794 -0.700951 0.298063
    outer loop
      vertex -1.9799 -1.9799 7.9
      vertex -2.33345 -2.33345 6.3
      vertex -1.81845 -2.12914 7.9
    endloop
  endfacet
  facet normal -0.466409 0.832838 0.298066
    outer loop
      vertex -1.49817 2.94032 6.3
      vertex -1.72425 2.81371 6.3
      vertex -1.463 2.38739 7.9
    endloop
  endfacet
  facet normal 0.466411 -0.832837 0.298065
    outer loop
      vertex 1.463 -2.38739 7.9
      vertex 1.27117 -2.49482 7.9
      vertex 1.49817 -2.94032 6.3
    endloop
  endfacet
  facet normal 0.793682 -0.530308 0.298066
    outer loop
      vertex 2.38739 -1.463 7.9
      vertex 2.26525 -1.6458 7.9
      vertex 2.81371 -1.72425 6.3
    endloop
  endfacet
  facet normal 0.79368 -0.530311 0.298065
    outer loop
      vertex 2.81371 -1.72425 6.3
      vertex 2.26525 -1.6458 7.9
      vertex 2.66976 -1.93969 6.3
    endloop
  endfacet
  facet normal -0.832838 0.466409 0.298066
    outer loop
      vertex -2.81371 1.72425 6.3
      vertex -2.94032 1.49817 6.3
      vertex -2.38739 1.463 7.9
    endloop
  endfacet
  facet normal -0.399618 0.86687 0.298065
    outer loop
      vertex -1.26285 3.0488 6.3
      vertex -1.49817 2.94032 6.3
      vertex -1.07151 2.58686 7.9
    endloop
  endfacet
  facet normal 0.832838 0.466409 0.298066
    outer loop
      vertex 2.81371 1.72425 6.3
      vertex 2.38739 1.463 7.9
      vertex 2.94032 1.49817 6.3
    endloop
  endfacet
  facet normal 0.259112 -0.918705 0.298063
    outer loop
      vertex 0.865247 -2.66296 7.9
      vertex 0.653646 -2.72264 7.9
      vertex 0.77037 -3.20882 6.3
    endloop
  endfacet
  facet normal -0.700951 0.64794 0.298063
    outer loop
      vertex -1.9799 1.9799 7.9
      vertex -2.33345 2.33345 6.3
      vertex -2.12914 1.81845 7.9
    endloop
  endfacet
  facet normal -0.466411 -0.832837 0.298065
    outer loop
      vertex -1.463 -2.38739 7.9
      vertex -1.49817 -2.94032 6.3
      vertex -1.27117 -2.49482 7.9
    endloop
  endfacet
  facet normal 0.64794 -0.700951 0.298063
    outer loop
      vertex 1.9799 -1.9799 7.9
      vertex 1.81845 -2.12914 7.9
      vertex 2.33345 -2.33345 6.3
    endloop
  endfacet
  facet normal 0.037469 0.95381 0.298066
    outer loop
      vertex 0 3.3 6.3
      vertex 0 2.8 7.9
      vertex 0.219685 2.79137 7.9
    endloop
  endfacet
  facet normal -0.037469 0.95381 0.298066
    outer loop
      vertex 0 3.3 6.3
      vertex -0.219685 2.79137 7.9
      vertex 0 2.8 7.9
    endloop
  endfacet
  facet normal -0.947927 0.112211 0.298066
    outer loop
      vertex -3.25937 0.516233 6.3
      vertex -3.28983 0.258915 6.3
      vertex -2.79137 0.219685 7.9
    endloop
  endfacet
  facet normal 0.530308 0.793682 0.298066
    outer loop
      vertex 1.72425 2.81371 6.3
      vertex 1.463 2.38739 7.9
      vertex 1.6458 2.26525 7.9
    endloop
  endfacet
  facet normal -0.11219 0.94793 0.298063
    outer loop
      vertex -0.219685 2.79137 7.9
      vertex -0.516233 3.25937 6.3
      vertex -0.438016 2.76553 7.9
    endloop
  endfacet
  facet normal 0.186217 0.936206 0.298063
    outer loop
      vertex 0.77037 3.20882 6.3
      vertex 0.438016 2.76553 7.9
      vertex 0.653646 2.72264 7.9
    endloop
  endfacet
  facet normal 0.112211 0.947927 0.298066
    outer loop
      vertex 0.258915 3.28983 6.3
      vertex 0.219685 2.79137 7.9
      vertex 0.516233 3.25937 6.3
    endloop
  endfacet
  facet normal -0.466411 0.832837 0.298065
    outer loop
      vertex -1.27117 2.49482 7.9
      vertex -1.49817 2.94032 6.3
      vertex -1.463 2.38739 7.9
    endloop
  endfacet
  facet normal 0.895538 -0.330406 0.298066
    outer loop
      vertex 2.66296 -0.865247 7.9
      vertex 2.58686 -1.07151 7.9
      vertex 3.0488 -1.26285 6.3
    endloop
  endfacet
  facet normal -0.399614 0.866872 0.298065
    outer loop
      vertex -1.07151 2.58686 7.9
      vertex -1.49817 2.94032 6.3
      vertex -1.27117 2.49482 7.9
    endloop
  endfacet
  facet normal -0.112211 -0.947927 0.298066
    outer loop
      vertex -0.219685 -2.79137 7.9
      vertex -0.516233 -3.25937 6.3
      vertex -0.258915 -3.28983 6.3
    endloop
  endfacet
  facet normal -0.895538 0.330406 0.298066
    outer loop
      vertex -2.58686 1.07151 7.9
      vertex -3.0488 1.26285 6.3
      vertex -2.66296 0.865247 7.9
    endloop
  endfacet
  facet normal -0.11219 -0.94793 0.298063
    outer loop
      vertex -0.438016 -2.76553 7.9
      vertex -0.516233 -3.25937 6.3
      vertex -0.219685 -2.79137 7.9
    endloop
  endfacet
  facet normal -0.530308 -0.793682 0.298066
    outer loop
      vertex -1.6458 -2.26525 7.9
      vertex -1.72425 -2.81371 6.3
      vertex -1.463 -2.38739 7.9
    endloop
  endfacet
  facet normal -0.895535 0.330415 0.298067
    outer loop
      vertex -3.0488 1.26285 6.3
      vertex -3.13849 1.01976 6.3
      vertex -2.66296 0.865247 7.9
    endloop
  endfacet
  facet normal -0.399618 -0.86687 0.298065
    outer loop
      vertex -1.07151 -2.58686 7.9
      vertex -1.49817 -2.94032 6.3
      vertex -1.26285 -3.0488 6.3
    endloop
  endfacet
  facet normal -0.259112 -0.918705 0.298063
    outer loop
      vertex -0.653646 -2.72264 7.9
      vertex -0.865247 -2.66296 7.9
      vertex -0.77037 -3.20882 6.3
    endloop
  endfacet
  facet normal -0.866872 0.399614 0.298065
    outer loop
      vertex -2.49482 1.27117 7.9
      vertex -2.94032 1.49817 6.3
      vertex -2.58686 1.07151 7.9
    endloop
  endfacet
  facet normal 0.749618 0.590957 0.298065
    outer loop
      vertex 2.50934 2.14318 6.3
      vertex 2.26525 1.6458 7.9
      vertex 2.66976 1.93969 6.3
    endloop
  endfacet
  facet normal -0.590957 0.749618 0.298065
    outer loop
      vertex -1.93969 2.66976 6.3
      vertex -2.14318 2.50934 6.3
      vertex -1.6458 2.26525 7.9
    endloop
  endfacet
  facet normal 0.037465 0.95381 0.298066
    outer loop
      vertex 0.258915 3.28983 6.3
      vertex 0 3.3 6.3
      vertex 0.219685 2.79137 7.9
    endloop
  endfacet
  facet normal -0.647958 -0.700933 0.298066
    outer loop
      vertex -1.81845 -2.12914 7.9
      vertex -2.33345 -2.33345 6.3
      vertex -2.14318 -2.50934 6.3
    endloop
  endfacet
  facet normal -0.186217 0.936206 0.298063
    outer loop
      vertex -0.438016 2.76553 7.9
      vertex -0.77037 3.20882 6.3
      vertex -0.653646 2.72264 7.9
    endloop
  endfacet
  facet normal 0.749613 -0.590963 0.298066
    outer loop
      vertex 2.26525 -1.6458 7.9
      vertex 2.12914 -1.81845 7.9
      vertex 2.50934 -2.14318 6.3
    endloop
  endfacet
  facet normal 0.94793 -0.11219 0.298063
    outer loop
      vertex 2.79137 -0.219685 7.9
      vertex 2.76553 -0.438016 7.9
      vertex 3.25937 -0.516233 6.3
    endloop
  endfacet
  facet normal 0.530311 0.79368 0.298065
    outer loop
      vertex 1.72425 2.81371 6.3
      vertex 1.6458 2.26525 7.9
      vertex 1.93969 2.66976 6.3
    endloop
  endfacet
  facet normal 0.590963 0.749613 0.298066
    outer loop
      vertex 2.14318 2.50934 6.3
      vertex 1.6458 2.26525 7.9
      vertex 1.81845 2.12914 7.9
    endloop
  endfacet
  facet normal -0.186219 0.936205 0.298063
    outer loop
      vertex -0.516233 3.25937 6.3
      vertex -0.77037 3.20882 6.3
      vertex -0.438016 2.76553 7.9
    endloop
  endfacet
  facet normal 0.466411 0.832837 0.298065
    outer loop
      vertex 1.49817 2.94032 6.3
      vertex 1.27117 2.49482 7.9
      vertex 1.463 2.38739 7.9
    endloop
  endfacet
  facet normal -0.749618 0.590957 0.298065
    outer loop
      vertex -2.50934 2.14318 6.3
      vertex -2.66976 1.93969 6.3
      vertex -2.26525 1.6458 7.9
    endloop
  endfacet
  facet normal 0.866872 -0.399614 0.298065
    outer loop
      vertex 2.58686 -1.07151 7.9
      vertex 2.49482 -1.27117 7.9
      vertex 2.94032 -1.49817 6.3
    endloop
  endfacet
  facet normal -0.647958 0.700933 0.298066
    outer loop
      vertex -2.14318 2.50934 6.3
      vertex -2.33345 2.33345 6.3
      vertex -1.81845 2.12914 7.9
    endloop
  endfacet
  facet normal -0.64794 0.700951 0.298063
    outer loop
      vertex -1.81845 2.12914 7.9
      vertex -2.33345 2.33345 6.3
      vertex -1.9799 1.9799 7.9
    endloop
  endfacet
  facet normal -0.918712 0.259084 0.298067
    outer loop
      vertex -3.13849 1.01976 6.3
      vertex -3.20882 0.77037 6.3
      vertex -2.66296 0.865247 7.9
    endloop
  endfacet
  facet normal -0.936206 0.186217 0.298063
    outer loop
      vertex -2.72264 0.653646 7.9
      vertex -3.20882 0.77037 6.3
      vertex -2.76553 0.438016 7.9
    endloop
  endfacet
  facet normal -0.700933 -0.647958 0.298066
    outer loop
      vertex -2.12914 -1.81845 7.9
      vertex -2.50934 -2.14318 6.3
      vertex -2.33345 -2.33345 6.3
    endloop
  endfacet
  facet normal -0.700951 -0.64794 0.298063
    outer loop
      vertex -2.12914 -1.81845 7.9
      vertex -2.33345 -2.33345 6.3
      vertex -1.9799 -1.9799 7.9
    endloop
  endfacet
  facet normal 0.590957 -0.749618 0.298065
    outer loop
      vertex 2.14318 -2.50934 6.3
      vertex 1.6458 -2.26525 7.9
      vertex 1.93969 -2.66976 6.3
    endloop
  endfacet
  facet normal 0.647958 -0.700933 0.298066
    outer loop
      vertex 2.33345 -2.33345 6.3
      vertex 1.81845 -2.12914 7.9
      vertex 2.14318 -2.50934 6.3
    endloop
  endfacet
  facet normal 0.530308 -0.793682 0.298066
    outer loop
      vertex 1.6458 -2.26525 7.9
      vertex 1.463 -2.38739 7.9
      vertex 1.72425 -2.81371 6.3
    endloop
  endfacet
  facet normal -0.749613 -0.590963 0.298066
    outer loop
      vertex -2.26525 -1.6458 7.9
      vertex -2.50934 -2.14318 6.3
      vertex -2.12914 -1.81845 7.9
    endloop
  endfacet
  facet normal 0.95381 0.037469 -0.298066
    outer loop
      vertex 2.8 0 7.9
      vertex 2.79137 0.219685 7.9
      vertex 3.3 0 9.5
    endloop
  endfacet
  facet normal -0.330406 -0.895538 -0.298066
    outer loop
      vertex -0.865247 -2.66296 7.9
      vertex -1.26285 -3.0488 9.5
      vertex -1.07151 -2.58686 7.9
    endloop
  endfacet
  facet normal 0.700933 0.647958 -0.298066
    outer loop
      vertex 2.50934 2.14318 9.5
      vertex 2.12914 1.81845 7.9
      vertex 2.33345 2.33345 9.5
    endloop
  endfacet
  facet normal 0.259112 0.918705 -0.298063
    outer loop
      vertex 0.865247 2.66296 7.9
      vertex 0.653646 2.72264 7.9
      vertex 0.77037 3.20882 9.5
    endloop
  endfacet
  facet normal 0.186219 0.936205 -0.298063
    outer loop
      vertex 0.77037 3.20882 9.5
      vertex 0.438016 2.76553 7.9
      vertex 0.516233 3.25937 9.5
    endloop
  endfacet
  facet normal -0.86687 -0.399618 -0.298065
    outer loop
      vertex -2.94032 -1.49817 9.5
      vertex -3.0488 -1.26285 9.5
      vertex -2.58686 -1.07151 7.9
    endloop
  endfacet
  facet normal -0.530308 0.793682 -0.298066
    outer loop
      vertex -1.6458 2.26525 7.9
      vertex -1.72425 2.81371 9.5
      vertex -1.463 2.38739 7.9
    endloop
  endfacet
  facet normal -0.037465 0.95381 -0.298066
    outer loop
      vertex -0.219685 2.79137 7.9
      vertex -0.258915 3.28983 9.5
      vertex 0 3.3 9.5
    endloop
  endfacet
  facet normal 0.330415 0.895535 -0.298067
    outer loop
      vertex 1.26285 3.0488 9.5
      vertex 0.865247 2.66296 7.9
      vertex 1.01976 3.13849 9.5
    endloop
  endfacet
  facet normal -0.86687 0.399618 -0.298065
    outer loop
      vertex -2.58686 1.07151 7.9
      vertex -3.0488 1.26285 9.5
      vertex -2.94032 1.49817 9.5
    endloop
  endfacet
  facet normal -0.186219 -0.936205 -0.298063
    outer loop
      vertex -0.516233 -3.25937 9.5
      vertex -0.77037 -3.20882 9.5
      vertex -0.438016 -2.76553 7.9
    endloop
  endfacet
  facet normal 0.918712 0.259084 -0.298067
    outer loop
      vertex 3.20882 0.77037 9.5
      vertex 2.66296 0.865247 7.9
      vertex 3.13849 1.01976 9.5
    endloop
  endfacet
  facet normal -0.95381 0.037465 -0.298066
    outer loop
      vertex -2.79137 0.219685 7.9
      vertex -3.3 0 9.5
      vertex -3.28983 0.258915 9.5
    endloop
  endfacet
  facet normal 0.936206 0.186217 -0.298063
    outer loop
      vertex 2.76553 0.438016 7.9
      vertex 2.72264 0.653646 7.9
      vertex 3.20882 0.77037 9.5
    endloop
  endfacet
  facet normal -0.95381 -0.037469 -0.298066
    outer loop
      vertex -2.79137 -0.219685 7.9
      vertex -3.3 0 9.5
      vertex -2.8 0 7.9
    endloop
  endfacet
  facet normal -0.530311 0.79368 -0.298065
    outer loop
      vertex -1.6458 2.26525 7.9
      vertex -1.93969 2.66976 9.5
      vertex -1.72425 2.81371 9.5
    endloop
  endfacet
  facet normal 0.330406 0.895538 -0.298066
    outer loop
      vertex 1.07151 2.58686 7.9
      vertex 0.865247 2.66296 7.9
      vertex 1.26285 3.0488 9.5
    endloop
  endfacet
  facet normal 0.700933 -0.647958 -0.298066
    outer loop
      vertex 2.33345 -2.33345 9.5
      vertex 2.12914 -1.81845 7.9
      vertex 2.50934 -2.14318 9.5
    endloop
  endfacet
  facet normal 0.112211 -0.947927 -0.298066
    outer loop
      vertex 0.258915 -3.28983 9.5
      vertex 0.219685 -2.79137 7.9
      vertex 0.516233 -3.25937 9.5
    endloop
  endfacet
  facet normal 0.330415 -0.895535 -0.298067
    outer loop
      vertex 1.01976 -3.13849 9.5
      vertex 0.865247 -2.66296 7.9
      vertex 1.26285 -3.0488 9.5
    endloop
  endfacet
  facet normal 0.399618 0.86687 -0.298065
    outer loop
      vertex 1.49817 2.94032 9.5
      vertex 1.07151 2.58686 7.9
      vertex 1.26285 3.0488 9.5
    endloop
  endfacet
  facet normal 0.86687 -0.399618 -0.298065
    outer loop
      vertex 2.94032 -1.49817 9.5
      vertex 2.58686 -1.07151 7.9
      vertex 3.0488 -1.26285 9.5
    endloop
  endfacet
  facet normal -0.918712 -0.259084 -0.298067
    outer loop
      vertex -3.13849 -1.01976 9.5
      vertex -3.20882 -0.77037 9.5
      vertex -2.66296 -0.865247 7.9
    endloop
  endfacet
  facet normal -0.259084 0.918712 -0.298067
    outer loop
      vertex -0.865247 2.66296 7.9
      vertex -1.01976 3.13849 9.5
      vertex -0.77037 3.20882 9.5
    endloop
  endfacet
  facet normal 0.530311 -0.79368 -0.298065
    outer loop
      vertex 1.72425 -2.81371 9.5
      vertex 1.6458 -2.26525 7.9
      vertex 1.93969 -2.66976 9.5
    endloop
  endfacet
  facet normal -0.749618 0.590957 -0.298065
    outer loop
      vertex -2.26525 1.6458 7.9
      vertex -2.66976 1.93969 9.5
      vertex -2.50934 2.14318 9.5
    endloop
  endfacet
  facet normal -0.895538 0.330406 -0.298066
    outer loop
      vertex -2.66296 0.865247 7.9
      vertex -3.0488 1.26285 9.5
      vertex -2.58686 1.07151 7.9
    endloop
  endfacet
  facet normal -0.466411 -0.832837 -0.298065
    outer loop
      vertex -1.27117 -2.49482 7.9
      vertex -1.49817 -2.94032 9.5
      vertex -1.463 -2.38739 7.9
    endloop
  endfacet
  facet normal 0.466411 -0.832837 -0.298065
    outer loop
      vertex 1.49817 -2.94032 9.5
      vertex 1.27117 -2.49482 7.9
      vertex 1.463 -2.38739 7.9
    endloop
  endfacet
  facet normal 0.259084 0.918712 -0.298067
    outer loop
      vertex 0.865247 2.66296 7.9
      vertex 0.77037 3.20882 9.5
      vertex 1.01976 3.13849 9.5
    endloop
  endfacet
  facet normal 0.037469 -0.95381 -0.298066
    outer loop
      vertex 0.219685 -2.79137 7.9
      vertex 0 -3.3 9.5
      vertex 0 -2.8 7.9
    endloop
  endfacet
  facet normal 0.749613 -0.590963 -0.298066
    outer loop
      vertex 2.50934 -2.14318 9.5
      vertex 2.12914 -1.81845 7.9
      vertex 2.26525 -1.6458 7.9
    endloop
  endfacet
  facet normal 0.79368 -0.530311 -0.298065
    outer loop
      vertex 2.66976 -1.93969 9.5
      vertex 2.26525 -1.6458 7.9
      vertex 2.81371 -1.72425 9.5
    endloop
  endfacet
  facet normal -0.112211 0.947927 -0.298066
    outer loop
      vertex -0.219685 2.79137 7.9
      vertex -0.516233 3.25937 9.5
      vertex -0.258915 3.28983 9.5
    endloop
  endfacet
  facet normal 0.530311 0.79368 -0.298065
    outer loop
      vertex 1.93969 2.66976 9.5
      vertex 1.6458 2.26525 7.9
      vertex 1.72425 2.81371 9.5
    endloop
  endfacet
  facet normal 0.832838 -0.466409 -0.298066
    outer loop
      vertex 2.81371 -1.72425 9.5
      vertex 2.38739 -1.463 7.9
      vertex 2.94032 -1.49817 9.5
    endloop
  endfacet
  facet normal -0.330415 0.895535 -0.298067
    outer loop
      vertex -0.865247 2.66296 7.9
      vertex -1.26285 3.0488 9.5
      vertex -1.01976 3.13849 9.5
    endloop
  endfacet
  facet normal 0.895538 -0.330406 -0.298066
    outer loop
      vertex 3.0488 -1.26285 9.5
      vertex 2.58686 -1.07151 7.9
      vertex 2.66296 -0.865247 7.9
    endloop
  endfacet
  facet normal 0.330406 -0.895538 -0.298066
    outer loop
      vertex 1.26285 -3.0488 9.5
      vertex 0.865247 -2.66296 7.9
      vertex 1.07151 -2.58686 7.9
    endloop
  endfacet
  facet normal 0.466409 0.832838 -0.298066
    outer loop
      vertex 1.72425 2.81371 9.5
      vertex 1.463 2.38739 7.9
      vertex 1.49817 2.94032 9.5
    endloop
  endfacet
  facet normal 0.866872 0.399614 -0.298065
    outer loop
      vertex 2.58686 1.07151 7.9
      vertex 2.49482 1.27117 7.9
      vertex 2.94032 1.49817 9.5
    endloop
  endfacet
  facet normal 0.936205 -0.186219 -0.298063
    outer loop
      vertex 3.20882 -0.77037 9.5
      vertex 2.76553 -0.438016 7.9
      vertex 3.25937 -0.516233 9.5
    endloop
  endfacet
  facet normal -0.918712 0.259084 -0.298067
    outer loop
      vertex -2.66296 0.865247 7.9
      vertex -3.20882 0.77037 9.5
      vertex -3.13849 1.01976 9.5
    endloop
  endfacet
  facet normal 0.918712 -0.259084 -0.298067
    outer loop
      vertex 3.13849 -1.01976 9.5
      vertex 2.66296 -0.865247 7.9
      vertex 3.20882 -0.77037 9.5
    endloop
  endfacet
  facet normal 0.95381 0.037465 -0.298066
    outer loop
      vertex 3.3 0 9.5
      vertex 2.79137 0.219685 7.9
      vertex 3.28983 0.258915 9.5
    endloop
  endfacet
  facet normal 0.95381 -0.037465 -0.298066
    outer loop
      vertex 3.28983 -0.258915 9.5
      vertex 2.79137 -0.219685 7.9
      vertex 3.3 0 9.5
    endloop
  endfacet
  facet normal -0.95381 0.037469 -0.298066
    outer loop
      vertex -2.8 0 7.9
      vertex -3.3 0 9.5
      vertex -2.79137 0.219685 7.9
    endloop
  endfacet
  facet normal -0.936206 0.186217 -0.298063
    outer loop
      vertex -2.76553 0.438016 7.9
      vertex -3.20882 0.77037 9.5
      vertex -2.72264 0.653646 7.9
    endloop
  endfacet
  facet normal -0.936205 0.186219 -0.298063
    outer loop
      vertex -2.76553 0.438016 7.9
      vertex -3.25937 0.516233 9.5
      vertex -3.20882 0.77037 9.5
    endloop
  endfacet
  facet normal 0.259084 -0.918712 -0.298067
    outer loop
      vertex 1.01976 -3.13849 9.5
      vertex 0.77037 -3.20882 9.5
      vertex 0.865247 -2.66296 7.9
    endloop
  endfacet
  facet normal 0.895535 0.330415 -0.298067
    outer loop
      vertex 3.13849 1.01976 9.5
      vertex 2.66296 0.865247 7.9
      vertex 3.0488 1.26285 9.5
    endloop
  endfacet
  facet normal -0.647958 -0.700933 -0.298066
    outer loop
      vertex -2.14318 -2.50934 9.5
      vertex -2.33345 -2.33345 9.5
      vertex -1.81845 -2.12914 7.9
    endloop
  endfacet
  facet normal 0.259112 -0.918705 -0.298063
    outer loop
      vertex 0.77037 -3.20882 9.5
      vertex 0.653646 -2.72264 7.9
      vertex 0.865247 -2.66296 7.9
    endloop
  endfacet
  facet normal -0.936205 -0.186219 -0.298063
    outer loop
      vertex -3.20882 -0.77037 9.5
      vertex -3.25937 -0.516233 9.5
      vertex -2.76553 -0.438016 7.9
    endloop
  endfacet
  facet normal -0.399618 -0.86687 -0.298065
    outer loop
      vertex -1.26285 -3.0488 9.5
      vertex -1.49817 -2.94032 9.5
      vertex -1.07151 -2.58686 7.9
    endloop
  endfacet
  facet normal -0.95381 -0.037465 -0.298066
    outer loop
      vertex -3.28983 -0.258915 9.5
      vertex -3.3 0 9.5
      vertex -2.79137 -0.219685 7.9
    endloop
  endfacet
  facet normal -0.647958 0.700933 -0.298066
    outer loop
      vertex -1.81845 2.12914 7.9
      vertex -2.33345 2.33345 9.5
      vertex -2.14318 2.50934 9.5
    endloop
  endfacet
  facet normal 0.79368 0.530311 -0.298065
    outer loop
      vertex 2.81371 1.72425 9.5
      vertex 2.26525 1.6458 7.9
      vertex 2.66976 1.93969 9.5
    endloop
  endfacet
  facet normal 0.530308 -0.793682 -0.298066
    outer loop
      vertex 1.72425 -2.81371 9.5
      vertex 1.463 -2.38739 7.9
      vertex 1.6458 -2.26525 7.9
    endloop
  endfacet
  facet normal 0.647958 0.700933 -0.298066
    outer loop
      vertex 2.33345 2.33345 9.5
      vertex 1.81845 2.12914 7.9
      vertex 2.14318 2.50934 9.5
    endloop
  endfacet
  facet normal -0.466409 -0.832838 -0.298066
    outer loop
      vertex -1.49817 -2.94032 9.5
      vertex -1.72425 -2.81371 9.5
      vertex -1.463 -2.38739 7.9
    endloop
  endfacet
  facet normal 0.918705 -0.259112 -0.298063
    outer loop
      vertex 3.20882 -0.77037 9.5
      vertex 2.66296 -0.865247 7.9
      vertex 2.72264 -0.653646 7.9
    endloop
  endfacet
  facet normal -0.947927 -0.112211 -0.298066
    outer loop
      vertex -3.25937 -0.516233 9.5
      vertex -3.28983 -0.258915 9.5
      vertex -2.79137 -0.219685 7.9
    endloop
  endfacet
  facet normal 0.037465 -0.95381 -0.298066
    outer loop
      vertex 0.258915 -3.28983 9.5
      vertex 0 -3.3 9.5
      vertex 0.219685 -2.79137 7.9
    endloop
  endfacet
  facet normal 0.895535 -0.330415 -0.298067
    outer loop
      vertex 3.0488 -1.26285 9.5
      vertex 2.66296 -0.865247 7.9
      vertex 3.13849 -1.01976 9.5
    endloop
  endfacet
  facet normal -0.866872 0.399614 -0.298065
    outer loop
      vertex -2.58686 1.07151 7.9
      vertex -2.94032 1.49817 9.5
      vertex -2.49482 1.27117 7.9
    endloop
  endfacet
  facet normal -0.64794 -0.700951 -0.298063
    outer loop
      vertex -1.81845 -2.12914 7.9
      vertex -2.33345 -2.33345 9.5
      vertex -1.9799 -1.9799 7.9
    endloop
  endfacet
  facet normal 0.749613 0.590963 -0.298066
    outer loop
      vertex 2.26525 1.6458 7.9
      vertex 2.12914 1.81845 7.9
      vertex 2.50934 2.14318 9.5
    endloop
  endfacet
  facet normal -0.186217 -0.936206 -0.298063
    outer loop
      vertex -0.438016 -2.76553 7.9
      vertex -0.77037 -3.20882 9.5
      vertex -0.653646 -2.72264 7.9
    endloop
  endfacet
  facet normal 0.95381 -0.037469 -0.298066
    outer loop
      vertex 3.3 0 9.5
      vertex 2.79137 -0.219685 7.9
      vertex 2.8 0 7.9
    endloop
  endfacet
  facet normal 0.918705 0.259112 -0.298063
    outer loop
      vertex 2.72264 0.653646 7.9
      vertex 2.66296 0.865247 7.9
      vertex 3.20882 0.77037 9.5
    endloop
  endfacet
  facet normal 0.94793 -0.11219 -0.298063
    outer loop
      vertex 3.25937 -0.516233 9.5
      vertex 2.76553 -0.438016 7.9
      vertex 2.79137 -0.219685 7.9
    endloop
  endfacet
  facet normal 0.947927 0.112211 -0.298066
    outer loop
      vertex 3.28983 0.258915 9.5
      vertex 2.79137 0.219685 7.9
      vertex 3.25937 0.516233 9.5
    endloop
  endfacet
  facet normal 0.037465 0.95381 -0.298066
    outer loop
      vertex 0.219685 2.79137 7.9
      vertex 0 3.3 9.5
      vertex 0.258915 3.28983 9.5
    endloop
  endfacet
  facet normal 0.947927 -0.112211 -0.298066
    outer loop
      vertex 3.25937 -0.516233 9.5
      vertex 2.79137 -0.219685 7.9
      vertex 3.28983 -0.258915 9.5
    endloop
  endfacet
  facet normal -0.399618 0.86687 -0.298065
    outer loop
      vertex -1.07151 2.58686 7.9
      vertex -1.49817 2.94032 9.5
      vertex -1.26285 3.0488 9.5
    endloop
  endfacet
  facet normal -0.895535 -0.330415 -0.298067
    outer loop
      vertex -3.0488 -1.26285 9.5
      vertex -3.13849 -1.01976 9.5
      vertex -2.66296 -0.865247 7.9
    endloop
  endfacet
  facet normal 0.749618 0.590957 -0.298065
    outer loop
      vertex 2.66976 1.93969 9.5
      vertex 2.26525 1.6458 7.9
      vertex 2.50934 2.14318 9.5
    endloop
  endfacet
  facet normal -0.330415 -0.895535 -0.298067
    outer loop
      vertex -1.01976 -3.13849 9.5
      vertex -1.26285 -3.0488 9.5
      vertex -0.865247 -2.66296 7.9
    endloop
  endfacet
  facet normal -0.918705 0.259112 -0.298063
    outer loop
      vertex -2.72264 0.653646 7.9
      vertex -3.20882 0.77037 9.5
      vertex -2.66296 0.865247 7.9
    endloop
  endfacet
  facet normal 0.866872 -0.399614 -0.298065
    outer loop
      vertex 2.94032 -1.49817 9.5
      vertex 2.49482 -1.27117 7.9
      vertex 2.58686 -1.07151 7.9
    endloop
  endfacet
  facet normal 0.832837 -0.466411 -0.298065
    outer loop
      vertex 2.94032 -1.49817 9.5
      vertex 2.38739 -1.463 7.9
      vertex 2.49482 -1.27117 7.9
    endloop
  endfacet
  facet normal 0.037469 0.95381 -0.298066
    outer loop
      vertex 0.219685 2.79137 7.9
      vertex 0 2.8 7.9
      vertex 0 3.3 9.5
    endloop
  endfacet
  facet normal 0.466409 -0.832838 -0.298066
    outer loop
      vertex 1.49817 -2.94032 9.5
      vertex 1.463 -2.38739 7.9
      vertex 1.72425 -2.81371 9.5
    endloop
  endfacet
  facet normal -0.749613 -0.590963 -0.298066
    outer loop
      vertex -2.12914 -1.81845 7.9
      vertex -2.50934 -2.14318 9.5
      vertex -2.26525 -1.6458 7.9
    endloop
  endfacet
  facet normal -0.64794 0.700951 -0.298063
    outer loop
      vertex -1.9799 1.9799 7.9
      vertex -2.33345 2.33345 9.5
      vertex -1.81845 2.12914 7.9
    endloop
  endfacet
  facet normal -0.947927 0.112211 -0.298066
    outer loop
      vertex -2.79137 0.219685 7.9
      vertex -3.28983 0.258915 9.5
      vertex -3.25937 0.516233 9.5
    endloop
  endfacet
  facet normal -0.94793 0.11219 -0.298063
    outer loop
      vertex -2.79137 0.219685 7.9
      vertex -3.25937 0.516233 9.5
      vertex -2.76553 0.438016 7.9
    endloop
  endfacet
  facet normal 0.186219 -0.936205 -0.298063
    outer loop
      vertex 0.516233 -3.25937 9.5
      vertex 0.438016 -2.76553 7.9
      vertex 0.77037 -3.20882 9.5
    endloop
  endfacet
  facet normal -0.895535 0.330415 -0.298067
    outer loop
      vertex -2.66296 0.865247 7.9
      vertex -3.13849 1.01976 9.5
      vertex -3.0488 1.26285 9.5
    endloop
  endfacet
  facet normal 0.112211 0.947927 -0.298066
    outer loop
      vertex 0.516233 3.25937 9.5
      vertex 0.219685 2.79137 7.9
      vertex 0.258915 3.28983 9.5
    endloop
  endfacet
  facet normal 0.11219 0.94793 -0.298063
    outer loop
      vertex 0.438016 2.76553 7.9
      vertex 0.219685 2.79137 7.9
      vertex 0.516233 3.25937 9.5
    endloop
  endfacet
  facet normal -0.749618 -0.590957 -0.298065
    outer loop
      vertex -2.50934 -2.14318 9.5
      vertex -2.66976 -1.93969 9.5
      vertex -2.26525 -1.6458 7.9
    endloop
  endfacet
  facet normal -0.466411 0.832837 -0.298065
    outer loop
      vertex -1.463 2.38739 7.9
      vertex -1.49817 2.94032 9.5
      vertex -1.27117 2.49482 7.9
    endloop
  endfacet
  facet normal -0.466409 0.832838 -0.298066
    outer loop
      vertex -1.463 2.38739 7.9
      vertex -1.72425 2.81371 9.5
      vertex -1.49817 2.94032 9.5
    endloop
  endfacet
  facet normal -0.037469 0.95381 -0.298066
    outer loop
      vertex 0 2.8 7.9
      vertex -0.219685 2.79137 7.9
      vertex 0 3.3 9.5
    endloop
  endfacet
  facet normal 0.793682 0.530308 -0.298066
    outer loop
      vertex 2.38739 1.463 7.9
      vertex 2.26525 1.6458 7.9
      vertex 2.81371 1.72425 9.5
    endloop
  endfacet
  facet normal 0.399614 -0.866872 -0.298065
    outer loop
      vertex 1.49817 -2.94032 9.5
      vertex 1.07151 -2.58686 7.9
      vertex 1.27117 -2.49482 7.9
    endloop
  endfacet
  facet normal -0.330406 0.895538 -0.298066
    outer loop
      vertex -1.07151 2.58686 7.9
      vertex -1.26285 3.0488 9.5
      vertex -0.865247 2.66296 7.9
    endloop
  endfacet
  facet normal 0.590957 -0.749618 -0.298065
    outer loop
      vertex 1.93969 -2.66976 9.5
      vertex 1.6458 -2.26525 7.9
      vertex 2.14318 -2.50934 9.5
    endloop
  endfacet
  facet normal -0.11219 -0.94793 -0.298063
    outer loop
      vertex -0.219685 -2.79137 7.9
      vertex -0.516233 -3.25937 9.5
      vertex -0.438016 -2.76553 7.9
    endloop
  endfacet
  facet normal 0.832838 0.466409 -0.298066
    outer loop
      vertex 2.94032 1.49817 9.5
      vertex 2.38739 1.463 7.9
      vertex 2.81371 1.72425 9.5
    endloop
  endfacet
  facet normal 0.64794 -0.700951 -0.298063
    outer loop
      vertex 2.33345 -2.33345 9.5
      vertex 1.81845 -2.12914 7.9
      vertex 1.9799 -1.9799 7.9
    endloop
  endfacet
  facet normal -0.832838 0.466409 -0.298066
    outer loop
      vertex -2.38739 1.463 7.9
      vertex -2.94032 1.49817 9.5
      vertex -2.81371 1.72425 9.5
    endloop
  endfacet
  facet normal -0.399614 -0.866872 -0.298065
    outer loop
      vertex -1.07151 -2.58686 7.9
      vertex -1.49817 -2.94032 9.5
      vertex -1.27117 -2.49482 7.9
    endloop
  endfacet
  facet normal 0.399618 -0.86687 -0.298065
    outer loop
      vertex 1.26285 -3.0488 9.5
      vertex 1.07151 -2.58686 7.9
      vertex 1.49817 -2.94032 9.5
    endloop
  endfacet
  facet normal 0.466411 0.832837 -0.298065
    outer loop
      vertex 1.463 2.38739 7.9
      vertex 1.27117 2.49482 7.9
      vertex 1.49817 2.94032 9.5
    endloop
  endfacet
  facet normal 0.186217 0.936206 -0.298063
    outer loop
      vertex 0.653646 2.72264 7.9
      vertex 0.438016 2.76553 7.9
      vertex 0.77037 3.20882 9.5
    endloop
  endfacet
  facet normal -0.79368 -0.530311 -0.298065
    outer loop
      vertex -2.66976 -1.93969 9.5
      vertex -2.81371 -1.72425 9.5
      vertex -2.26525 -1.6458 7.9
    endloop
  endfacet
  facet normal -0.895538 -0.330406 -0.298066
    outer loop
      vertex -2.58686 -1.07151 7.9
      vertex -3.0488 -1.26285 9.5
      vertex -2.66296 -0.865247 7.9
    endloop
  endfacet
  facet normal -0.259112 0.918705 -0.298063
    outer loop
      vertex -0.653646 2.72264 7.9
      vertex -0.865247 2.66296 7.9
      vertex -0.77037 3.20882 9.5
    endloop
  endfacet
  facet normal 0.936206 -0.186217 -0.298063
    outer loop
      vertex 3.20882 -0.77037 9.5
      vertex 2.72264 -0.653646 7.9
      vertex 2.76553 -0.438016 7.9
    endloop
  endfacet
  facet normal -0.749613 0.590963 -0.298066
    outer loop
      vertex -2.26525 1.6458 7.9
      vertex -2.50934 2.14318 9.5
      vertex -2.12914 1.81845 7.9
    endloop
  endfacet
  facet normal 0.936205 0.186219 -0.298063
    outer loop
      vertex 3.25937 0.516233 9.5
      vertex 2.76553 0.438016 7.9
      vertex 3.20882 0.77037 9.5
    endloop
  endfacet
  facet normal 0.94793 0.11219 -0.298063
    outer loop
      vertex 2.79137 0.219685 7.9
      vertex 2.76553 0.438016 7.9
      vertex 3.25937 0.516233 9.5
    endloop
  endfacet
  facet normal -0.11219 0.94793 -0.298063
    outer loop
      vertex -0.438016 2.76553 7.9
      vertex -0.516233 3.25937 9.5
      vertex -0.219685 2.79137 7.9
    endloop
  endfacet
  facet normal -0.259084 -0.918712 -0.298067
    outer loop
      vertex -0.77037 -3.20882 9.5
      vertex -1.01976 -3.13849 9.5
      vertex -0.865247 -2.66296 7.9
    endloop
  endfacet
  facet normal -0.037465 -0.95381 -0.298066
    outer loop
      vertex 0 -3.3 9.5
      vertex -0.258915 -3.28983 9.5
      vertex -0.219685 -2.79137 7.9
    endloop
  endfacet
  facet normal -0.399614 0.866872 -0.298065
    outer loop
      vertex -1.27117 2.49482 7.9
      vertex -1.49817 2.94032 9.5
      vertex -1.07151 2.58686 7.9
    endloop
  endfacet
  facet normal -0.700933 -0.647958 -0.298066
    outer loop
      vertex -2.33345 -2.33345 9.5
      vertex -2.50934 -2.14318 9.5
      vertex -2.12914 -1.81845 7.9
    endloop
  endfacet
  facet normal -0.590963 -0.749613 -0.298066
    outer loop
      vertex -1.6458 -2.26525 7.9
      vertex -2.14318 -2.50934 9.5
      vertex -1.81845 -2.12914 7.9
    endloop
  endfacet
  facet normal -0.918705 -0.259112 -0.298063
    outer loop
      vertex -2.66296 -0.865247 7.9
      vertex -3.20882 -0.77037 9.5
      vertex -2.72264 -0.653646 7.9
    endloop
  endfacet
  facet normal 0.700951 0.64794 -0.298063
    outer loop
      vertex 2.12914 1.81845 7.9
      vertex 1.9799 1.9799 7.9
      vertex 2.33345 2.33345 9.5
    endloop
  endfacet
  facet normal -0.832837 0.466411 -0.298065
    outer loop
      vertex -2.49482 1.27117 7.9
      vertex -2.94032 1.49817 9.5
      vertex -2.38739 1.463 7.9
    endloop
  endfacet
  facet normal -0.94793 -0.11219 -0.298063
    outer loop
      vertex -2.76553 -0.438016 7.9
      vertex -3.25937 -0.516233 9.5
      vertex -2.79137 -0.219685 7.9
    endloop
  endfacet
  facet normal 0.895538 0.330406 -0.298066
    outer loop
      vertex 2.66296 0.865247 7.9
      vertex 2.58686 1.07151 7.9
      vertex 3.0488 1.26285 9.5
    endloop
  endfacet
  facet normal 0.86687 0.399618 -0.298065
    outer loop
      vertex 3.0488 1.26285 9.5
      vertex 2.58686 1.07151 7.9
      vertex 2.94032 1.49817 9.5
    endloop
  endfacet
  facet normal -0.186217 0.936206 -0.298063
    outer loop
      vertex -0.653646 2.72264 7.9
      vertex -0.77037 3.20882 9.5
      vertex -0.438016 2.76553 7.9
    endloop
  endfacet
  facet normal 0.399614 0.866872 -0.298065
    outer loop
      vertex 1.27117 2.49482 7.9
      vertex 1.07151 2.58686 7.9
      vertex 1.49817 2.94032 9.5
    endloop
  endfacet
  facet normal -0.793682 -0.530308 -0.298066
    outer loop
      vertex -2.26525 -1.6458 7.9
      vertex -2.81371 -1.72425 9.5
      vertex -2.38739 -1.463 7.9
    endloop
  endfacet
  facet normal 0.700951 -0.64794 -0.298063
    outer loop
      vertex 2.33345 -2.33345 9.5
      vertex 1.9799 -1.9799 7.9
      vertex 2.12914 -1.81845 7.9
    endloop
  endfacet
  facet normal -0.186219 0.936205 -0.298063
    outer loop
      vertex -0.438016 2.76553 7.9
      vertex -0.77037 3.20882 9.5
      vertex -0.516233 3.25937 9.5
    endloop
  endfacet
  facet normal -0.832838 -0.466409 -0.298066
    outer loop
      vertex -2.81371 -1.72425 9.5
      vertex -2.94032 -1.49817 9.5
      vertex -2.38739 -1.463 7.9
    endloop
  endfacet
  facet normal -0.590963 0.749613 -0.298066
    outer loop
      vertex -1.81845 2.12914 7.9
      vertex -2.14318 2.50934 9.5
      vertex -1.6458 2.26525 7.9
    endloop
  endfacet
  facet normal 0.832837 0.466411 -0.298065
    outer loop
      vertex 2.49482 1.27117 7.9
      vertex 2.38739 1.463 7.9
      vertex 2.94032 1.49817 9.5
    endloop
  endfacet
  facet normal 0.647958 -0.700933 -0.298066
    outer loop
      vertex 2.14318 -2.50934 9.5
      vertex 1.81845 -2.12914 7.9
      vertex 2.33345 -2.33345 9.5
    endloop
  endfacet
  facet normal -0.590957 0.749618 -0.298065
    outer loop
      vertex -1.6458 2.26525 7.9
      vertex -2.14318 2.50934 9.5
      vertex -1.93969 2.66976 9.5
    endloop
  endfacet
  facet normal 0.590963 -0.749613 -0.298066
    outer loop
      vertex 2.14318 -2.50934 9.5
      vertex 1.6458 -2.26525 7.9
      vertex 1.81845 -2.12914 7.9
    endloop
  endfacet
  facet normal 0.530308 0.793682 -0.298066
    outer loop
      vertex 1.6458 2.26525 7.9
      vertex 1.463 2.38739 7.9
      vertex 1.72425 2.81371 9.5
    endloop
  endfacet
  facet normal -0.866872 -0.399614 -0.298065
    outer loop
      vertex -2.49482 -1.27117 7.9
      vertex -2.94032 -1.49817 9.5
      vertex -2.58686 -1.07151 7.9
    endloop
  endfacet
  facet normal 0.186217 -0.936206 -0.298063
    outer loop
      vertex 0.77037 -3.20882 9.5
      vertex 0.438016 -2.76553 7.9
      vertex 0.653646 -2.72264 7.9
    endloop
  endfacet
  facet normal 0.11219 -0.94793 -0.298063
    outer loop
      vertex 0.516233 -3.25937 9.5
      vertex 0.219685 -2.79137 7.9
      vertex 0.438016 -2.76553 7.9
    endloop
  endfacet
  facet normal -0.259112 -0.918705 -0.298063
    outer loop
      vertex -0.77037 -3.20882 9.5
      vertex -0.865247 -2.66296 7.9
      vertex -0.653646 -2.72264 7.9
    endloop
  endfacet
  facet normal 0.64794 0.700951 -0.298063
    outer loop
      vertex 1.9799 1.9799 7.9
      vertex 1.81845 2.12914 7.9
      vertex 2.33345 2.33345 9.5
    endloop
  endfacet
  facet normal -0.037469 -0.95381 -0.298066
    outer loop
      vertex 0 -3.3 9.5
      vertex -0.219685 -2.79137 7.9
      vertex 0 -2.8 7.9
    endloop
  endfacet
  facet normal -0.936206 -0.186217 -0.298063
    outer loop
      vertex -2.72264 -0.653646 7.9
      vertex -3.20882 -0.77037 9.5
      vertex -2.76553 -0.438016 7.9
    endloop
  endfacet
  facet normal 0.590963 0.749613 -0.298066
    outer loop
      vertex 1.81845 2.12914 7.9
      vertex 1.6458 2.26525 7.9
      vertex 2.14318 2.50934 9.5
    endloop
  endfacet
  facet normal -0.700951 -0.64794 -0.298063
    outer loop
      vertex -1.9799 -1.9799 7.9
      vertex -2.33345 -2.33345 9.5
      vertex -2.12914 -1.81845 7.9
    endloop
  endfacet
  facet normal -0.700933 0.647958 -0.298066
    outer loop
      vertex -2.12914 1.81845 7.9
      vertex -2.50934 2.14318 9.5
      vertex -2.33345 2.33345 9.5
    endloop
  endfacet
  facet normal -0.700951 0.64794 -0.298063
    outer loop
      vertex -2.12914 1.81845 7.9
      vertex -2.33345 2.33345 9.5
      vertex -1.9799 1.9799 7.9
    endloop
  endfacet
  facet normal 0.749618 -0.590957 -0.298065
    outer loop
      vertex 2.50934 -2.14318 9.5
      vertex 2.26525 -1.6458 7.9
      vertex 2.66976 -1.93969 9.5
    endloop
  endfacet
  facet normal 0.590957 0.749618 -0.298065
    outer loop
      vertex 2.14318 2.50934 9.5
      vertex 1.6458 2.26525 7.9
      vertex 1.93969 2.66976 9.5
    endloop
  endfacet
  facet normal -0.793682 0.530308 -0.298066
    outer loop
      vertex -2.38739 1.463 7.9
      vertex -2.81371 1.72425 9.5
      vertex -2.26525 1.6458 7.9
    endloop
  endfacet
  facet normal -0.112211 -0.947927 -0.298066
    outer loop
      vertex -0.258915 -3.28983 9.5
      vertex -0.516233 -3.25937 9.5
      vertex -0.219685 -2.79137 7.9
    endloop
  endfacet
  facet normal 0.793682 -0.530308 -0.298066
    outer loop
      vertex 2.81371 -1.72425 9.5
      vertex 2.26525 -1.6458 7.9
      vertex 2.38739 -1.463 7.9
    endloop
  endfacet
  facet normal -0.530308 -0.793682 -0.298066
    outer loop
      vertex -1.463 -2.38739 7.9
      vertex -1.72425 -2.81371 9.5
      vertex -1.6458 -2.26525 7.9
    endloop
  endfacet
  facet normal -0.530311 -0.79368 -0.298065
    outer loop
      vertex -1.72425 -2.81371 9.5
      vertex -1.93969 -2.66976 9.5
      vertex -1.6458 -2.26525 7.9
    endloop
  endfacet
  facet normal -0.590957 -0.749618 -0.298065
    outer loop
      vertex -1.93969 -2.66976 9.5
      vertex -2.14318 -2.50934 9.5
      vertex -1.6458 -2.26525 7.9
    endloop
  endfacet
  facet normal -0.832837 -0.466411 -0.298065
    outer loop
      vertex -2.38739 -1.463 7.9
      vertex -2.94032 -1.49817 9.5
      vertex -2.49482 -1.27117 7.9
    endloop
  endfacet
  facet normal -0.79368 0.530311 -0.298065
    outer loop
      vertex -2.26525 1.6458 7.9
      vertex -2.81371 1.72425 9.5
      vertex -2.66976 1.93969 9.5
    endloop
  endfacet
  facet normal -0.895535 -0.330415 0.298067
    outer loop
      vertex -2.66296 -0.865247 11.1
      vertex -3.13849 -1.01976 9.5
      vertex -3.0488 -1.26285 9.5
    endloop
  endfacet
  facet normal 0.95381 0.037469 0.298066
    outer loop
      vertex 3.3 0 9.5
      vertex 2.79137 0.219685 11.1
      vertex 2.8 0 11.1
    endloop
  endfacet
  facet normal 0.95381 0.037465 0.298066
    outer loop
      vertex 3.28983 0.258915 9.5
      vertex 2.79137 0.219685 11.1
      vertex 3.3 0 9.5
    endloop
  endfacet
  facet normal 0.037469 -0.95381 0.298066
    outer loop
      vertex 0 -2.8 11.1
      vertex 0 -3.3 9.5
      vertex 0.219685 -2.79137 11.1
    endloop
  endfacet
  facet normal -0.95381 -0.037465 0.298066
    outer loop
      vertex -2.79137 -0.219685 11.1
      vertex -3.3 0 9.5
      vertex -3.28983 -0.258915 9.5
    endloop
  endfacet
  facet normal -0.95381 0.037469 0.298066
    outer loop
      vertex -2.79137 0.219685 11.1
      vertex -3.3 0 9.5
      vertex -2.8 0 11.1
    endloop
  endfacet
  facet normal 0.399618 0.86687 0.298065
    outer loop
      vertex 1.26285 3.0488 9.5
      vertex 1.07151 2.58686 11.1
      vertex 1.49817 2.94032 9.5
    endloop
  endfacet
  facet normal -0.330415 -0.895535 0.298067
    outer loop
      vertex -0.865247 -2.66296 11.1
      vertex -1.26285 -3.0488 9.5
      vertex -1.01976 -3.13849 9.5
    endloop
  endfacet
  facet normal -0.590963 0.749613 0.298066
    outer loop
      vertex -1.6458 2.26525 11.1
      vertex -2.14318 2.50934 9.5
      vertex -1.81845 2.12914 11.1
    endloop
  endfacet
  facet normal -0.832838 -0.466409 0.298066
    outer loop
      vertex -2.38739 -1.463 11.1
      vertex -2.94032 -1.49817 9.5
      vertex -2.81371 -1.72425 9.5
    endloop
  endfacet
  facet normal 0.918705 -0.259112 0.298063
    outer loop
      vertex 2.72264 -0.653646 11.1
      vertex 2.66296 -0.865247 11.1
      vertex 3.20882 -0.77037 9.5
    endloop
  endfacet
  facet normal 0.700933 -0.647958 0.298066
    outer loop
      vertex 2.50934 -2.14318 9.5
      vertex 2.12914 -1.81845 11.1
      vertex 2.33345 -2.33345 9.5
    endloop
  endfacet
  facet normal 0.330406 0.895538 0.298066
    outer loop
      vertex 1.26285 3.0488 9.5
      vertex 0.865247 2.66296 11.1
      vertex 1.07151 2.58686 11.1
    endloop
  endfacet
  facet normal -0.037465 0.95381 0.298066
    outer loop
      vertex 0 3.3 9.5
      vertex -0.258915 3.28983 9.5
      vertex -0.219685 2.79137 11.1
    endloop
  endfacet
  facet normal -0.259112 0.918705 0.298063
    outer loop
      vertex -0.77037 3.20882 9.5
      vertex -0.865247 2.66296 11.1
      vertex -0.653646 2.72264 11.1
    endloop
  endfacet
  facet normal 0.86687 -0.399618 0.298065
    outer loop
      vertex 3.0488 -1.26285 9.5
      vertex 2.58686 -1.07151 11.1
      vertex 2.94032 -1.49817 9.5
    endloop
  endfacet
  facet normal -0.186217 -0.936206 0.298063
    outer loop
      vertex -0.653646 -2.72264 11.1
      vertex -0.77037 -3.20882 9.5
      vertex -0.438016 -2.76553 11.1
    endloop
  endfacet
  facet normal 0.918712 0.259084 0.298067
    outer loop
      vertex 3.13849 1.01976 9.5
      vertex 2.66296 0.865247 11.1
      vertex 3.20882 0.77037 9.5
    endloop
  endfacet
  facet normal 0.590963 -0.749613 0.298066
    outer loop
      vertex 1.81845 -2.12914 11.1
      vertex 1.6458 -2.26525 11.1
      vertex 2.14318 -2.50934 9.5
    endloop
  endfacet
  facet normal -0.793682 0.530308 0.298066
    outer loop
      vertex -2.26525 1.6458 11.1
      vertex -2.81371 1.72425 9.5
      vertex -2.38739 1.463 11.1
    endloop
  endfacet
  facet normal -0.590957 -0.749618 0.298065
    outer loop
      vertex -1.6458 -2.26525 11.1
      vertex -2.14318 -2.50934 9.5
      vertex -1.93969 -2.66976 9.5
    endloop
  endfacet
  facet normal 0.86687 0.399618 0.298065
    outer loop
      vertex 2.94032 1.49817 9.5
      vertex 2.58686 1.07151 11.1
      vertex 3.0488 1.26285 9.5
    endloop
  endfacet
  facet normal 0.330406 -0.895538 0.298066
    outer loop
      vertex 1.07151 -2.58686 11.1
      vertex 0.865247 -2.66296 11.1
      vertex 1.26285 -3.0488 9.5
    endloop
  endfacet
  facet normal 0.112211 -0.947927 0.298066
    outer loop
      vertex 0.516233 -3.25937 9.5
      vertex 0.219685 -2.79137 11.1
      vertex 0.258915 -3.28983 9.5
    endloop
  endfacet
  facet normal 0.79368 0.530311 0.298065
    outer loop
      vertex 2.66976 1.93969 9.5
      vertex 2.26525 1.6458 11.1
      vertex 2.81371 1.72425 9.5
    endloop
  endfacet
  facet normal 0.64794 0.700951 0.298063
    outer loop
      vertex 2.33345 2.33345 9.5
      vertex 1.81845 2.12914 11.1
      vertex 1.9799 1.9799 11.1
    endloop
  endfacet
  facet normal -0.86687 -0.399618 0.298065
    outer loop
      vertex -2.58686 -1.07151 11.1
      vertex -3.0488 -1.26285 9.5
      vertex -2.94032 -1.49817 9.5
    endloop
  endfacet
  facet normal -0.399614 -0.866872 0.298065
    outer loop
      vertex -1.27117 -2.49482 11.1
      vertex -1.49817 -2.94032 9.5
      vertex -1.07151 -2.58686 11.1
    endloop
  endfacet
  facet normal -0.186219 -0.936205 0.298063
    outer loop
      vertex -0.438016 -2.76553 11.1
      vertex -0.77037 -3.20882 9.5
      vertex -0.516233 -3.25937 9.5
    endloop
  endfacet
  facet normal -0.936206 -0.186217 0.298063
    outer loop
      vertex -2.76553 -0.438016 11.1
      vertex -3.20882 -0.77037 9.5
      vertex -2.72264 -0.653646 11.1
    endloop
  endfacet
  facet normal 0.918712 -0.259084 0.298067
    outer loop
      vertex 3.20882 -0.77037 9.5
      vertex 2.66296 -0.865247 11.1
      vertex 3.13849 -1.01976 9.5
    endloop
  endfacet
  facet normal -0.466409 -0.832838 0.298066
    outer loop
      vertex -1.463 -2.38739 11.1
      vertex -1.72425 -2.81371 9.5
      vertex -1.49817 -2.94032 9.5
    endloop
  endfacet
  facet normal 0.936205 -0.186219 0.298063
    outer loop
      vertex 3.25937 -0.516233 9.5
      vertex 2.76553 -0.438016 11.1
      vertex 3.20882 -0.77037 9.5
    endloop
  endfacet
  facet normal -0.936205 -0.186219 0.298063
    outer loop
      vertex -2.76553 -0.438016 11.1
      vertex -3.25937 -0.516233 9.5
      vertex -3.20882 -0.77037 9.5
    endloop
  endfacet
  facet normal -0.866872 -0.399614 0.298065
    outer loop
      vertex -2.58686 -1.07151 11.1
      vertex -2.94032 -1.49817 9.5
      vertex -2.49482 -1.27117 11.1
    endloop
  endfacet
  facet normal 0.466409 -0.832838 0.298066
    outer loop
      vertex 1.72425 -2.81371 9.5
      vertex 1.463 -2.38739 11.1
      vertex 1.49817 -2.94032 9.5
    endloop
  endfacet
  facet normal 0.936205 0.186219 0.298063
    outer loop
      vertex 3.20882 0.77037 9.5
      vertex 2.76553 0.438016 11.1
      vertex 3.25937 0.516233 9.5
    endloop
  endfacet
  facet normal 0.94793 0.11219 0.298063
    outer loop
      vertex 3.25937 0.516233 9.5
      vertex 2.76553 0.438016 11.1
      vertex 2.79137 0.219685 11.1
    endloop
  endfacet
  facet normal 0.947927 0.112211 0.298066
    outer loop
      vertex 3.25937 0.516233 9.5
      vertex 2.79137 0.219685 11.1
      vertex 3.28983 0.258915 9.5
    endloop
  endfacet
  facet normal 0.832837 0.466411 0.298065
    outer loop
      vertex 2.94032 1.49817 9.5
      vertex 2.38739 1.463 11.1
      vertex 2.49482 1.27117 11.1
    endloop
  endfacet
  facet normal -0.793682 -0.530308 0.298066
    outer loop
      vertex -2.38739 -1.463 11.1
      vertex -2.81371 -1.72425 9.5
      vertex -2.26525 -1.6458 11.1
    endloop
  endfacet
  facet normal 0.700951 0.64794 0.298063
    outer loop
      vertex 2.33345 2.33345 9.5
      vertex 1.9799 1.9799 11.1
      vertex 2.12914 1.81845 11.1
    endloop
  endfacet
  facet normal 0.590957 0.749618 0.298065
    outer loop
      vertex 1.93969 2.66976 9.5
      vertex 1.6458 2.26525 11.1
      vertex 2.14318 2.50934 9.5
    endloop
  endfacet
  facet normal -0.918712 -0.259084 0.298067
    outer loop
      vertex -2.66296 -0.865247 11.1
      vertex -3.20882 -0.77037 9.5
      vertex -3.13849 -1.01976 9.5
    endloop
  endfacet
  facet normal 0.832838 -0.466409 0.298066
    outer loop
      vertex 2.94032 -1.49817 9.5
      vertex 2.38739 -1.463 11.1
      vertex 2.81371 -1.72425 9.5
    endloop
  endfacet
  facet normal 0.259084 -0.918712 0.298067
    outer loop
      vertex 0.865247 -2.66296 11.1
      vertex 0.77037 -3.20882 9.5
      vertex 1.01976 -3.13849 9.5
    endloop
  endfacet
  facet normal 0.530311 -0.79368 0.298065
    outer loop
      vertex 1.93969 -2.66976 9.5
      vertex 1.6458 -2.26525 11.1
      vertex 1.72425 -2.81371 9.5
    endloop
  endfacet
  facet normal 0.11219 -0.94793 0.298063
    outer loop
      vertex 0.438016 -2.76553 11.1
      vertex 0.219685 -2.79137 11.1
      vertex 0.516233 -3.25937 9.5
    endloop
  endfacet
  facet normal -0.530311 -0.79368 0.298065
    outer loop
      vertex -1.6458 -2.26525 11.1
      vertex -1.93969 -2.66976 9.5
      vertex -1.72425 -2.81371 9.5
    endloop
  endfacet
  facet normal -0.749618 -0.590957 0.298065
    outer loop
      vertex -2.26525 -1.6458 11.1
      vertex -2.66976 -1.93969 9.5
      vertex -2.50934 -2.14318 9.5
    endloop
  endfacet
  facet normal 0.895535 -0.330415 0.298067
    outer loop
      vertex 3.13849 -1.01976 9.5
      vertex 2.66296 -0.865247 11.1
      vertex 3.0488 -1.26285 9.5
    endloop
  endfacet
  facet normal 0.399614 -0.866872 0.298065
    outer loop
      vertex 1.27117 -2.49482 11.1
      vertex 1.07151 -2.58686 11.1
      vertex 1.49817 -2.94032 9.5
    endloop
  endfacet
  facet normal 0.918705 0.259112 0.298063
    outer loop
      vertex 3.20882 0.77037 9.5
      vertex 2.66296 0.865247 11.1
      vertex 2.72264 0.653646 11.1
    endloop
  endfacet
  facet normal 0.186219 -0.936205 0.298063
    outer loop
      vertex 0.77037 -3.20882 9.5
      vertex 0.438016 -2.76553 11.1
      vertex 0.516233 -3.25937 9.5
    endloop
  endfacet
  facet normal -0.94793 0.11219 0.298063
    outer loop
      vertex -2.76553 0.438016 11.1
      vertex -3.25937 0.516233 9.5
      vertex -2.79137 0.219685 11.1
    endloop
  endfacet
  facet normal 0.259112 0.918705 0.298063
    outer loop
      vertex 0.77037 3.20882 9.5
      vertex 0.653646 2.72264 11.1
      vertex 0.865247 2.66296 11.1
    endloop
  endfacet
  facet normal -0.832837 -0.466411 0.298065
    outer loop
      vertex -2.49482 -1.27117 11.1
      vertex -2.94032 -1.49817 9.5
      vertex -2.38739 -1.463 11.1
    endloop
  endfacet
  facet normal 0.466409 0.832838 0.298066
    outer loop
      vertex 1.49817 2.94032 9.5
      vertex 1.463 2.38739 11.1
      vertex 1.72425 2.81371 9.5
    endloop
  endfacet
  facet normal 0.700951 -0.64794 0.298063
    outer loop
      vertex 2.12914 -1.81845 11.1
      vertex 1.9799 -1.9799 11.1
      vertex 2.33345 -2.33345 9.5
    endloop
  endfacet
  facet normal -0.918705 -0.259112 0.298063
    outer loop
      vertex -2.72264 -0.653646 11.1
      vertex -3.20882 -0.77037 9.5
      vertex -2.66296 -0.865247 11.1
    endloop
  endfacet
  facet normal -0.330415 0.895535 0.298067
    outer loop
      vertex -1.01976 3.13849 9.5
      vertex -1.26285 3.0488 9.5
      vertex -0.865247 2.66296 11.1
    endloop
  endfacet
  facet normal -0.259084 0.918712 0.298067
    outer loop
      vertex -0.77037 3.20882 9.5
      vertex -1.01976 3.13849 9.5
      vertex -0.865247 2.66296 11.1
    endloop
  endfacet
  facet normal -0.95381 0.037465 0.298066
    outer loop
      vertex -3.28983 0.258915 9.5
      vertex -3.3 0 9.5
      vertex -2.79137 0.219685 11.1
    endloop
  endfacet
  facet normal 0.186219 0.936205 0.298063
    outer loop
      vertex 0.516233 3.25937 9.5
      vertex 0.438016 2.76553 11.1
      vertex 0.77037 3.20882 9.5
    endloop
  endfacet
  facet normal 0.793682 0.530308 0.298066
    outer loop
      vertex 2.81371 1.72425 9.5
      vertex 2.26525 1.6458 11.1
      vertex 2.38739 1.463 11.1
    endloop
  endfacet
  facet normal -0.86687 0.399618 0.298065
    outer loop
      vertex -2.94032 1.49817 9.5
      vertex -3.0488 1.26285 9.5
      vertex -2.58686 1.07151 11.1
    endloop
  endfacet
  facet normal 0.866872 0.399614 0.298065
    outer loop
      vertex 2.94032 1.49817 9.5
      vertex 2.49482 1.27117 11.1
      vertex 2.58686 1.07151 11.1
    endloop
  endfacet
  facet normal 0.895535 0.330415 0.298067
    outer loop
      vertex 3.0488 1.26285 9.5
      vertex 2.66296 0.865247 11.1
      vertex 3.13849 1.01976 9.5
    endloop
  endfacet
  facet normal 0.95381 -0.037465 0.298066
    outer loop
      vertex 3.3 0 9.5
      vertex 2.79137 -0.219685 11.1
      vertex 3.28983 -0.258915 9.5
    endloop
  endfacet
  facet normal 0.95381 -0.037469 0.298066
    outer loop
      vertex 2.8 0 11.1
      vertex 2.79137 -0.219685 11.1
      vertex 3.3 0 9.5
    endloop
  endfacet
  facet normal 0.330415 -0.895535 0.298067
    outer loop
      vertex 1.26285 -3.0488 9.5
      vertex 0.865247 -2.66296 11.1
      vertex 1.01976 -3.13849 9.5
    endloop
  endfacet
  facet normal 0.895538 0.330406 0.298066
    outer loop
      vertex 3.0488 1.26285 9.5
      vertex 2.58686 1.07151 11.1
      vertex 2.66296 0.865247 11.1
    endloop
  endfacet
  facet normal 0.186217 -0.936206 0.298063
    outer loop
      vertex 0.653646 -2.72264 11.1
      vertex 0.438016 -2.76553 11.1
      vertex 0.77037 -3.20882 9.5
    endloop
  endfacet
  facet normal -0.94793 -0.11219 0.298063
    outer loop
      vertex -2.79137 -0.219685 11.1
      vertex -3.25937 -0.516233 9.5
      vertex -2.76553 -0.438016 11.1
    endloop
  endfacet
  facet normal -0.95381 -0.037469 0.298066
    outer loop
      vertex -2.8 0 11.1
      vertex -3.3 0 9.5
      vertex -2.79137 -0.219685 11.1
    endloop
  endfacet
  facet normal -0.112211 0.947927 0.298066
    outer loop
      vertex -0.258915 3.28983 9.5
      vertex -0.516233 3.25937 9.5
      vertex -0.219685 2.79137 11.1
    endloop
  endfacet
  facet normal 0.399614 0.866872 0.298065
    outer loop
      vertex 1.49817 2.94032 9.5
      vertex 1.07151 2.58686 11.1
      vertex 1.27117 2.49482 11.1
    endloop
  endfacet
  facet normal -0.79368 0.530311 0.298065
    outer loop
      vertex -2.66976 1.93969 9.5
      vertex -2.81371 1.72425 9.5
      vertex -2.26525 1.6458 11.1
    endloop
  endfacet
  facet normal -0.700933 0.647958 0.298066
    outer loop
      vertex -2.33345 2.33345 9.5
      vertex -2.50934 2.14318 9.5
      vertex -2.12914 1.81845 11.1
    endloop
  endfacet
  facet normal -0.330406 0.895538 0.298066
    outer loop
      vertex -0.865247 2.66296 11.1
      vertex -1.26285 3.0488 9.5
      vertex -1.07151 2.58686 11.1
    endloop
  endfacet
  facet normal 0.749618 -0.590957 0.298065
    outer loop
      vertex 2.66976 -1.93969 9.5
      vertex 2.26525 -1.6458 11.1
      vertex 2.50934 -2.14318 9.5
    endloop
  endfacet
  facet normal 0.700933 0.647958 0.298066
    outer loop
      vertex 2.33345 2.33345 9.5
      vertex 2.12914 1.81845 11.1
      vertex 2.50934 2.14318 9.5
    endloop
  endfacet
  facet normal -0.895538 -0.330406 0.298066
    outer loop
      vertex -2.66296 -0.865247 11.1
      vertex -3.0488 -1.26285 9.5
      vertex -2.58686 -1.07151 11.1
    endloop
  endfacet
  facet normal -0.918705 0.259112 0.298063
    outer loop
      vertex -2.66296 0.865247 11.1
      vertex -3.20882 0.77037 9.5
      vertex -2.72264 0.653646 11.1
    endloop
  endfacet
  facet normal 0.647958 0.700933 0.298066
    outer loop
      vertex 2.14318 2.50934 9.5
      vertex 1.81845 2.12914 11.1
      vertex 2.33345 2.33345 9.5
    endloop
  endfacet
  facet normal 0.037465 -0.95381 0.298066
    outer loop
      vertex 0.219685 -2.79137 11.1
      vertex 0 -3.3 9.5
      vertex 0.258915 -3.28983 9.5
    endloop
  endfacet
  facet normal -0.590963 -0.749613 0.298066
    outer loop
      vertex -1.81845 -2.12914 11.1
      vertex -2.14318 -2.50934 9.5
      vertex -1.6458 -2.26525 11.1
    endloop
  endfacet
  facet normal -0.749613 0.590963 0.298066
    outer loop
      vertex -2.12914 1.81845 11.1
      vertex -2.50934 2.14318 9.5
      vertex -2.26525 1.6458 11.1
    endloop
  endfacet
  facet normal 0.330415 0.895535 0.298067
    outer loop
      vertex 1.01976 3.13849 9.5
      vertex 0.865247 2.66296 11.1
      vertex 1.26285 3.0488 9.5
    endloop
  endfacet
  facet normal -0.936205 0.186219 0.298063
    outer loop
      vertex -3.20882 0.77037 9.5
      vertex -3.25937 0.516233 9.5
      vertex -2.76553 0.438016 11.1
    endloop
  endfacet
  facet normal 0.947927 -0.112211 0.298066
    outer loop
      vertex 3.28983 -0.258915 9.5
      vertex 2.79137 -0.219685 11.1
      vertex 3.25937 -0.516233 9.5
    endloop
  endfacet
  facet normal -0.947927 -0.112211 0.298066
    outer loop
      vertex -2.79137 -0.219685 11.1
      vertex -3.28983 -0.258915 9.5
      vertex -3.25937 -0.516233 9.5
    endloop
  endfacet
  facet normal -0.530311 0.79368 0.298065
    outer loop
      vertex -1.72425 2.81371 9.5
      vertex -1.93969 2.66976 9.5
      vertex -1.6458 2.26525 11.1
    endloop
  endfacet
  facet normal 0.11219 0.94793 0.298063
    outer loop
      vertex 0.516233 3.25937 9.5
      vertex 0.219685 2.79137 11.1
      vertex 0.438016 2.76553 11.1
    endloop
  endfacet
  facet normal -0.037465 -0.95381 0.298066
    outer loop
      vertex -0.219685 -2.79137 11.1
      vertex -0.258915 -3.28983 9.5
      vertex 0 -3.3 9.5
    endloop
  endfacet
  facet normal -0.037469 -0.95381 0.298066
    outer loop
      vertex 0 -2.8 11.1
      vertex -0.219685 -2.79137 11.1
      vertex 0 -3.3 9.5
    endloop
  endfacet
  facet normal -0.259084 -0.918712 0.298067
    outer loop
      vertex -0.865247 -2.66296 11.1
      vertex -1.01976 -3.13849 9.5
      vertex -0.77037 -3.20882 9.5
    endloop
  endfacet
  facet normal -0.330406 -0.895538 0.298066
    outer loop
      vertex -1.07151 -2.58686 11.1
      vertex -1.26285 -3.0488 9.5
      vertex -0.865247 -2.66296 11.1
    endloop
  endfacet
  facet normal 0.399618 -0.86687 0.298065
    outer loop
      vertex 1.49817 -2.94032 9.5
      vertex 1.07151 -2.58686 11.1
      vertex 1.26285 -3.0488 9.5
    endloop
  endfacet
  facet normal 0.749613 0.590963 0.298066
    outer loop
      vertex 2.50934 2.14318 9.5
      vertex 2.12914 1.81845 11.1
      vertex 2.26525 1.6458 11.1
    endloop
  endfacet
  facet normal 0.936206 -0.186217 0.298063
    outer loop
      vertex 2.76553 -0.438016 11.1
      vertex 2.72264 -0.653646 11.1
      vertex 3.20882 -0.77037 9.5
    endloop
  endfacet
  facet normal -0.832837 0.466411 0.298065
    outer loop
      vertex -2.38739 1.463 11.1
      vertex -2.94032 1.49817 9.5
      vertex -2.49482 1.27117 11.1
    endloop
  endfacet
  facet normal 0.832837 -0.466411 0.298065
    outer loop
      vertex 2.49482 -1.27117 11.1
      vertex 2.38739 -1.463 11.1
      vertex 2.94032 -1.49817 9.5
    endloop
  endfacet
  facet normal 0.936206 0.186217 0.298063
    outer loop
      vertex 3.20882 0.77037 9.5
      vertex 2.72264 0.653646 11.1
      vertex 2.76553 0.438016 11.1
    endloop
  endfacet
  facet normal -0.530308 0.793682 0.298066
    outer loop
      vertex -1.463 2.38739 11.1
      vertex -1.72425 2.81371 9.5
      vertex -1.6458 2.26525 11.1
    endloop
  endfacet
  facet normal -0.79368 -0.530311 0.298065
    outer loop
      vertex -2.26525 -1.6458 11.1
      vertex -2.81371 -1.72425 9.5
      vertex -2.66976 -1.93969 9.5
    endloop
  endfacet
  facet normal 0.259084 0.918712 0.298067
    outer loop
      vertex 1.01976 3.13849 9.5
      vertex 0.77037 3.20882 9.5
      vertex 0.865247 2.66296 11.1
    endloop
  endfacet
  facet normal -0.64794 -0.700951 0.298063
    outer loop
      vertex -1.9799 -1.9799 11.1
      vertex -2.33345 -2.33345 9.5
      vertex -1.81845 -2.12914 11.1
    endloop
  endfacet
  facet normal -0.466409 0.832838 0.298066
    outer loop
      vertex -1.49817 2.94032 9.5
      vertex -1.72425 2.81371 9.5
      vertex -1.463 2.38739 11.1
    endloop
  endfacet
  facet normal 0.466411 -0.832837 0.298065
    outer loop
      vertex 1.463 -2.38739 11.1
      vertex 1.27117 -2.49482 11.1
      vertex 1.49817 -2.94032 9.5
    endloop
  endfacet
  facet normal 0.793682 -0.530308 0.298066
    outer loop
      vertex 2.38739 -1.463 11.1
      vertex 2.26525 -1.6458 11.1
      vertex 2.81371 -1.72425 9.5
    endloop
  endfacet
  facet normal 0.79368 -0.530311 0.298065
    outer loop
      vertex 2.81371 -1.72425 9.5
      vertex 2.26525 -1.6458 11.1
      vertex 2.66976 -1.93969 9.5
    endloop
  endfacet
  facet normal -0.832838 0.466409 0.298066
    outer loop
      vertex -2.81371 1.72425 9.5
      vertex -2.94032 1.49817 9.5
      vertex -2.38739 1.463 11.1
    endloop
  endfacet
  facet normal -0.399618 0.86687 0.298065
    outer loop
      vertex -1.26285 3.0488 9.5
      vertex -1.49817 2.94032 9.5
      vertex -1.07151 2.58686 11.1
    endloop
  endfacet
  facet normal 0.832838 0.466409 0.298066
    outer loop
      vertex 2.81371 1.72425 9.5
      vertex 2.38739 1.463 11.1
      vertex 2.94032 1.49817 9.5
    endloop
  endfacet
  facet normal 0.259112 -0.918705 0.298063
    outer loop
      vertex 0.865247 -2.66296 11.1
      vertex 0.653646 -2.72264 11.1
      vertex 0.77037 -3.20882 9.5
    endloop
  endfacet
  facet normal -0.700951 0.64794 0.298063
    outer loop
      vertex -1.9799 1.9799 11.1
      vertex -2.33345 2.33345 9.5
      vertex -2.12914 1.81845 11.1
    endloop
  endfacet
  facet normal -0.466411 -0.832837 0.298065
    outer loop
      vertex -1.463 -2.38739 11.1
      vertex -1.49817 -2.94032 9.5
      vertex -1.27117 -2.49482 11.1
    endloop
  endfacet
  facet normal 0.64794 -0.700951 0.298063
    outer loop
      vertex 1.9799 -1.9799 11.1
      vertex 1.81845 -2.12914 11.1
      vertex 2.33345 -2.33345 9.5
    endloop
  endfacet
  facet normal 0.037469 0.95381 0.298066
    outer loop
      vertex 0 3.3 9.5
      vertex 0 2.8 11.1
      vertex 0.219685 2.79137 11.1
    endloop
  endfacet
  facet normal -0.037469 0.95381 0.298066
    outer loop
      vertex 0 3.3 9.5
      vertex -0.219685 2.79137 11.1
      vertex 0 2.8 11.1
    endloop
  endfacet
  facet normal -0.947927 0.112211 0.298066
    outer loop
      vertex -3.25937 0.516233 9.5
      vertex -3.28983 0.258915 9.5
      vertex -2.79137 0.219685 11.1
    endloop
  endfacet
  facet normal 0.530308 0.793682 0.298066
    outer loop
      vertex 1.72425 2.81371 9.5
      vertex 1.463 2.38739 11.1
      vertex 1.6458 2.26525 11.1
    endloop
  endfacet
  facet normal -0.11219 0.94793 0.298063
    outer loop
      vertex -0.219685 2.79137 11.1
      vertex -0.516233 3.25937 9.5
      vertex -0.438016 2.76553 11.1
    endloop
  endfacet
  facet normal 0.186217 0.936206 0.298063
    outer loop
      vertex 0.77037 3.20882 9.5
      vertex 0.438016 2.76553 11.1
      vertex 0.653646 2.72264 11.1
    endloop
  endfacet
  facet normal 0.112211 0.947927 0.298066
    outer loop
      vertex 0.258915 3.28983 9.5
      vertex 0.219685 2.79137 11.1
      vertex 0.516233 3.25937 9.5
    endloop
  endfacet
  facet normal -0.466411 0.832837 0.298065
    outer loop
      vertex -1.27117 2.49482 11.1
      vertex -1.49817 2.94032 9.5
      vertex -1.463 2.38739 11.1
    endloop
  endfacet
  facet normal 0.895538 -0.330406 0.298066
    outer loop
      vertex 2.66296 -0.865247 11.1
      vertex 2.58686 -1.07151 11.1
      vertex 3.0488 -1.26285 9.5
    endloop
  endfacet
  facet normal -0.399614 0.866872 0.298065
    outer loop
      vertex -1.07151 2.58686 11.1
      vertex -1.49817 2.94032 9.5
      vertex -1.27117 2.49482 11.1
    endloop
  endfacet
  facet normal -0.112211 -0.947927 0.298066
    outer loop
      vertex -0.219685 -2.79137 11.1
      vertex -0.516233 -3.25937 9.5
      vertex -0.258915 -3.28983 9.5
    endloop
  endfacet
  facet normal -0.895538 0.330406 0.298066
    outer loop
      vertex -2.58686 1.07151 11.1
      vertex -3.0488 1.26285 9.5
      vertex -2.66296 0.865247 11.1
    endloop
  endfacet
  facet normal -0.11219 -0.94793 0.298063
    outer loop
      vertex -0.438016 -2.76553 11.1
      vertex -0.516233 -3.25937 9.5
      vertex -0.219685 -2.79137 11.1
    endloop
  endfacet
  facet normal -0.530308 -0.793682 0.298066
    outer loop
      vertex -1.6458 -2.26525 11.1
      vertex -1.72425 -2.81371 9.5
      vertex -1.463 -2.38739 11.1
    endloop
  endfacet
  facet normal -0.895535 0.330415 0.298067
    outer loop
      vertex -3.0488 1.26285 9.5
      vertex -3.13849 1.01976 9.5
      vertex -2.66296 0.865247 11.1
    endloop
  endfacet
  facet normal -0.399618 -0.86687 0.298065
    outer loop
      vertex -1.07151 -2.58686 11.1
      vertex -1.49817 -2.94032 9.5
      vertex -1.26285 -3.0488 9.5
    endloop
  endfacet
  facet normal -0.259112 -0.918705 0.298063
    outer loop
      vertex -0.653646 -2.72264 11.1
      vertex -0.865247 -2.66296 11.1
      vertex -0.77037 -3.20882 9.5
    endloop
  endfacet
  facet normal -0.866872 0.399614 0.298065
    outer loop
      vertex -2.49482 1.27117 11.1
      vertex -2.94032 1.49817 9.5
      vertex -2.58686 1.07151 11.1
    endloop
  endfacet
  facet normal 0.749618 0.590957 0.298065
    outer loop
      vertex 2.50934 2.14318 9.5
      vertex 2.26525 1.6458 11.1
      vertex 2.66976 1.93969 9.5
    endloop
  endfacet
  facet normal -0.590957 0.749618 0.298065
    outer loop
      vertex -1.93969 2.66976 9.5
      vertex -2.14318 2.50934 9.5
      vertex -1.6458 2.26525 11.1
    endloop
  endfacet
  facet normal 0.037465 0.95381 0.298066
    outer loop
      vertex 0.258915 3.28983 9.5
      vertex 0 3.3 9.5
      vertex 0.219685 2.79137 11.1
    endloop
  endfacet
  facet normal -0.647958 -0.700933 0.298066
    outer loop
      vertex -1.81845 -2.12914 11.1
      vertex -2.33345 -2.33345 9.5
      vertex -2.14318 -2.50934 9.5
    endloop
  endfacet
  facet normal -0.186217 0.936206 0.298063
    outer loop
      vertex -0.438016 2.76553 11.1
      vertex -0.77037 3.20882 9.5
      vertex -0.653646 2.72264 11.1
    endloop
  endfacet
  facet normal 0.749613 -0.590963 0.298066
    outer loop
      vertex 2.26525 -1.6458 11.1
      vertex 2.12914 -1.81845 11.1
      vertex 2.50934 -2.14318 9.5
    endloop
  endfacet
  facet normal 0.94793 -0.11219 0.298063
    outer loop
      vertex 2.79137 -0.219685 11.1
      vertex 2.76553 -0.438016 11.1
      vertex 3.25937 -0.516233 9.5
    endloop
  endfacet
  facet normal 0.530311 0.79368 0.298065
    outer loop
      vertex 1.72425 2.81371 9.5
      vertex 1.6458 2.26525 11.1
      vertex 1.93969 2.66976 9.5
    endloop
  endfacet
  facet normal 0.590963 0.749613 0.298066
    outer loop
      vertex 2.14318 2.50934 9.5
      vertex 1.6458 2.26525 11.1
      vertex 1.81845 2.12914 11.1
    endloop
  endfacet
  facet normal -0.186219 0.936205 0.298063
    outer loop
      vertex -0.516233 3.25937 9.5
      vertex -0.77037 3.20882 9.5
      vertex -0.438016 2.76553 11.1
    endloop
  endfacet
  facet normal 0.466411 0.832837 0.298065
    outer loop
      vertex 1.49817 2.94032 9.5
      vertex 1.27117 2.49482 11.1
      vertex 1.463 2.38739 11.1
    endloop
  endfacet
  facet normal -0.749618 0.590957 0.298065
    outer loop
      vertex -2.50934 2.14318 9.5
      vertex -2.66976 1.93969 9.5
      vertex -2.26525 1.6458 11.1
    endloop
  endfacet
  facet normal 0.866872 -0.399614 0.298065
    outer loop
      vertex 2.58686 -1.07151 11.1
      vertex 2.49482 -1.27117 11.1
      vertex 2.94032 -1.49817 9.5
    endloop
  endfacet
  facet normal -0.647958 0.700933 0.298066
    outer loop
      vertex -2.14318 2.50934 9.5
      vertex -2.33345 2.33345 9.5
      vertex -1.81845 2.12914 11.1
    endloop
  endfacet
  facet normal -0.64794 0.700951 0.298063
    outer loop
      vertex -1.81845 2.12914 11.1
      vertex -2.33345 2.33345 9.5
      vertex -1.9799 1.9799 11.1
    endloop
  endfacet
  facet normal -0.918712 0.259084 0.298067
    outer loop
      vertex -3.13849 1.01976 9.5
      vertex -3.20882 0.77037 9.5
      vertex -2.66296 0.865247 11.1
    endloop
  endfacet
  facet normal -0.936206 0.186217 0.298063
    outer loop
      vertex -2.72264 0.653646 11.1
      vertex -3.20882 0.77037 9.5
      vertex -2.76553 0.438016 11.1
    endloop
  endfacet
  facet normal -0.700933 -0.647958 0.298066
    outer loop
      vertex -2.12914 -1.81845 11.1
      vertex -2.50934 -2.14318 9.5
      vertex -2.33345 -2.33345 9.5
    endloop
  endfacet
  facet normal -0.700951 -0.64794 0.298063
    outer loop
      vertex -2.12914 -1.81845 11.1
      vertex -2.33345 -2.33345 9.5
      vertex -1.9799 -1.9799 11.1
    endloop
  endfacet
  facet normal 0.590957 -0.749618 0.298065
    outer loop
      vertex 2.14318 -2.50934 9.5
      vertex 1.6458 -2.26525 11.1
      vertex 1.93969 -2.66976 9.5
    endloop
  endfacet
  facet normal 0.647958 -0.700933 0.298066
    outer loop
      vertex 2.33345 -2.33345 9.5
      vertex 1.81845 -2.12914 11.1
      vertex 2.14318 -2.50934 9.5
    endloop
  endfacet
  facet normal 0.530308 -0.793682 0.298066
    outer loop
      vertex 1.6458 -2.26525 11.1
      vertex 1.463 -2.38739 11.1
      vertex 1.72425 -2.81371 9.5
    endloop
  endfacet
  facet normal -0.749613 -0.590963 0.298066
    outer loop
      vertex -2.26525 -1.6458 11.1
      vertex -2.50934 -2.14318 9.5
      vertex -2.12914 -1.81845 11.1
    endloop
  endfacet
  facet normal 0.709607 -0.65587 -0.257474
    outer loop
      vertex 1.9799 -1.9799 1.5
      vertex 1.69706 -1.69706 0
      vertex 1.82497 -1.55867 0
    endloop
  endfacet
  facet normal 0.404528 -0.877533 -0.257474
    outer loop
      vertex 1.27117 -2.49482 1.5
      vertex 1.07151 -2.58686 1.5
      vertex 1.08958 -2.13842 0
    endloop
  endfacet
  facet normal -0.598233 -0.758829 -0.257481
    outer loop
      vertex -1.41068 -1.94164 0
      vertex -1.6458 -2.26525 1.5
      vertex -1.55867 -1.82497 0
    endloop
  endfacet
  facet normal 0.96554 0.0379298 -0.257477
    outer loop
      vertex 2.8 0 1.5
      vertex 2.4 0 0
      vertex 2.79137 0.219685 1.5
    endloop
  endfacet
  facet normal 0.965539 0.0379445 -0.257479
    outer loop
      vertex 2.4 0 0
      vertex 2.3926 0.188301 0
      vertex 2.79137 0.219685 1.5
    endloop
  endfacet
  facet normal -0.113569 -0.959586 -0.25748
    outer loop
      vertex -0.219685 -2.79137 1.5
      vertex -0.438016 -2.76553 1.5
      vertex -0.375443 -2.37045 0
    endloop
  endfacet
  facet normal 0.59823 0.758831 -0.257481
    outer loop
      vertex 1.81845 2.12914 1.5
      vertex 1.55867 1.82497 0
      vertex 1.6458 2.26525 1.5
    endloop
  endfacet
  facet normal -0.33447 -0.906552 -0.257476
    outer loop
      vertex -0.74164 -2.28254 0
      vertex -1.07151 -2.58686 1.5
      vertex -0.91844 -2.21731 0
    endloop
  endfacet
  facet normal -0.472149 -0.843079 -0.257474
    outer loop
      vertex -1.08958 -2.13842 0
      vertex -1.463 -2.38739 1.5
      vertex -1.254 -2.04634 0
    endloop
  endfacet
  facet normal 0.334469 0.906552 -0.257476
    outer loop
      vertex 1.07151 2.58686 1.5
      vertex 0.74164 2.28254 0
      vertex 0.865247 2.66296 1.5
    endloop
  endfacet
  facet normal -0.96554 0.0379298 -0.257477
    outer loop
      vertex -2.4 0 0
      vertex -2.8 0 1.5
      vertex -2.79137 0.219685 1.5
    endloop
  endfacet
  facet normal -0.536873 -0.803412 -0.257481
    outer loop
      vertex -1.254 -2.04634 0
      vertex -1.6458 -2.26525 1.5
      vertex -1.41068 -1.94164 0
    endloop
  endfacet
  facet normal 0.803412 -0.536873 -0.257481
    outer loop
      vertex 2.26525 -1.6458 1.5
      vertex 1.94164 -1.41068 0
      vertex 2.04634 -1.254 0
    endloop
  endfacet
  facet normal -0.965539 0.0379445 -0.257479
    outer loop
      vertex -2.4 0 0
      vertex -2.79137 0.219685 1.5
      vertex -2.3926 0.188301 0
    endloop
  endfacet
  facet normal -0.33447 0.906552 -0.257476
    outer loop
      vertex -0.91844 2.21731 0
      vertex -1.07151 2.58686 1.5
      vertex -0.74164 2.28254 0
    endloop
  endfacet
  facet normal 0.959586 -0.113576 -0.257479
    outer loop
      vertex 2.79137 -0.219685 1.5
      vertex 2.37045 -0.375443 0
      vertex 2.3926 -0.188301 0
    endloop
  endfacet
  facet normal 0.959586 -0.113569 -0.25748
    outer loop
      vertex 2.76553 -0.438016 1.5
      vertex 2.37045 -0.375443 0
      vertex 2.79137 -0.219685 1.5
    endloop
  endfacet
  facet normal 0.188506 -0.947718 -0.25748
    outer loop
      vertex 0.438016 -2.76553 1.5
      vertex 0.375443 -2.37045 0
      vertex 0.653646 -2.72264 1.5
    endloop
  endfacet
  facet normal -0.877538 -0.404517 -0.257476
    outer loop
      vertex -2.13842 -1.08958 0
      vertex -2.58686 -1.07151 1.5
      vertex -2.21731 -0.91844 0
    endloop
  endfacet
  facet normal 0.404517 -0.877538 -0.257476
    outer loop
      vertex 1.07151 -2.58686 1.5
      vertex 0.91844 -2.21731 0
      vertex 1.08958 -2.13842 0
    endloop
  endfacet
  facet normal 0.803443 0.53683 -0.257474
    outer loop
      vertex 2.38739 1.463 1.5
      vertex 2.04634 1.254 0
      vertex 2.26525 1.6458 1.5
    endloop
  endfacet
  facet normal -0.404528 0.877533 -0.257474
    outer loop
      vertex -1.08958 2.13842 0
      vertex -1.27117 2.49482 1.5
      vertex -1.07151 2.58686 1.5
    endloop
  endfacet
  facet normal 0.188493 -0.947721 -0.257478
    outer loop
      vertex 0.653646 -2.72264 1.5
      vertex 0.375443 -2.37045 0
      vertex 0.560268 -2.33369 0
    endloop
  endfacet
  facet normal 0.0379445 -0.965539 -0.257479
    outer loop
      vertex 0.219685 -2.79137 1.5
      vertex 0 -2.4 0
      vertex 0.188301 -2.3926 0
    endloop
  endfacet
  facet normal -0.655907 -0.70957 -0.257481
    outer loop
      vertex -1.81845 -2.12914 1.5
      vertex -1.9799 -1.9799 1.5
      vertex -1.55867 -1.82497 0
    endloop
  endfacet
  facet normal -0.947718 -0.188506 -0.25748
    outer loop
      vertex -2.72264 -0.653646 1.5
      vertex -2.76553 -0.438016 1.5
      vertex -2.37045 -0.375443 0
    endloop
  endfacet
  facet normal -0.803443 0.53683 -0.257474
    outer loop
      vertex -2.04634 1.254 0
      vertex -2.38739 1.463 1.5
      vertex -2.26525 1.6458 1.5
    endloop
  endfacet
  facet normal 0.0379298 -0.96554 -0.257477
    outer loop
      vertex 0.219685 -2.79137 1.5
      vertex 0 -2.8 1.5
      vertex 0 -2.4 0
    endloop
  endfacet
  facet normal 0.655907 -0.70957 -0.257481
    outer loop
      vertex 1.81845 -2.12914 1.5
      vertex 1.55867 -1.82497 0
      vertex 1.9799 -1.9799 1.5
    endloop
  endfacet
  facet normal 0.947721 0.188493 -0.257478
    outer loop
      vertex 2.37045 0.375443 0
      vertex 2.33369 0.560268 0
      vertex 2.72264 0.653646 1.5
    endloop
  endfacet
  facet normal 0.877533 -0.404528 -0.257474
    outer loop
      vertex 2.49482 -1.27117 1.5
      vertex 2.13842 -1.08958 0
      vertex 2.58686 -1.07151 1.5
    endloop
  endfacet
  facet normal 0.70957 -0.655907 -0.257481
    outer loop
      vertex 1.9799 -1.9799 1.5
      vertex 1.82497 -1.55867 0
      vertex 2.12914 -1.81845 1.5
    endloop
  endfacet
  facet normal -0.906552 0.33447 -0.257476
    outer loop
      vertex -2.28254 0.74164 0
      vertex -2.58686 1.07151 1.5
      vertex -2.21731 0.91844 0
    endloop
  endfacet
  facet normal 0.84308 -0.472148 -0.257474
    outer loop
      vertex 2.38739 -1.463 1.5
      vertex 2.13842 -1.08958 0
      vertex 2.49482 -1.27117 1.5
    endloop
  endfacet
  facet normal -0.803412 0.536873 -0.257481
    outer loop
      vertex -2.04634 1.254 0
      vertex -2.26525 1.6458 1.5
      vertex -1.94164 1.41068 0
    endloop
  endfacet
  facet normal -0.803412 -0.536873 -0.257481
    outer loop
      vertex -1.94164 -1.41068 0
      vertex -2.26525 -1.6458 1.5
      vertex -2.04634 -1.254 0
    endloop
  endfacet
  facet normal 0.96554 -0.0379298 -0.257477
    outer loop
      vertex 2.79137 -0.219685 1.5
      vertex 2.4 0 0
      vertex 2.8 0 1.5
    endloop
  endfacet
  facet normal -0.965539 -0.0379445 -0.257479
    outer loop
      vertex -2.3926 -0.188301 0
      vertex -2.79137 -0.219685 1.5
      vertex -2.4 0 0
    endloop
  endfacet
  facet normal -0.877533 -0.404528 -0.257474
    outer loop
      vertex -2.49482 -1.27117 1.5
      vertex -2.58686 -1.07151 1.5
      vertex -2.13842 -1.08958 0
    endloop
  endfacet
  facet normal 0 0 -1
    outer loop
      vertex 1.8 0 0
      vertex 2.4 0 0
      vertex 2.3926 -0.188301 0
    endloop
  endfacet
  facet normal 0 0 -1
    outer loop
      vertex 1.79445 -0.141226 0
      vertex 2.3926 -0.188301 0
      vertex 2.37045 -0.375443 0
    endloop
  endfacet
  facet normal 0 0 -1
    outer loop
      vertex 2.4 0 0
      vertex 1.8 0 0
      vertex 2.3926 0.188301 0
    endloop
  endfacet
  facet normal 0 0 -1
    outer loop
      vertex 1.77784 -0.281582 0
      vertex 2.37045 -0.375443 0
      vertex 2.33369 -0.560268 0
    endloop
  endfacet
  facet normal 0 0 -1
    outer loop
      vertex 1.79445 0.141226 0
      vertex 2.3926 0.188301 0
      vertex 1.8 0 0
    endloop
  endfacet
  facet normal 0 0 -1
    outer loop
      vertex 1.75027 -0.420201 0
      vertex 2.33369 -0.560268 0
      vertex 2.28254 -0.74164 0
    endloop
  endfacet
  facet normal -0 0 -1
    outer loop
      vertex 2.3926 0.188301 0
      vertex 1.79445 0.141226 0
      vertex 2.37045 0.375443 0
    endloop
  endfacet
  facet normal 0 0 -1
    outer loop
      vertex 1.7119 -0.556231 0
      vertex 2.28254 -0.74164 0
      vertex 2.21731 -0.91844 0
    endloop
  endfacet
  facet normal 0 0 -1
    outer loop
      vertex 1.77784 0.281582 0
      vertex 2.37045 0.375443 0
      vertex 1.79445 0.141226 0
    endloop
  endfacet
  facet normal 0 0 -1
    outer loop
      vertex 1.66298 -0.688829 0
      vertex 2.21731 -0.91844 0
      vertex 2.13842 -1.08958 0
    endloop
  endfacet
  facet normal -0 0 -1
    outer loop
      vertex 2.37045 0.375443 0
      vertex 1.77784 0.281582 0
      vertex 2.33369 0.560268 0
    endloop
  endfacet
  facet normal 0 0 -1
    outer loop
      vertex 1.60381 -0.817183 0
      vertex 2.13842 -1.08958 0
      vertex 2.04634 -1.254 0
    endloop
  endfacet
  facet normal 0 0 -1
    outer loop
      vertex 1.75027 0.420201 0
      vertex 2.33369 0.560268 0
      vertex 1.77784 0.281582 0
    endloop
  endfacet
  facet normal 0 0 -1
    outer loop
      vertex 1.53475 -0.940497 0
      vertex 2.04634 -1.254 0
      vertex 1.94164 -1.41068 0
    endloop
  endfacet
  facet normal -0 0 -1
    outer loop
      vertex 2.33369 0.560268 0
      vertex 1.75027 0.420201 0
      vertex 2.28254 0.74164 0
    endloop
  endfacet
  facet normal 0 0 -1
    outer loop
      vertex 1.45623 -1.05801 0
      vertex 1.94164 -1.41068 0
      vertex 1.82497 -1.55867 0
    endloop
  endfacet
  facet normal 0 0 -1
    outer loop
      vertex 1.7119 0.556231 0
      vertex 2.28254 0.74164 0
      vertex 1.75027 0.420201 0
    endloop
  endfacet
  facet normal -0 0 -1
    outer loop
      vertex 2.28254 0.74164 0
      vertex 1.7119 0.556231 0
      vertex 2.21731 0.91844 0
    endloop
  endfacet
  facet normal 0 0 -1
    outer loop
      vertex 2.3926 -0.188301 0
      vertex 1.79445 -0.141226 0
      vertex 1.8 0 0
    endloop
  endfacet
  facet normal 0 0 -1
    outer loop
      vertex 2.37045 -0.375443 0
      vertex 1.77784 -0.281582 0
      vertex 1.79445 -0.141226 0
    endloop
  endfacet
  facet normal 0 0 -1
    outer loop
      vertex 2.33369 -0.560268 0
      vertex 1.75027 -0.420201 0
      vertex 1.77784 -0.281582 0
    endloop
  endfacet
  facet normal 0 0 -1
    outer loop
      vertex 2.28254 -0.74164 0
      vertex 1.7119 -0.556231 0
      vertex 1.75027 -0.420201 0
    endloop
  endfacet
  facet normal 0 0 -1
    outer loop
      vertex 1.36873 -1.16901 0
      vertex 1.82497 -1.55867 0
      vertex 1.69706 -1.69706 0
    endloop
  endfacet
  facet normal 0 0 -1
    outer loop
      vertex 2.21731 -0.91844 0
      vertex 1.66298 -0.688829 0
      vertex 1.7119 -0.556231 0
    endloop
  endfacet
  facet normal 0 0 -1
    outer loop
      vertex 2.13842 -1.08958 0
      vertex 1.60381 -0.817183 0
      vertex 1.66298 -0.688829 0
    endloop
  endfacet
  facet normal 0 0 -1
    outer loop
      vertex 1.27279 -1.27279 0
      vertex 1.69706 -1.69706 0
      vertex 1.55867 -1.82497 0
    endloop
  endfacet
  facet normal 0 0 -1
    outer loop
      vertex 2.04634 -1.254 0
      vertex 1.53475 -0.940497 0
      vertex 1.60381 -0.817183 0
    endloop
  endfacet
  facet normal 0 0 -1
    outer loop
      vertex 1.94164 -1.41068 0
      vertex 1.45623 -1.05801 0
      vertex 1.53475 -0.940497 0
    endloop
  endfacet
  facet normal 0 0 -1
    outer loop
      vertex 1.16901 -1.36873 0
      vertex 1.55867 -1.82497 0
      vertex 1.41068 -1.94164 0
    endloop
  endfacet
  facet normal 0 0 -1
    outer loop
      vertex 1.82497 -1.55867 0
      vertex 1.36873 -1.16901 0
      vertex 1.45623 -1.05801 0
    endloop
  endfacet
  facet normal 0 0 -1
    outer loop
      vertex 1.69706 -1.69706 0
      vertex 1.27279 -1.27279 0
      vertex 1.36873 -1.16901 0
    endloop
  endfacet
  facet normal 0 0 -1
    outer loop
      vertex 1.05801 -1.45623 0
      vertex 1.41068 -1.94164 0
      vertex 1.254 -2.04634 0
    endloop
  endfacet
  facet normal 0 0 -1
    outer loop
      vertex 1.55867 -1.82497 0
      vertex 1.16901 -1.36873 0
      vertex 1.27279 -1.27279 0
    endloop
  endfacet
  facet normal 0 0 -1
    outer loop
      vertex 0.940497 -1.53475 0
      vertex 1.254 -2.04634 0
      vertex 1.08958 -2.13842 0
    endloop
  endfacet
  facet normal 0 0 -1
    outer loop
      vertex 1.41068 -1.94164 0
      vertex 1.05801 -1.45623 0
      vertex 1.16901 -1.36873 0
    endloop
  endfacet
  facet normal 0 0 -1
    outer loop
      vertex 1.254 -2.04634 0
      vertex 0.940497 -1.53475 0
      vertex 1.05801 -1.45623 0
    endloop
  endfacet
  facet normal 0 0 -1
    outer loop
      vertex 0.817183 -1.60381 0
      vertex 1.08958 -2.13842 0
      vertex 0.91844 -2.21731 0
    endloop
  endfacet
  facet normal 0 0 -1
    outer loop
      vertex 1.08958 -2.13842 0
      vertex 0.817183 -1.60381 0
      vertex 0.940497 -1.53475 0
    endloop
  endfacet
  facet normal 0 0 -1
    outer loop
      vertex 0.688829 -1.66298 0
      vertex 0.91844 -2.21731 0
      vertex 0.74164 -2.28254 0
    endloop
  endfacet
  facet normal 0 0 -1
    outer loop
      vertex 0.91844 -2.21731 0
      vertex 0.688829 -1.66298 0
      vertex 0.817183 -1.60381 0
    endloop
  endfacet
  facet normal 0 0 -1
    outer loop
      vertex 0.556231 -1.7119 0
      vertex 0.74164 -2.28254 0
      vertex 0.560268 -2.33369 0
    endloop
  endfacet
  facet normal 0 0 -1
    outer loop
      vertex 0.74164 -2.28254 0
      vertex 0.556231 -1.7119 0
      vertex 0.688829 -1.66298 0
    endloop
  endfacet
  facet normal 0 0 -1
    outer loop
      vertex 0.560268 -2.33369 0
      vertex 0.420201 -1.75027 0
      vertex 0.556231 -1.7119 0
    endloop
  endfacet
  facet normal 0 0 -1
    outer loop
      vertex 0.375443 -2.37045 0
      vertex 0.420201 -1.75027 0
      vertex 0.560268 -2.33369 0
    endloop
  endfacet
  facet normal 0 0 -1
    outer loop
      vertex 0.375443 -2.37045 0
      vertex 0.281582 -1.77784 0
      vertex 0.420201 -1.75027 0
    endloop
  endfacet
  facet normal 0 0 -1
    outer loop
      vertex 0.188301 -2.3926 0
      vertex 0.281582 -1.77784 0
      vertex 0.375443 -2.37045 0
    endloop
  endfacet
  facet normal 0 0 -1
    outer loop
      vertex 0.188301 -2.3926 0
      vertex 0.141226 -1.79445 0
      vertex 0.281582 -1.77784 0
    endloop
  endfacet
  facet normal 0 0 -1
    outer loop
      vertex 0 -2.4 0
      vertex 0.141226 -1.79445 0
      vertex 0.188301 -2.3926 0
    endloop
  endfacet
  facet normal 0 0 -1
    outer loop
      vertex 0 -2.4 0
      vertex 0 -1.8 0
      vertex 0.141226 -1.79445 0
    endloop
  endfacet
  facet normal 0 0 -1
    outer loop
      vertex 0 -2.4 0
      vertex -0.141226 -1.79445 0
      vertex 0 -1.8 0
    endloop
  endfacet
  facet normal 0 0 -1
    outer loop
      vertex -0.188301 -2.3926 0
      vertex -0.141226 -1.79445 0
      vertex 0 -2.4 0
    endloop
  endfacet
  facet normal 0 0 -1
    outer loop
      vertex -0.188301 -2.3926 0
      vertex -0.281582 -1.77784 0
      vertex -0.141226 -1.79445 0
    endloop
  endfacet
  facet normal 0 0 -1
    outer loop
      vertex -0.375443 -2.37045 0
      vertex -0.281582 -1.77784 0
      vertex -0.188301 -2.3926 0
    endloop
  endfacet
  facet normal 0 0 -1
    outer loop
      vertex -0.375443 -2.37045 0
      vertex -0.420201 -1.75027 0
      vertex -0.281582 -1.77784 0
    endloop
  endfacet
  facet normal 0 0 -1
    outer loop
      vertex -0.560268 -2.33369 0
      vertex -0.420201 -1.75027 0
      vertex -0.375443 -2.37045 0
    endloop
  endfacet
  facet normal -0 0 -1
    outer loop
      vertex -0.420201 -1.75027 0
      vertex -0.560268 -2.33369 0
      vertex -0.556231 -1.7119 0
    endloop
  endfacet
  facet normal 0 0 -1
    outer loop
      vertex -0.74164 -2.28254 0
      vertex -0.556231 -1.7119 0
      vertex -0.560268 -2.33369 0
    endloop
  endfacet
  facet normal -0 0 -1
    outer loop
      vertex -0.556231 -1.7119 0
      vertex -0.74164 -2.28254 0
      vertex -0.688829 -1.66298 0
    endloop
  endfacet
  facet normal 0 0 -1
    outer loop
      vertex -0.91844 -2.21731 0
      vertex -0.688829 -1.66298 0
      vertex -0.74164 -2.28254 0
    endloop
  endfacet
  facet normal -0 0 -1
    outer loop
      vertex -0.688829 -1.66298 0
      vertex -0.91844 -2.21731 0
      vertex -0.817183 -1.60381 0
    endloop
  endfacet
  facet normal 0 0 -1
    outer loop
      vertex -1.08958 -2.13842 0
      vertex -0.817183 -1.60381 0
      vertex -0.91844 -2.21731 0
    endloop
  endfacet
  facet normal -0 0 -1
    outer loop
      vertex -0.817183 -1.60381 0
      vertex -1.08958 -2.13842 0
      vertex -0.940497 -1.53475 0
    endloop
  endfacet
  facet normal 0 0 -1
    outer loop
      vertex -1.254 -2.04634 0
      vertex -0.940497 -1.53475 0
      vertex -1.08958 -2.13842 0
    endloop
  endfacet
  facet normal -0 0 -1
    outer loop
      vertex -0.940497 -1.53475 0
      vertex -1.254 -2.04634 0
      vertex -1.05801 -1.45623 0
    endloop
  endfacet
  facet normal 0 0 -1
    outer loop
      vertex -1.41068 -1.94164 0
      vertex -1.05801 -1.45623 0
      vertex -1.254 -2.04634 0
    endloop
  endfacet
  facet normal -0 0 -1
    outer loop
      vertex -1.05801 -1.45623 0
      vertex -1.41068 -1.94164 0
      vertex -1.16901 -1.36873 0
    endloop
  endfacet
  facet normal 0 0 -1
    outer loop
      vertex -1.55867 -1.82497 0
      vertex -1.16901 -1.36873 0
      vertex -1.41068 -1.94164 0
    endloop
  endfacet
  facet normal -0 0 -1
    outer loop
      vertex -1.16901 -1.36873 0
      vertex -1.55867 -1.82497 0
      vertex -1.27279 -1.27279 0
    endloop
  endfacet
  facet normal 0 0 -1
    outer loop
      vertex -1.69706 -1.69706 0
      vertex -1.27279 -1.27279 0
      vertex -1.55867 -1.82497 0
    endloop
  endfacet
  facet normal -0 0 -1
    outer loop
      vertex -1.27279 -1.27279 0
      vertex -1.69706 -1.69706 0
      vertex -1.36873 -1.16901 0
    endloop
  endfacet
  facet normal 0 0 -1
    outer loop
      vertex -1.82497 -1.55867 0
      vertex -1.36873 -1.16901 0
      vertex -1.69706 -1.69706 0
    endloop
  endfacet
  facet normal -0 0 -1
    outer loop
      vertex -1.36873 -1.16901 0
      vertex -1.82497 -1.55867 0
      vertex -1.45623 -1.05801 0
    endloop
  endfacet
  facet normal 0 0 -1
    outer loop
      vertex -1.94164 -1.41068 0
      vertex -1.45623 -1.05801 0
      vertex -1.82497 -1.55867 0
    endloop
  endfacet
  facet normal -0 0 -1
    outer loop
      vertex -1.45623 -1.05801 0
      vertex -1.94164 -1.41068 0
      vertex -1.53475 -0.940497 0
    endloop
  endfacet
  facet normal 0 0 -1
    outer loop
      vertex -2.04634 -1.254 0
      vertex -1.53475 -0.940497 0
      vertex -1.94164 -1.41068 0
    endloop
  endfacet
  facet normal -0 0 -1
    outer loop
      vertex -1.53475 -0.940497 0
      vertex -2.04634 -1.254 0
      vertex -1.60381 -0.817183 0
    endloop
  endfacet
  facet normal 0 0 -1
    outer loop
      vertex -2.13842 -1.08958 0
      vertex -1.60381 -0.817183 0
      vertex -2.04634 -1.254 0
    endloop
  endfacet
  facet normal -0 0 -1
    outer loop
      vertex -1.60381 -0.817183 0
      vertex -2.13842 -1.08958 0
      vertex -1.66298 -0.688829 0
    endloop
  endfacet
  facet normal -0 0 -1
    outer loop
      vertex -1.66298 -0.688829 0
      vertex -2.21731 -0.91844 0
      vertex -1.7119 -0.556231 0
    endloop
  endfacet
  facet normal 0 0 -1
    outer loop
      vertex -2.21731 -0.91844 0
      vertex -1.66298 -0.688829 0
      vertex -2.13842 -1.08958 0
    endloop
  endfacet
  facet normal 0 0 -1
    outer loop
      vertex 1.66298 0.688829 0
      vertex 2.21731 0.91844 0
      vertex 1.7119 0.556231 0
    endloop
  endfacet
  facet normal -0 0 -1
    outer loop
      vertex 2.21731 0.91844 0
      vertex 1.66298 0.688829 0
      vertex 2.13842 1.08958 0
    endloop
  endfacet
  facet normal 0 0 -1
    outer loop
      vertex 1.60381 0.817183 0
      vertex 2.13842 1.08958 0
      vertex 1.66298 0.688829 0
    endloop
  endfacet
  facet normal -0 0 -1
    outer loop
      vertex 2.13842 1.08958 0
      vertex 1.60381 0.817183 0
      vertex 2.04634 1.254 0
    endloop
  endfacet
  facet normal 0 0 -1
    outer loop
      vertex 1.53475 0.940497 0
      vertex 2.04634 1.254 0
      vertex 1.60381 0.817183 0
    endloop
  endfacet
  facet normal -0 0 -1
    outer loop
      vertex 2.04634 1.254 0
      vertex 1.53475 0.940497 0
      vertex 1.94164 1.41068 0
    endloop
  endfacet
  facet normal 0 0 -1
    outer loop
      vertex 1.45623 1.05801 0
      vertex 1.94164 1.41068 0
      vertex 1.53475 0.940497 0
    endloop
  endfacet
  facet normal -0 0 -1
    outer loop
      vertex 1.94164 1.41068 0
      vertex 1.45623 1.05801 0
      vertex 1.82497 1.55867 0
    endloop
  endfacet
  facet normal 0 0 -1
    outer loop
      vertex 1.36873 1.16901 0
      vertex 1.82497 1.55867 0
      vertex 1.45623 1.05801 0
    endloop
  endfacet
  facet normal -0 0 -1
    outer loop
      vertex 1.82497 1.55867 0
      vertex 1.36873 1.16901 0
      vertex 1.69706 1.69706 0
    endloop
  endfacet
  facet normal 0 0 -1
    outer loop
      vertex 1.27279 1.27279 0
      vertex 1.69706 1.69706 0
      vertex 1.36873 1.16901 0
    endloop
  endfacet
  facet normal -0 0 -1
    outer loop
      vertex 1.69706 1.69706 0
      vertex 1.27279 1.27279 0
      vertex 1.55867 1.82497 0
    endloop
  endfacet
  facet normal 0 0 -1
    outer loop
      vertex 1.16901 1.36873 0
      vertex 1.55867 1.82497 0
      vertex 1.27279 1.27279 0
    endloop
  endfacet
  facet normal -0 0 -1
    outer loop
      vertex 1.55867 1.82497 0
      vertex 1.16901 1.36873 0
      vertex 1.41068 1.94164 0
    endloop
  endfacet
  facet normal 0 0 -1
    outer loop
      vertex 1.05801 1.45623 0
      vertex 1.41068 1.94164 0
      vertex 1.16901 1.36873 0
    endloop
  endfacet
  facet normal -0 0 -1
    outer loop
      vertex 1.41068 1.94164 0
      vertex 1.05801 1.45623 0
      vertex 1.254 2.04634 0
    endloop
  endfacet
  facet normal 0 0 -1
    outer loop
      vertex 0.940497 1.53475 0
      vertex 1.254 2.04634 0
      vertex 1.05801 1.45623 0
    endloop
  endfacet
  facet normal -0 0 -1
    outer loop
      vertex 1.254 2.04634 0
      vertex 0.940497 1.53475 0
      vertex 1.08958 2.13842 0
    endloop
  endfacet
  facet normal 0 0 -1
    outer loop
      vertex 0.817183 1.60381 0
      vertex 1.08958 2.13842 0
      vertex 0.940497 1.53475 0
    endloop
  endfacet
  facet normal -0 0 -1
    outer loop
      vertex 1.08958 2.13842 0
      vertex 0.817183 1.60381 0
      vertex 0.91844 2.21731 0
    endloop
  endfacet
  facet normal 0 0 -1
    outer loop
      vertex 0.688829 1.66298 0
      vertex 0.91844 2.21731 0
      vertex 0.817183 1.60381 0
    endloop
  endfacet
  facet normal -0 0 -1
    outer loop
      vertex 0.91844 2.21731 0
      vertex 0.688829 1.66298 0
      vertex 0.74164 2.28254 0
    endloop
  endfacet
  facet normal 0 0 -1
    outer loop
      vertex 0.556231 1.7119 0
      vertex 0.74164 2.28254 0
      vertex 0.688829 1.66298 0
    endloop
  endfacet
  facet normal -0 0 -1
    outer loop
      vertex 0.74164 2.28254 0
      vertex 0.556231 1.7119 0
      vertex 0.560268 2.33369 0
    endloop
  endfacet
  facet normal 0 0 -1
    outer loop
      vertex 0.420201 1.75027 0
      vertex 0.560268 2.33369 0
      vertex 0.556231 1.7119 0
    endloop
  endfacet
  facet normal 0 0 -1
    outer loop
      vertex 0.420201 1.75027 0
      vertex 0.375443 2.37045 0
      vertex 0.560268 2.33369 0
    endloop
  endfacet
  facet normal 0 0 -1
    outer loop
      vertex 0.281582 1.77784 0
      vertex 0.375443 2.37045 0
      vertex 0.420201 1.75027 0
    endloop
  endfacet
  facet normal 0 0 -1
    outer loop
      vertex 0.281582 1.77784 0
      vertex 0.188301 2.3926 0
      vertex 0.375443 2.37045 0
    endloop
  endfacet
  facet normal 0 0 -1
    outer loop
      vertex 0.141226 1.79445 0
      vertex 0.188301 2.3926 0
      vertex 0.281582 1.77784 0
    endloop
  endfacet
  facet normal 0 0 -1
    outer loop
      vertex 0 1.8 0
      vertex 0.188301 2.3926 0
      vertex 0.141226 1.79445 0
    endloop
  endfacet
  facet normal 0 0 -1
    outer loop
      vertex 0 1.8 0
      vertex 0 2.4 0
      vertex 0.188301 2.3926 0
    endloop
  endfacet
  facet normal 0 0 -1
    outer loop
      vertex -0.141226 1.79445 0
      vertex 0 2.4 0
      vertex 0 1.8 0
    endloop
  endfacet
  facet normal 0 0 -1
    outer loop
      vertex -0.141226 1.79445 0
      vertex -0.188301 2.3926 0
      vertex 0 2.4 0
    endloop
  endfacet
  facet normal 0 0 -1
    outer loop
      vertex -0.281582 1.77784 0
      vertex -0.188301 2.3926 0
      vertex -0.141226 1.79445 0
    endloop
  endfacet
  facet normal 0 0 -1
    outer loop
      vertex -0.281582 1.77784 0
      vertex -0.375443 2.37045 0
      vertex -0.188301 2.3926 0
    endloop
  endfacet
  facet normal 0 0 -1
    outer loop
      vertex -0.420201 1.75027 0
      vertex -0.375443 2.37045 0
      vertex -0.281582 1.77784 0
    endloop
  endfacet
  facet normal 0 0 -1
    outer loop
      vertex -0.560268 2.33369 0
      vertex -0.420201 1.75027 0
      vertex -0.556231 1.7119 0
    endloop
  endfacet
  facet normal 0 0 -1
    outer loop
      vertex -0.420201 1.75027 0
      vertex -0.560268 2.33369 0
      vertex -0.375443 2.37045 0
    endloop
  endfacet
  facet normal 0 0 -1
    outer loop
      vertex -0.74164 2.28254 0
      vertex -0.556231 1.7119 0
      vertex -0.688829 1.66298 0
    endloop
  endfacet
  facet normal 0 0 -1
    outer loop
      vertex -0.556231 1.7119 0
      vertex -0.74164 2.28254 0
      vertex -0.560268 2.33369 0
    endloop
  endfacet
  facet normal 0 0 -1
    outer loop
      vertex -0.91844 2.21731 0
      vertex -0.688829 1.66298 0
      vertex -0.817183 1.60381 0
    endloop
  endfacet
  facet normal 0 0 -1
    outer loop
      vertex -0.688829 1.66298 0
      vertex -0.91844 2.21731 0
      vertex -0.74164 2.28254 0
    endloop
  endfacet
  facet normal 0 0 -1
    outer loop
      vertex -1.08958 2.13842 0
      vertex -0.817183 1.60381 0
      vertex -0.940497 1.53475 0
    endloop
  endfacet
  facet normal 0 0 -1
    outer loop
      vertex -1.254 2.04634 0
      vertex -0.940497 1.53475 0
      vertex -1.05801 1.45623 0
    endloop
  endfacet
  facet normal 0 0 -1
    outer loop
      vertex -0.817183 1.60381 0
      vertex -1.08958 2.13842 0
      vertex -0.91844 2.21731 0
    endloop
  endfacet
  facet normal 0 0 -1
    outer loop
      vertex -1.41068 1.94164 0
      vertex -1.05801 1.45623 0
      vertex -1.16901 1.36873 0
    endloop
  endfacet
  facet normal 0 0 -1
    outer loop
      vertex -0.940497 1.53475 0
      vertex -1.254 2.04634 0
      vertex -1.08958 2.13842 0
    endloop
  endfacet
  facet normal 0 0 -1
    outer loop
      vertex -1.55867 1.82497 0
      vertex -1.16901 1.36873 0
      vertex -1.27279 1.27279 0
    endloop
  endfacet
  facet normal 0 0 -1
    outer loop
      vertex -1.69706 1.69706 0
      vertex -1.27279 1.27279 0
      vertex -1.36873 1.16901 0
    endloop
  endfacet
  facet normal 0 0 -1
    outer loop
      vertex -1.05801 1.45623 0
      vertex -1.41068 1.94164 0
      vertex -1.254 2.04634 0
    endloop
  endfacet
  facet normal 0 0 -1
    outer loop
      vertex -1.82497 1.55867 0
      vertex -1.36873 1.16901 0
      vertex -1.45623 1.05801 0
    endloop
  endfacet
  facet normal 0 0 -1
    outer loop
      vertex -1.94164 1.41068 0
      vertex -1.45623 1.05801 0
      vertex -1.53475 0.940497 0
    endloop
  endfacet
  facet normal 0 0 -1
    outer loop
      vertex -1.16901 1.36873 0
      vertex -1.55867 1.82497 0
      vertex -1.41068 1.94164 0
    endloop
  endfacet
  facet normal 0 0 -1
    outer loop
      vertex -2.04634 1.254 0
      vertex -1.53475 0.940497 0
      vertex -1.60381 0.817183 0
    endloop
  endfacet
  facet normal 0 0 -1
    outer loop
      vertex -2.13842 1.08958 0
      vertex -1.60381 0.817183 0
      vertex -1.66298 0.688829 0
    endloop
  endfacet
  facet normal 0 0 -1
    outer loop
      vertex -1.27279 1.27279 0
      vertex -1.69706 1.69706 0
      vertex -1.55867 1.82497 0
    endloop
  endfacet
  facet normal 0 0 -1
    outer loop
      vertex -2.21731 0.91844 0
      vertex -1.66298 0.688829 0
      vertex -1.7119 0.556231 0
    endloop
  endfacet
  facet normal 0 0 -1
    outer loop
      vertex -2.28254 0.74164 0
      vertex -1.7119 0.556231 0
      vertex -1.75027 0.420201 0
    endloop
  endfacet
  facet normal 0 0 -1
    outer loop
      vertex -2.33369 0.560268 0
      vertex -1.75027 0.420201 0
      vertex -1.77784 0.281582 0
    endloop
  endfacet
  facet normal 0 0 -1
    outer loop
      vertex -2.37045 0.375443 0
      vertex -1.77784 0.281582 0
      vertex -1.79445 0.141226 0
    endloop
  endfacet
  facet normal 0 0 -1
    outer loop
      vertex -1.36873 1.16901 0
      vertex -1.82497 1.55867 0
      vertex -1.69706 1.69706 0
    endloop
  endfacet
  facet normal 0 0 -1
    outer loop
      vertex -2.3926 0.188301 0
      vertex -1.79445 0.141226 0
      vertex -1.8 0 0
    endloop
  endfacet
  facet normal 0 0 -1
    outer loop
      vertex -2.28254 -0.74164 0
      vertex -1.7119 -0.556231 0
      vertex -2.21731 -0.91844 0
    endloop
  endfacet
  facet normal -0 0 -1
    outer loop
      vertex -1.7119 -0.556231 0
      vertex -2.28254 -0.74164 0
      vertex -1.75027 -0.420201 0
    endloop
  endfacet
  facet normal 0 0 -1
    outer loop
      vertex -1.45623 1.05801 0
      vertex -1.94164 1.41068 0
      vertex -1.82497 1.55867 0
    endloop
  endfacet
  facet normal 0 0 -1
    outer loop
      vertex -2.33369 -0.560268 0
      vertex -1.75027 -0.420201 0
      vertex -2.28254 -0.74164 0
    endloop
  endfacet
  facet normal 0 0 -1
    outer loop
      vertex -1.53475 0.940497 0
      vertex -2.04634 1.254 0
      vertex -1.94164 1.41068 0
    endloop
  endfacet
  facet normal -0 0 -1
    outer loop
      vertex -1.75027 -0.420201 0
      vertex -2.33369 -0.560268 0
      vertex -1.77784 -0.281582 0
    endloop
  endfacet
  facet normal 0 0 -1
    outer loop
      vertex -1.60381 0.817183 0
      vertex -2.13842 1.08958 0
      vertex -2.04634 1.254 0
    endloop
  endfacet
  facet normal 0 0 -1
    outer loop
      vertex -2.37045 -0.375443 0
      vertex -1.77784 -0.281582 0
      vertex -2.33369 -0.560268 0
    endloop
  endfacet
  facet normal 0 0 -1
    outer loop
      vertex -1.66298 0.688829 0
      vertex -2.21731 0.91844 0
      vertex -2.13842 1.08958 0
    endloop
  endfacet
  facet normal -0 0 -1
    outer loop
      vertex -1.77784 -0.281582 0
      vertex -2.37045 -0.375443 0
      vertex -1.79445 -0.141226 0
    endloop
  endfacet
  facet normal 0 0 -1
    outer loop
      vertex -1.7119 0.556231 0
      vertex -2.28254 0.74164 0
      vertex -2.21731 0.91844 0
    endloop
  endfacet
  facet normal 0 0 -1
    outer loop
      vertex -2.3926 -0.188301 0
      vertex -1.79445 -0.141226 0
      vertex -2.37045 -0.375443 0
    endloop
  endfacet
  facet normal 0 0 -1
    outer loop
      vertex -1.75027 0.420201 0
      vertex -2.33369 0.560268 0
      vertex -2.28254 0.74164 0
    endloop
  endfacet
  facet normal -0 0 -1
    outer loop
      vertex -1.79445 -0.141226 0
      vertex -2.3926 -0.188301 0
      vertex -1.8 0 0
    endloop
  endfacet
  facet normal 0 0 -1
    outer loop
      vertex -1.77784 0.281582 0
      vertex -2.37045 0.375443 0
      vertex -2.33369 0.560268 0
    endloop
  endfacet
  facet normal 0 0 -1
    outer loop
      vertex -2.4 0 0
      vertex -1.8 0 0
      vertex -2.3926 -0.188301 0
    endloop
  endfacet
  facet normal 0 0 -1
    outer loop
      vertex -1.79445 0.141226 0
      vertex -2.3926 0.188301 0
      vertex -2.37045 0.375443 0
    endloop
  endfacet
  facet normal 0 0 -1
    outer loop
      vertex -1.8 0 0
      vertex -2.4 0 0
      vertex -2.3926 0.188301 0
    endloop
  endfacet
  facet normal -0.84308 -0.472148 -0.257474
    outer loop
      vertex -2.38739 -1.463 1.5
      vertex -2.49482 -1.27117 1.5
      vertex -2.13842 -1.08958 0
    endloop
  endfacet
  facet normal 0.959586 0.113569 -0.25748
    outer loop
      vertex 2.79137 0.219685 1.5
      vertex 2.37045 0.375443 0
      vertex 2.76553 0.438016 1.5
    endloop
  endfacet
  facet normal 0.930009 -0.262278 -0.257476
    outer loop
      vertex 2.66296 -0.865247 1.5
      vertex 2.28254 -0.74164 0
      vertex 2.33369 -0.560268 0
    endloop
  endfacet
  facet normal 0.113569 -0.959586 -0.25748
    outer loop
      vertex 0.438016 -2.76553 1.5
      vertex 0.219685 -2.79137 1.5
      vertex 0.375443 -2.37045 0
    endloop
  endfacet
  facet normal -0.0379445 0.965539 -0.257479
    outer loop
      vertex -0.188301 2.3926 0
      vertex -0.219685 2.79137 1.5
      vertex 0 2.4 0
    endloop
  endfacet
  facet normal 0.709607 0.65587 -0.257474
    outer loop
      vertex 1.82497 1.55867 0
      vertex 1.69706 1.69706 0
      vertex 1.9799 1.9799 1.5
    endloop
  endfacet
  facet normal -0.0379298 -0.96554 -0.257477
    outer loop
      vertex 0 -2.8 1.5
      vertex -0.219685 -2.79137 1.5
      vertex 0 -2.4 0
    endloop
  endfacet
  facet normal 0.843079 -0.472149 -0.257474
    outer loop
      vertex 2.38739 -1.463 1.5
      vertex 2.04634 -1.254 0
      vertex 2.13842 -1.08958 0
    endloop
  endfacet
  facet normal -0.188506 0.947718 -0.25748
    outer loop
      vertex -0.375443 2.37045 0
      vertex -0.653646 2.72264 1.5
      vertex -0.438016 2.76553 1.5
    endloop
  endfacet
  facet normal 0.758831 -0.59823 -0.257481
    outer loop
      vertex 2.12914 -1.81845 1.5
      vertex 1.82497 -1.55867 0
      vertex 2.26525 -1.6458 1.5
    endloop
  endfacet
  facet normal -0.930002 0.262298 -0.257478
    outer loop
      vertex -2.33369 0.560268 0
      vertex -2.72264 0.653646 1.5
      vertex -2.66296 0.865247 1.5
    endloop
  endfacet
  facet normal -0.59823 -0.758831 -0.257481
    outer loop
      vertex -1.6458 -2.26525 1.5
      vertex -1.81845 -2.12914 1.5
      vertex -1.55867 -1.82497 0
    endloop
  endfacet
  facet normal 0.70957 0.655907 -0.257481
    outer loop
      vertex 2.12914 1.81845 1.5
      vertex 1.82497 1.55867 0
      vertex 1.9799 1.9799 1.5
    endloop
  endfacet
  facet normal -0.334469 0.906552 -0.257476
    outer loop
      vertex -0.74164 2.28254 0
      vertex -1.07151 2.58686 1.5
      vertex -0.865247 2.66296 1.5
    endloop
  endfacet
  facet normal -0.334469 -0.906552 -0.257476
    outer loop
      vertex -0.865247 -2.66296 1.5
      vertex -1.07151 -2.58686 1.5
      vertex -0.74164 -2.28254 0
    endloop
  endfacet
  facet normal -0.803443 -0.53683 -0.257474
    outer loop
      vertex -2.26525 -1.6458 1.5
      vertex -2.38739 -1.463 1.5
      vertex -2.04634 -1.254 0
    endloop
  endfacet
  facet normal -0.709607 -0.65587 -0.257474
    outer loop
      vertex -1.69706 -1.69706 0
      vertex -1.9799 -1.9799 1.5
      vertex -1.82497 -1.55867 0
    endloop
  endfacet
  facet normal -0.59823 0.758831 -0.257481
    outer loop
      vertex -1.55867 1.82497 0
      vertex -1.81845 2.12914 1.5
      vertex -1.6458 2.26525 1.5
    endloop
  endfacet
  facet normal 0.536873 -0.803412 -0.257481
    outer loop
      vertex 1.6458 -2.26525 1.5
      vertex 1.254 -2.04634 0
      vertex 1.41068 -1.94164 0
    endloop
  endfacet
  facet normal 0.965539 -0.0379445 -0.257479
    outer loop
      vertex 2.79137 -0.219685 1.5
      vertex 2.3926 -0.188301 0
      vertex 2.4 0 0
    endloop
  endfacet
  facet normal -0.906552 -0.33447 -0.257476
    outer loop
      vertex -2.21731 -0.91844 0
      vertex -2.58686 -1.07151 1.5
      vertex -2.28254 -0.74164 0
    endloop
  endfacet
  facet normal -0.0379298 0.96554 -0.257477
    outer loop
      vertex 0 2.4 0
      vertex -0.219685 2.79137 1.5
      vertex 0 2.8 1.5
    endloop
  endfacet
  facet normal -0.959586 0.113569 -0.25748
    outer loop
      vertex -2.37045 0.375443 0
      vertex -2.79137 0.219685 1.5
      vertex -2.76553 0.438016 1.5
    endloop
  endfacet
  facet normal 0.404528 0.877533 -0.257474
    outer loop
      vertex 1.08958 2.13842 0
      vertex 1.07151 2.58686 1.5
      vertex 1.27117 2.49482 1.5
    endloop
  endfacet
  facet normal -0.0379445 -0.965539 -0.257479
    outer loop
      vertex 0 -2.4 0
      vertex -0.219685 -2.79137 1.5
      vertex -0.188301 -2.3926 0
    endloop
  endfacet
  facet normal -0.188506 -0.947718 -0.25748
    outer loop
      vertex -0.438016 -2.76553 1.5
      vertex -0.653646 -2.72264 1.5
      vertex -0.375443 -2.37045 0
    endloop
  endfacet
  facet normal -0.959586 -0.113569 -0.25748
    outer loop
      vertex -2.76553 -0.438016 1.5
      vertex -2.79137 -0.219685 1.5
      vertex -2.37045 -0.375443 0
    endloop
  endfacet
  facet normal 0.53683 0.803443 -0.257474
    outer loop
      vertex 1.6458 2.26525 1.5
      vertex 1.254 2.04634 0
      vertex 1.463 2.38739 1.5
    endloop
  endfacet
  facet normal 0.113576 -0.959586 -0.257479
    outer loop
      vertex 0.219685 -2.79137 1.5
      vertex 0.188301 -2.3926 0
      vertex 0.375443 -2.37045 0
    endloop
  endfacet
  facet normal 0.930002 -0.262298 -0.257478
    outer loop
      vertex 2.66296 -0.865247 1.5
      vertex 2.33369 -0.560268 0
      vertex 2.72264 -0.653646 1.5
    endloop
  endfacet
  facet normal 0.262278 0.930009 -0.257476
    outer loop
      vertex 0.74164 2.28254 0
      vertex 0.560268 2.33369 0
      vertex 0.865247 2.66296 1.5
    endloop
  endfacet
  facet normal 0.472149 -0.843079 -0.257474
    outer loop
      vertex 1.463 -2.38739 1.5
      vertex 1.08958 -2.13842 0
      vertex 1.254 -2.04634 0
    endloop
  endfacet
  facet normal 0.404517 0.877538 -0.257476
    outer loop
      vertex 1.08958 2.13842 0
      vertex 0.91844 2.21731 0
      vertex 1.07151 2.58686 1.5
    endloop
  endfacet
  facet normal -0.188493 0.947721 -0.257478
    outer loop
      vertex -0.560268 2.33369 0
      vertex -0.653646 2.72264 1.5
      vertex -0.375443 2.37045 0
    endloop
  endfacet
  facet normal 0.947721 -0.188493 -0.257478
    outer loop
      vertex 2.72264 -0.653646 1.5
      vertex 2.33369 -0.560268 0
      vertex 2.37045 -0.375443 0
    endloop
  endfacet
  facet normal 0.947718 -0.188506 -0.25748
    outer loop
      vertex 2.72264 -0.653646 1.5
      vertex 2.37045 -0.375443 0
      vertex 2.76553 -0.438016 1.5
    endloop
  endfacet
  facet normal -0.96554 -0.0379298 -0.257477
    outer loop
      vertex -2.79137 -0.219685 1.5
      vertex -2.8 0 1.5
      vertex -2.4 0 0
    endloop
  endfacet
  facet normal 0.262298 0.930002 -0.257478
    outer loop
      vertex 0.865247 2.66296 1.5
      vertex 0.560268 2.33369 0
      vertex 0.653646 2.72264 1.5
    endloop
  endfacet
  facet normal 0.758829 -0.598233 -0.257481
    outer loop
      vertex 2.26525 -1.6458 1.5
      vertex 1.82497 -1.55867 0
      vertex 1.94164 -1.41068 0
    endloop
  endfacet
  facet normal 0.262298 -0.930002 -0.257478
    outer loop
      vertex 0.653646 -2.72264 1.5
      vertex 0.560268 -2.33369 0
      vertex 0.865247 -2.66296 1.5
    endloop
  endfacet
  facet normal -0.947721 -0.188493 -0.257478
    outer loop
      vertex -2.33369 -0.560268 0
      vertex -2.72264 -0.653646 1.5
      vertex -2.37045 -0.375443 0
    endloop
  endfacet
  facet normal 0.334469 -0.906552 -0.257476
    outer loop
      vertex 0.865247 -2.66296 1.5
      vertex 0.74164 -2.28254 0
      vertex 1.07151 -2.58686 1.5
    endloop
  endfacet
  facet normal 0.262278 -0.930009 -0.257476
    outer loop
      vertex 0.865247 -2.66296 1.5
      vertex 0.560268 -2.33369 0
      vertex 0.74164 -2.28254 0
    endloop
  endfacet
  facet normal 0.598233 0.758829 -0.257481
    outer loop
      vertex 1.55867 1.82497 0
      vertex 1.41068 1.94164 0
      vertex 1.6458 2.26525 1.5
    endloop
  endfacet
  facet normal 0.906552 -0.334469 -0.257476
    outer loop
      vertex 2.58686 -1.07151 1.5
      vertex 2.28254 -0.74164 0
      vertex 2.66296 -0.865247 1.5
    endloop
  endfacet
  facet normal 0.877538 -0.404517 -0.257476
    outer loop
      vertex 2.58686 -1.07151 1.5
      vertex 2.13842 -1.08958 0
      vertex 2.21731 -0.91844 0
    endloop
  endfacet
  facet normal -0.930009 -0.262278 -0.257476
    outer loop
      vertex -2.28254 -0.74164 0
      vertex -2.66296 -0.865247 1.5
      vertex -2.33369 -0.560268 0
    endloop
  endfacet
  facet normal 0.906552 -0.33447 -0.257476
    outer loop
      vertex 2.58686 -1.07151 1.5
      vertex 2.21731 -0.91844 0
      vertex 2.28254 -0.74164 0
    endloop
  endfacet
  facet normal 0.803443 -0.53683 -0.257474
    outer loop
      vertex 2.26525 -1.6458 1.5
      vertex 2.04634 -1.254 0
      vertex 2.38739 -1.463 1.5
    endloop
  endfacet
  facet normal -0.758829 -0.598233 -0.257481
    outer loop
      vertex -1.82497 -1.55867 0
      vertex -2.26525 -1.6458 1.5
      vertex -1.94164 -1.41068 0
    endloop
  endfacet
  facet normal -0.758829 0.598233 -0.257481
    outer loop
      vertex -1.94164 1.41068 0
      vertex -2.26525 1.6458 1.5
      vertex -1.82497 1.55867 0
    endloop
  endfacet
  facet normal -0.188493 -0.947721 -0.257478
    outer loop
      vertex -0.375443 -2.37045 0
      vertex -0.653646 -2.72264 1.5
      vertex -0.560268 -2.33369 0
    endloop
  endfacet
  facet normal 0.877538 0.404517 -0.257476
    outer loop
      vertex 2.21731 0.91844 0
      vertex 2.13842 1.08958 0
      vertex 2.58686 1.07151 1.5
    endloop
  endfacet
  facet normal 0.758831 0.59823 -0.257481
    outer loop
      vertex 2.26525 1.6458 1.5
      vertex 1.82497 1.55867 0
      vertex 2.12914 1.81845 1.5
    endloop
  endfacet
  facet normal -0.262298 -0.930002 -0.257478
    outer loop
      vertex -0.653646 -2.72264 1.5
      vertex -0.865247 -2.66296 1.5
      vertex -0.560268 -2.33369 0
    endloop
  endfacet
  facet normal -0.262278 -0.930009 -0.257476
    outer loop
      vertex -0.560268 -2.33369 0
      vertex -0.865247 -2.66296 1.5
      vertex -0.74164 -2.28254 0
    endloop
  endfacet
  facet normal -0.906552 0.334469 -0.257476
    outer loop
      vertex -2.28254 0.74164 0
      vertex -2.66296 0.865247 1.5
      vertex -2.58686 1.07151 1.5
    endloop
  endfacet
  facet normal 0.113569 0.959586 -0.25748
    outer loop
      vertex 0.375443 2.37045 0
      vertex 0.219685 2.79137 1.5
      vertex 0.438016 2.76553 1.5
    endloop
  endfacet
  facet normal 0.33447 0.906552 -0.257476
    outer loop
      vertex 0.91844 2.21731 0
      vertex 0.74164 2.28254 0
      vertex 1.07151 2.58686 1.5
    endloop
  endfacet
  facet normal 0.0379298 0.96554 -0.257477
    outer loop
      vertex 0.219685 2.79137 1.5
      vertex 0 2.4 0
      vertex 0 2.8 1.5
    endloop
  endfacet
  facet normal -0.53683 -0.803443 -0.257474
    outer loop
      vertex -1.463 -2.38739 1.5
      vertex -1.6458 -2.26525 1.5
      vertex -1.254 -2.04634 0
    endloop
  endfacet
  facet normal 0.33447 -0.906552 -0.257476
    outer loop
      vertex 1.07151 -2.58686 1.5
      vertex 0.74164 -2.28254 0
      vertex 0.91844 -2.21731 0
    endloop
  endfacet
  facet normal 0.472148 -0.84308 -0.257474
    outer loop
      vertex 1.27117 -2.49482 1.5
      vertex 1.08958 -2.13842 0
      vertex 1.463 -2.38739 1.5
    endloop
  endfacet
  facet normal 0.877533 0.404528 -0.257474
    outer loop
      vertex 2.58686 1.07151 1.5
      vertex 2.13842 1.08958 0
      vertex 2.49482 1.27117 1.5
    endloop
  endfacet
  facet normal -0.959586 -0.113576 -0.257479
    outer loop
      vertex -2.37045 -0.375443 0
      vertex -2.79137 -0.219685 1.5
      vertex -2.3926 -0.188301 0
    endloop
  endfacet
  facet normal -0.536873 0.803412 -0.257481
    outer loop
      vertex -1.41068 1.94164 0
      vertex -1.6458 2.26525 1.5
      vertex -1.254 2.04634 0
    endloop
  endfacet
  facet normal 0.472148 0.84308 -0.257474
    outer loop
      vertex 1.463 2.38739 1.5
      vertex 1.08958 2.13842 0
      vertex 1.27117 2.49482 1.5
    endloop
  endfacet
  facet normal 0.188506 0.947718 -0.25748
    outer loop
      vertex 0.653646 2.72264 1.5
      vertex 0.375443 2.37045 0
      vertex 0.438016 2.76553 1.5
    endloop
  endfacet
  facet normal -0.758831 0.59823 -0.257481
    outer loop
      vertex -1.82497 1.55867 0
      vertex -2.26525 1.6458 1.5
      vertex -2.12914 1.81845 1.5
    endloop
  endfacet
  facet normal 0.0379445 0.965539 -0.257479
    outer loop
      vertex 0.188301 2.3926 0
      vertex 0 2.4 0
      vertex 0.219685 2.79137 1.5
    endloop
  endfacet
  facet normal -0.947721 0.188493 -0.257478
    outer loop
      vertex -2.37045 0.375443 0
      vertex -2.72264 0.653646 1.5
      vertex -2.33369 0.560268 0
    endloop
  endfacet
  facet normal -0.113569 0.959586 -0.25748
    outer loop
      vertex -0.375443 2.37045 0
      vertex -0.438016 2.76553 1.5
      vertex -0.219685 2.79137 1.5
    endloop
  endfacet
  facet normal -0.930002 -0.262298 -0.257478
    outer loop
      vertex -2.66296 -0.865247 1.5
      vertex -2.72264 -0.653646 1.5
      vertex -2.33369 -0.560268 0
    endloop
  endfacet
  facet normal -0.906552 -0.334469 -0.257476
    outer loop
      vertex -2.58686 -1.07151 1.5
      vertex -2.66296 -0.865247 1.5
      vertex -2.28254 -0.74164 0
    endloop
  endfacet
  facet normal -0.113576 0.959586 -0.257479
    outer loop
      vertex -0.188301 2.3926 0
      vertex -0.375443 2.37045 0
      vertex -0.219685 2.79137 1.5
    endloop
  endfacet
  facet normal -0.472148 -0.84308 -0.257474
    outer loop
      vertex -1.27117 -2.49482 1.5
      vertex -1.463 -2.38739 1.5
      vertex -1.08958 -2.13842 0
    endloop
  endfacet
  facet normal -0.947718 0.188506 -0.25748
    outer loop
      vertex -2.37045 0.375443 0
      vertex -2.76553 0.438016 1.5
      vertex -2.72264 0.653646 1.5
    endloop
  endfacet
  facet normal 0.113576 0.959586 -0.257479
    outer loop
      vertex 0.375443 2.37045 0
      vertex 0.188301 2.3926 0
      vertex 0.219685 2.79137 1.5
    endloop
  endfacet
  facet normal -0.404517 -0.877538 -0.257476
    outer loop
      vertex -1.07151 -2.58686 1.5
      vertex -1.08958 -2.13842 0
      vertex -0.91844 -2.21731 0
    endloop
  endfacet
  facet normal -0.404517 0.877538 -0.257476
    outer loop
      vertex -0.91844 2.21731 0
      vertex -1.08958 2.13842 0
      vertex -1.07151 2.58686 1.5
    endloop
  endfacet
  facet normal -0.758831 -0.59823 -0.257481
    outer loop
      vertex -2.12914 -1.81845 1.5
      vertex -2.26525 -1.6458 1.5
      vertex -1.82497 -1.55867 0
    endloop
  endfacet
  facet normal -0.65587 -0.709607 -0.257474
    outer loop
      vertex -1.55867 -1.82497 0
      vertex -1.9799 -1.9799 1.5
      vertex -1.69706 -1.69706 0
    endloop
  endfacet
  facet normal 0.598233 -0.758829 -0.257481
    outer loop
      vertex 1.6458 -2.26525 1.5
      vertex 1.41068 -1.94164 0
      vertex 1.55867 -1.82497 0
    endloop
  endfacet
  facet normal -0.113576 -0.959586 -0.257479
    outer loop
      vertex -0.219685 -2.79137 1.5
      vertex -0.375443 -2.37045 0
      vertex -0.188301 -2.3926 0
    endloop
  endfacet
  facet normal -0.472149 0.843079 -0.257474
    outer loop
      vertex -1.254 2.04634 0
      vertex -1.463 2.38739 1.5
      vertex -1.08958 2.13842 0
    endloop
  endfacet
  facet normal 0.59823 -0.758831 -0.257481
    outer loop
      vertex 1.6458 -2.26525 1.5
      vertex 1.55867 -1.82497 0
      vertex 1.81845 -2.12914 1.5
    endloop
  endfacet
  facet normal 0.65587 -0.709607 -0.257474
    outer loop
      vertex 1.9799 -1.9799 1.5
      vertex 1.55867 -1.82497 0
      vertex 1.69706 -1.69706 0
    endloop
  endfacet
  facet normal 0.53683 -0.803443 -0.257474
    outer loop
      vertex 1.463 -2.38739 1.5
      vertex 1.254 -2.04634 0
      vertex 1.6458 -2.26525 1.5
    endloop
  endfacet
  facet normal -0.84308 0.472148 -0.257474
    outer loop
      vertex -2.13842 1.08958 0
      vertex -2.49482 1.27117 1.5
      vertex -2.38739 1.463 1.5
    endloop
  endfacet
  facet normal 0.84308 0.472148 -0.257474
    outer loop
      vertex 2.49482 1.27117 1.5
      vertex 2.13842 1.08958 0
      vertex 2.38739 1.463 1.5
    endloop
  endfacet
  facet normal 0.947718 0.188506 -0.25748
    outer loop
      vertex 2.76553 0.438016 1.5
      vertex 2.37045 0.375443 0
      vertex 2.72264 0.653646 1.5
    endloop
  endfacet
  facet normal -0.930009 0.262278 -0.257476
    outer loop
      vertex -2.33369 0.560268 0
      vertex -2.66296 0.865247 1.5
      vertex -2.28254 0.74164 0
    endloop
  endfacet
  facet normal -0.53683 0.803443 -0.257474
    outer loop
      vertex -1.254 2.04634 0
      vertex -1.6458 2.26525 1.5
      vertex -1.463 2.38739 1.5
    endloop
  endfacet
  facet normal -0.959586 0.113576 -0.257479
    outer loop
      vertex -2.3926 0.188301 0
      vertex -2.79137 0.219685 1.5
      vertex -2.37045 0.375443 0
    endloop
  endfacet
  facet normal -0.262278 0.930009 -0.257476
    outer loop
      vertex -0.74164 2.28254 0
      vertex -0.865247 2.66296 1.5
      vertex -0.560268 2.33369 0
    endloop
  endfacet
  facet normal -0.877538 0.404517 -0.257476
    outer loop
      vertex -2.21731 0.91844 0
      vertex -2.58686 1.07151 1.5
      vertex -2.13842 1.08958 0
    endloop
  endfacet
  facet normal 0.843079 0.472149 -0.257474
    outer loop
      vertex 2.13842 1.08958 0
      vertex 2.04634 1.254 0
      vertex 2.38739 1.463 1.5
    endloop
  endfacet
  facet normal -0.877533 0.404528 -0.257474
    outer loop
      vertex -2.13842 1.08958 0
      vertex -2.58686 1.07151 1.5
      vertex -2.49482 1.27117 1.5
    endloop
  endfacet
  facet normal 0.536873 0.803412 -0.257481
    outer loop
      vertex 1.41068 1.94164 0
      vertex 1.254 2.04634 0
      vertex 1.6458 2.26525 1.5
    endloop
  endfacet
  facet normal -0.598233 0.758829 -0.257481
    outer loop
      vertex -1.55867 1.82497 0
      vertex -1.6458 2.26525 1.5
      vertex -1.41068 1.94164 0
    endloop
  endfacet
  facet normal -0.472148 0.84308 -0.257474
    outer loop
      vertex -1.08958 2.13842 0
      vertex -1.463 2.38739 1.5
      vertex -1.27117 2.49482 1.5
    endloop
  endfacet
  facet normal -0.65587 0.709607 -0.257474
    outer loop
      vertex -1.69706 1.69706 0
      vertex -1.9799 1.9799 1.5
      vertex -1.55867 1.82497 0
    endloop
  endfacet
  facet normal -0.262298 0.930002 -0.257478
    outer loop
      vertex -0.560268 2.33369 0
      vertex -0.865247 2.66296 1.5
      vertex -0.653646 2.72264 1.5
    endloop
  endfacet
  facet normal -0.709607 0.65587 -0.257474
    outer loop
      vertex -1.82497 1.55867 0
      vertex -1.9799 1.9799 1.5
      vertex -1.69706 1.69706 0
    endloop
  endfacet
  facet normal -0.843079 -0.472149 -0.257474
    outer loop
      vertex -2.04634 -1.254 0
      vertex -2.38739 -1.463 1.5
      vertex -2.13842 -1.08958 0
    endloop
  endfacet
  facet normal -0.70957 0.655907 -0.257481
    outer loop
      vertex -1.82497 1.55867 0
      vertex -2.12914 1.81845 1.5
      vertex -1.9799 1.9799 1.5
    endloop
  endfacet
  facet normal 0.188493 0.947721 -0.257478
    outer loop
      vertex 0.560268 2.33369 0
      vertex 0.375443 2.37045 0
      vertex 0.653646 2.72264 1.5
    endloop
  endfacet
  facet normal -0.404528 -0.877533 -0.257474
    outer loop
      vertex -1.07151 -2.58686 1.5
      vertex -1.27117 -2.49482 1.5
      vertex -1.08958 -2.13842 0
    endloop
  endfacet
  facet normal -0.843079 0.472149 -0.257474
    outer loop
      vertex -2.13842 1.08958 0
      vertex -2.38739 1.463 1.5
      vertex -2.04634 1.254 0
    endloop
  endfacet
  facet normal 0.472149 0.843079 -0.257474
    outer loop
      vertex 1.254 2.04634 0
      vertex 1.08958 2.13842 0
      vertex 1.463 2.38739 1.5
    endloop
  endfacet
  facet normal 0.803412 0.536873 -0.257481
    outer loop
      vertex 2.04634 1.254 0
      vertex 1.94164 1.41068 0
      vertex 2.26525 1.6458 1.5
    endloop
  endfacet
  facet normal -0.70957 -0.655907 -0.257481
    outer loop
      vertex -1.9799 -1.9799 1.5
      vertex -2.12914 -1.81845 1.5
      vertex -1.82497 -1.55867 0
    endloop
  endfacet
  facet normal 0.930009 0.262278 -0.257476
    outer loop
      vertex 2.33369 0.560268 0
      vertex 2.28254 0.74164 0
      vertex 2.66296 0.865247 1.5
    endloop
  endfacet
  facet normal 0.930002 0.262298 -0.257478
    outer loop
      vertex 2.72264 0.653646 1.5
      vertex 2.33369 0.560268 0
      vertex 2.66296 0.865247 1.5
    endloop
  endfacet
  facet normal 0.655907 0.70957 -0.257481
    outer loop
      vertex 1.9799 1.9799 1.5
      vertex 1.55867 1.82497 0
      vertex 1.81845 2.12914 1.5
    endloop
  endfacet
  facet normal 0.758829 0.598233 -0.257481
    outer loop
      vertex 1.94164 1.41068 0
      vertex 1.82497 1.55867 0
      vertex 2.26525 1.6458 1.5
    endloop
  endfacet
  facet normal 0.906552 0.334469 -0.257476
    outer loop
      vertex 2.66296 0.865247 1.5
      vertex 2.28254 0.74164 0
      vertex 2.58686 1.07151 1.5
    endloop
  endfacet
  facet normal -0.655907 0.70957 -0.257481
    outer loop
      vertex -1.55867 1.82497 0
      vertex -1.9799 1.9799 1.5
      vertex -1.81845 2.12914 1.5
    endloop
  endfacet
  facet normal 0.959586 0.113576 -0.257479
    outer loop
      vertex 2.3926 0.188301 0
      vertex 2.37045 0.375443 0
      vertex 2.79137 0.219685 1.5
    endloop
  endfacet
  facet normal 0.906552 0.33447 -0.257476
    outer loop
      vertex 2.28254 0.74164 0
      vertex 2.21731 0.91844 0
      vertex 2.58686 1.07151 1.5
    endloop
  endfacet
  facet normal 0.65587 0.709607 -0.257474
    outer loop
      vertex 1.69706 1.69706 0
      vertex 1.55867 1.82497 0
      vertex 1.9799 1.9799 1.5
    endloop
  endfacet
  facet normal 0.645162 0.0253443 -0.763625
    outer loop
      vertex 2.8 0 11.1
      vertex 2.79137 0.219685 11.1
      vertex 6.35085 0 14.1
    endloop
  endfacet
  facet normal 0.563336 0.315483 -0.763625
    outer loop
      vertex 2.49482 1.27117 11.1
      vertex 2.38739 1.463 11.1
      vertex 5.65865 2.88323 14.1
    endloop
  endfacet
  facet normal 0.0758859 0.641186 -0.763625
    outer loop
      vertex 0.438016 2.76553 11.1
      vertex 0.219685 2.79137 11.1
      vertex 0.993492 6.27266 14.1
    endloop
  endfacet
  facet normal -0.586357 0.270301 -0.763625
    outer loop
      vertex -2.58686 1.07151 11.1
      vertex -5.65865 2.88323 14.1
      vertex -2.49482 1.27117 11.1
    endloop
  endfacet
  facet normal -0.438269 -0.474126 -0.763626
    outer loop
      vertex -1.81845 -2.12914 11.1
      vertex -4.12455 -4.82923 14.1
      vertex -1.9799 -1.9799 11.1
    endloop
  endfacet
  facet normal -0.621418 0.175262 -0.763625
    outer loop
      vertex -2.66296 0.865247 11.1
      vertex -6.17538 1.48258 14.1
      vertex -6.04002 1.96252 14.1
    endloop
  endfacet
  facet normal -0.507048 -0.399724 -0.763625
    outer loop
      vertex -4.82923 -4.12455 14.1
      vertex -5.13795 -3.73294 14.1
      vertex -2.26525 -1.6458 11.1
    endloop
  endfacet
  facet normal 0.474126 0.438269 -0.763626
    outer loop
      vertex 2.12914 1.81845 11.1
      vertex 1.9799 1.9799 11.1
      vertex 4.82923 4.12455 14.1
    endloop
  endfacet
  facet normal 0.0758866 0.641185 -0.763625
    outer loop
      vertex 0.993492 6.27266 14.1
      vertex 0.219685 2.79137 11.1
      vertex 0.498281 6.33127 14.1
    endloop
  endfacet
  facet normal -0.175262 0.621418 -0.763625
    outer loop
      vertex -0.865247 2.66296 11.1
      vertex -1.96252 6.04002 14.1
      vertex -1.48258 6.17538 14.1
    endloop
  endfacet
  facet normal 0.0253443 -0.645162 -0.763625
    outer loop
      vertex 0.219685 -2.79137 11.1
      vertex 0 -6.35085 14.1
      vertex 0 -2.8 11.1
    endloop
  endfacet
  facet normal 0.507042 -0.39973 -0.763626
    outer loop
      vertex 4.82923 -4.12455 14.1
      vertex 2.12914 -1.81845 11.1
      vertex 2.26525 -1.6458 11.1
    endloop
  endfacet
  facet normal 0.605752 -0.223475 -0.763625
    outer loop
      vertex 5.86742 -2.43037 14.1
      vertex 2.58686 -1.07151 11.1
      vertex 6.04002 -1.96252 14.1
    endloop
  endfacet
  facet normal 0.358703 0.536851 -0.763625
    outer loop
      vertex 3.73294 5.13795 14.1
      vertex 1.6458 2.26525 11.1
      vertex 3.31831 5.41499 14.1
    endloop
  endfacet
  facet normal -0.27031 -0.586352 -0.763625
    outer loop
      vertex -2.43037 -5.86742 14.1
      vertex -2.88323 -5.65865 14.1
      vertex -1.07151 -2.58686 11.1
    endloop
  endfacet
  facet normal -0.223488 0.605748 -0.763625
    outer loop
      vertex -1.07151 2.58686 11.1
      vertex -1.96252 6.04002 14.1
      vertex -0.865247 2.66296 11.1
    endloop
  endfacet
  facet normal -0.315483 0.563336 -0.763625
    outer loop
      vertex -1.463 2.38739 11.1
      vertex -3.16652 5.5 14.1
      vertex -2.88323 5.65865 14.1
    endloop
  endfacet
  facet normal -0.315485 0.563335 -0.763625
    outer loop
      vertex -1.463 2.38739 11.1
      vertex -3.17968 5.49263 14.1
      vertex -3.16652 5.5 14.1
    endloop
  endfacet
  facet normal -0.315494 0.56333 -0.763625
    outer loop
      vertex -3.17968 5.49263 14.1
      vertex -1.463 2.38739 11.1
      vertex -3.31831 5.41499 14.1
    endloop
  endfacet
  facet normal -0.645162 -0.0253443 -0.763625
    outer loop
      vertex -2.79137 -0.219685 11.1
      vertex -6.35085 0 14.1
      vertex -2.8 0 11.1
    endloop
  endfacet
  facet normal 0.563336 -0.315483 -0.763625
    outer loop
      vertex 5.65865 -2.88323 14.1
      vertex 2.38739 -1.463 11.1
      vertex 2.49482 -1.27117 11.1
    endloop
  endfacet
  facet normal 0.175265 0.621417 -0.763625
    outer loop
      vertex 0.865247 2.66296 11.1
      vertex 0.653646 2.72264 11.1
      vertex 1.48258 6.17538 14.1
    endloop
  endfacet
  facet normal 0 0 -1
    outer loop
      vertex 3.17968 -5.49263 14.1
      vertex 3.17543 -5.5 14.1
      vertex 3.16652 -5.5 14.1
    endloop
  endfacet
  facet normal -0 -0 -1
    outer loop
      vertex 3.17543 5.5 14.1
      vertex 3.17968 5.49263 14.1
      vertex 3.16652 5.5 14.1
    endloop
  endfacet
  facet normal 0 0 -1
    outer loop
      vertex -3.16652 -5.5 14.1
      vertex -3.17543 -5.5 14.1
      vertex -3.17968 -5.49263 14.1
    endloop
  endfacet
  facet normal 0 0 1
    outer loop
      vertex -3.17968 -5.49263 14.1
      vertex -3.73294 -5.13795 14.1
      vertex -3.31831 -5.41499 14.1
    endloop
  endfacet
  facet normal 0 0 1
    outer loop
      vertex -3.17968 -5.49263 14.1
      vertex -4.12455 -4.82923 14.1
      vertex -3.73294 -5.13795 14.1
    endloop
  endfacet
  facet normal 0 0 1
    outer loop
      vertex -3.17968 -5.49263 14.1
      vertex -4.49073 -4.49073 14.1
      vertex -4.12455 -4.82923 14.1
    endloop
  endfacet
  facet normal 0 0 1
    outer loop
      vertex -3.17968 -5.49263 14.1
      vertex -4.82923 -4.12455 14.1
      vertex -4.49073 -4.49073 14.1
    endloop
  endfacet
  facet normal 0 0 1
    outer loop
      vertex -3.17968 -5.49263 14.1
      vertex -5.13795 -3.73294 14.1
      vertex -4.82923 -4.12455 14.1
    endloop
  endfacet
  facet normal 0 0 1
    outer loop
      vertex -3.17968 -5.49263 14.1
      vertex -5.41499 -3.31831 14.1
      vertex -5.13795 -3.73294 14.1
    endloop
  endfacet
  facet normal 0 0 1
    outer loop
      vertex -3.17968 -5.49263 14.1
      vertex -5.65865 -2.88323 14.1
      vertex -5.41499 -3.31831 14.1
    endloop
  endfacet
  facet normal 0 0 1
    outer loop
      vertex -3.17968 -5.49263 14.1
      vertex -5.86742 -2.43037 14.1
      vertex -5.65865 -2.88323 14.1
    endloop
  endfacet
  facet normal 0 0 1
    outer loop
      vertex -3.17968 -5.49263 14.1
      vertex -6.04002 -1.96252 14.1
      vertex -5.86742 -2.43037 14.1
    endloop
  endfacet
  facet normal 0 0 1
    outer loop
      vertex -3.17968 -5.49263 14.1
      vertex -6.17538 -1.48258 14.1
      vertex -6.04002 -1.96252 14.1
    endloop
  endfacet
  facet normal 0 0 1
    outer loop
      vertex -3.17968 -5.49263 14.1
      vertex -6.27266 -0.993492 14.1
      vertex -6.17538 -1.48258 14.1
    endloop
  endfacet
  facet normal 0 0 1
    outer loop
      vertex -3.17968 -5.49263 14.1
      vertex -6.33127 -0.498281 14.1
      vertex -6.27266 -0.993492 14.1
    endloop
  endfacet
  facet normal -0 -0 1
    outer loop
      vertex -6.33127 -0.498281 14.1
      vertex -3.17968 -5.49263 14.1
      vertex -6.35085 0 14.1
    endloop
  endfacet
  facet normal 0 0 1
    outer loop
      vertex -3.73294 5.13795 14.1
      vertex -3.17968 5.49263 14.1
      vertex -3.31831 5.41499 14.1
    endloop
  endfacet
  facet normal 0 0 1
    outer loop
      vertex -4.12455 4.82923 14.1
      vertex -3.17968 5.49263 14.1
      vertex -3.73294 5.13795 14.1
    endloop
  endfacet
  facet normal 0 0 1
    outer loop
      vertex -4.49073 4.49073 14.1
      vertex -3.17968 5.49263 14.1
      vertex -4.12455 4.82923 14.1
    endloop
  endfacet
  facet normal 0 0 1
    outer loop
      vertex -4.82923 4.12455 14.1
      vertex -3.17968 5.49263 14.1
      vertex -4.49073 4.49073 14.1
    endloop
  endfacet
  facet normal 0 0 1
    outer loop
      vertex -5.13795 3.73294 14.1
      vertex -3.17968 5.49263 14.1
      vertex -4.82923 4.12455 14.1
    endloop
  endfacet
  facet normal 0 0 1
    outer loop
      vertex -5.41499 3.31831 14.1
      vertex -3.17968 5.49263 14.1
      vertex -5.13795 3.73294 14.1
    endloop
  endfacet
  facet normal 0 0 1
    outer loop
      vertex -5.65865 2.88323 14.1
      vertex -3.17968 5.49263 14.1
      vertex -5.41499 3.31831 14.1
    endloop
  endfacet
  facet normal 0 0 1
    outer loop
      vertex -5.86742 2.43037 14.1
      vertex -3.17968 5.49263 14.1
      vertex -5.65865 2.88323 14.1
    endloop
  endfacet
  facet normal 0 0 1
    outer loop
      vertex -6.04002 1.96252 14.1
      vertex -3.17968 5.49263 14.1
      vertex -5.86742 2.43037 14.1
    endloop
  endfacet
  facet normal 0 0 1
    outer loop
      vertex -6.17538 1.48258 14.1
      vertex -3.17968 5.49263 14.1
      vertex -6.04002 1.96252 14.1
    endloop
  endfacet
  facet normal 0 0 1
    outer loop
      vertex -6.27266 0.993492 14.1
      vertex -3.17968 5.49263 14.1
      vertex -6.17538 1.48258 14.1
    endloop
  endfacet
  facet normal 0 0 1
    outer loop
      vertex -6.33127 0.498281 14.1
      vertex -3.17968 5.49263 14.1
      vertex -6.27266 0.993492 14.1
    endloop
  endfacet
  facet normal 0 0 1
    outer loop
      vertex -3.17968 5.49263 14.1
      vertex -6.33127 0.498281 14.1
      vertex -6.35085 0 14.1
    endloop
  endfacet
  facet normal 0 -0 -1
    outer loop
      vertex -3.17543 5.5 14.1
      vertex -3.16652 5.5 14.1
      vertex -3.17968 5.49263 14.1
    endloop
  endfacet
  facet normal 0 0 1
    outer loop
      vertex 6.35085 0 14.1
      vertex 6.27266 -0.993492 14.1
      vertex 6.33127 -0.498281 14.1
    endloop
  endfacet
  facet normal 0 0 1
    outer loop
      vertex 6.35085 0 14.1
      vertex 6.17538 -1.48258 14.1
      vertex 6.27266 -0.993492 14.1
    endloop
  endfacet
  facet normal 0 0 1
    outer loop
      vertex 6.35085 0 14.1
      vertex 6.04002 -1.96252 14.1
      vertex 6.17538 -1.48258 14.1
    endloop
  endfacet
  facet normal 0 0 1
    outer loop
      vertex 6.35085 0 14.1
      vertex 5.86742 -2.43037 14.1
      vertex 6.04002 -1.96252 14.1
    endloop
  endfacet
  facet normal 0 0 1
    outer loop
      vertex 6.35085 0 14.1
      vertex 5.65865 -2.88323 14.1
      vertex 5.86742 -2.43037 14.1
    endloop
  endfacet
  facet normal 0 0 1
    outer loop
      vertex 6.35085 0 14.1
      vertex 5.41499 -3.31831 14.1
      vertex 5.65865 -2.88323 14.1
    endloop
  endfacet
  facet normal 0 0 1
    outer loop
      vertex 6.35085 0 14.1
      vertex 5.13795 -3.73294 14.1
      vertex 5.41499 -3.31831 14.1
    endloop
  endfacet
  facet normal 0 0 1
    outer loop
      vertex 6.35085 0 14.1
      vertex 4.82923 -4.12455 14.1
      vertex 5.13795 -3.73294 14.1
    endloop
  endfacet
  facet normal 0 0 1
    outer loop
      vertex 6.35085 0 14.1
      vertex 4.49073 -4.49073 14.1
      vertex 4.82923 -4.12455 14.1
    endloop
  endfacet
  facet normal 0 0 1
    outer loop
      vertex 6.35085 0 14.1
      vertex 4.12455 -4.82923 14.1
      vertex 4.49073 -4.49073 14.1
    endloop
  endfacet
  facet normal 0 0 1
    outer loop
      vertex 6.35085 0 14.1
      vertex 3.73294 -5.13795 14.1
      vertex 4.12455 -4.82923 14.1
    endloop
  endfacet
  facet normal 0 0 1
    outer loop
      vertex 3.17968 -5.49263 14.1
      vertex 3.73294 -5.13795 14.1
      vertex 6.35085 0 14.1
    endloop
  endfacet
  facet normal 0 0 1
    outer loop
      vertex 3.73294 -5.13795 14.1
      vertex 3.17968 -5.49263 14.1
      vertex 3.31831 -5.41499 14.1
    endloop
  endfacet
  facet normal 0 0 1
    outer loop
      vertex 6.27266 0.993492 14.1
      vertex 6.35085 0 14.1
      vertex 6.33127 0.498281 14.1
    endloop
  endfacet
  facet normal 0 0 1
    outer loop
      vertex 6.17538 1.48258 14.1
      vertex 6.35085 0 14.1
      vertex 6.27266 0.993492 14.1
    endloop
  endfacet
  facet normal 0 0 1
    outer loop
      vertex 6.04002 1.96252 14.1
      vertex 6.35085 0 14.1
      vertex 6.17538 1.48258 14.1
    endloop
  endfacet
  facet normal 0 0 1
    outer loop
      vertex 5.86742 2.43037 14.1
      vertex 6.35085 0 14.1
      vertex 6.04002 1.96252 14.1
    endloop
  endfacet
  facet normal 0 0 1
    outer loop
      vertex 5.65865 2.88323 14.1
      vertex 6.35085 0 14.1
      vertex 5.86742 2.43037 14.1
    endloop
  endfacet
  facet normal 0 0 1
    outer loop
      vertex 5.41499 3.31831 14.1
      vertex 6.35085 0 14.1
      vertex 5.65865 2.88323 14.1
    endloop
  endfacet
  facet normal 0 0 1
    outer loop
      vertex 5.13795 3.73294 14.1
      vertex 6.35085 0 14.1
      vertex 5.41499 3.31831 14.1
    endloop
  endfacet
  facet normal 0 0 1
    outer loop
      vertex 4.82923 4.12455 14.1
      vertex 6.35085 0 14.1
      vertex 5.13795 3.73294 14.1
    endloop
  endfacet
  facet normal 0 0 1
    outer loop
      vertex 4.49073 4.49073 14.1
      vertex 6.35085 0 14.1
      vertex 4.82923 4.12455 14.1
    endloop
  endfacet
  facet normal 0 0 1
    outer loop
      vertex 4.12455 4.82923 14.1
      vertex 6.35085 0 14.1
      vertex 4.49073 4.49073 14.1
    endloop
  endfacet
  facet normal 0 0 1
    outer loop
      vertex 3.73294 5.13795 14.1
      vertex 6.35085 0 14.1
      vertex 4.12455 4.82923 14.1
    endloop
  endfacet
  facet normal 0 0 1
    outer loop
      vertex 3.17968 5.49263 14.1
      vertex 3.73294 5.13795 14.1
      vertex 3.31831 5.41499 14.1
    endloop
  endfacet
  facet normal 0 0 1
    outer loop
      vertex 3.73294 5.13795 14.1
      vertex 3.17968 5.49263 14.1
      vertex 6.35085 0 14.1
    endloop
  endfacet
  facet normal 0 0 1
    outer loop
      vertex 3.16652 -5.5 14.1
      vertex 2.43037 -5.86742 14.1
      vertex 2.88323 -5.65865 14.1
    endloop
  endfacet
  facet normal 0 0 1
    outer loop
      vertex 3.16652 -5.5 14.1
      vertex 1.96252 -6.04002 14.1
      vertex 2.43037 -5.86742 14.1
    endloop
  endfacet
  facet normal 0 0 1
    outer loop
      vertex 3.16652 -5.5 14.1
      vertex 1.48258 -6.17538 14.1
      vertex 1.96252 -6.04002 14.1
    endloop
  endfacet
  facet normal 0 0 1
    outer loop
      vertex 3.16652 -5.5 14.1
      vertex 0.993492 -6.27266 14.1
      vertex 1.48258 -6.17538 14.1
    endloop
  endfacet
  facet normal 0 0 1
    outer loop
      vertex 3.16652 -5.5 14.1
      vertex 0.498281 -6.33127 14.1
      vertex 0.993492 -6.27266 14.1
    endloop
  endfacet
  facet normal 0 0 1
    outer loop
      vertex 3.16652 -5.5 14.1
      vertex 0 -6.35085 14.1
      vertex 0.498281 -6.33127 14.1
    endloop
  endfacet
  facet normal 0 0 1
    outer loop
      vertex 3.16652 -5.5 14.1
      vertex -0.498281 -6.33127 14.1
      vertex 0 -6.35085 14.1
    endloop
  endfacet
  facet normal 0 0 1
    outer loop
      vertex 3.16652 -5.5 14.1
      vertex -0.993492 -6.27266 14.1
      vertex -0.498281 -6.33127 14.1
    endloop
  endfacet
  facet normal 0 0 1
    outer loop
      vertex 3.16652 -5.5 14.1
      vertex -1.48258 -6.17538 14.1
      vertex -0.993492 -6.27266 14.1
    endloop
  endfacet
  facet normal 0 0 1
    outer loop
      vertex 3.16652 -5.5 14.1
      vertex -1.96252 -6.04002 14.1
      vertex -1.48258 -6.17538 14.1
    endloop
  endfacet
  facet normal 0 0 1
    outer loop
      vertex 3.16652 -5.5 14.1
      vertex -2.43037 -5.86742 14.1
      vertex -1.96252 -6.04002 14.1
    endloop
  endfacet
  facet normal -0 0 1
    outer loop
      vertex -3.16652 -5.5 14.1
      vertex -2.43037 -5.86742 14.1
      vertex 3.16652 -5.5 14.1
    endloop
  endfacet
  facet normal 0 0 1
    outer loop
      vertex -2.43037 -5.86742 14.1
      vertex -3.16652 -5.5 14.1
      vertex -2.88323 -5.65865 14.1
    endloop
  endfacet
  facet normal 0 0 1
    outer loop
      vertex 2.43037 5.86742 14.1
      vertex 3.16652 5.5 14.1
      vertex 2.88323 5.65865 14.1
    endloop
  endfacet
  facet normal 0 0 1
    outer loop
      vertex 1.96252 6.04002 14.1
      vertex 3.16652 5.5 14.1
      vertex 2.43037 5.86742 14.1
    endloop
  endfacet
  facet normal 0 0 1
    outer loop
      vertex 1.48258 6.17538 14.1
      vertex 3.16652 5.5 14.1
      vertex 1.96252 6.04002 14.1
    endloop
  endfacet
  facet normal 0 0 1
    outer loop
      vertex 0.993492 6.27266 14.1
      vertex 3.16652 5.5 14.1
      vertex 1.48258 6.17538 14.1
    endloop
  endfacet
  facet normal 0 0 1
    outer loop
      vertex 0.498281 6.33127 14.1
      vertex 3.16652 5.5 14.1
      vertex 0.993492 6.27266 14.1
    endloop
  endfacet
  facet normal 0 0 1
    outer loop
      vertex 0 6.35085 14.1
      vertex 3.16652 5.5 14.1
      vertex 0.498281 6.33127 14.1
    endloop
  endfacet
  facet normal -0 0 1
    outer loop
      vertex -0.498281 6.33127 14.1
      vertex 3.16652 5.5 14.1
      vertex 0 6.35085 14.1
    endloop
  endfacet
  facet normal -0 0 1
    outer loop
      vertex -0.993492 6.27266 14.1
      vertex 3.16652 5.5 14.1
      vertex -0.498281 6.33127 14.1
    endloop
  endfacet
  facet normal -0 0 1
    outer loop
      vertex -1.48258 6.17538 14.1
      vertex 3.16652 5.5 14.1
      vertex -0.993492 6.27266 14.1
    endloop
  endfacet
  facet normal -0 0 1
    outer loop
      vertex -1.96252 6.04002 14.1
      vertex 3.16652 5.5 14.1
      vertex -1.48258 6.17538 14.1
    endloop
  endfacet
  facet normal -0 0 1
    outer loop
      vertex -2.43037 5.86742 14.1
      vertex 3.16652 5.5 14.1
      vertex -1.96252 6.04002 14.1
    endloop
  endfacet
  facet normal 0 0 1
    outer loop
      vertex -3.16652 5.5 14.1
      vertex -2.43037 5.86742 14.1
      vertex -2.88323 5.65865 14.1
    endloop
  endfacet
  facet normal 0 0 1
    outer loop
      vertex -2.43037 5.86742 14.1
      vertex -3.16652 5.5 14.1
      vertex 3.16652 5.5 14.1
    endloop
  endfacet
  facet normal 0.223488 0.605748 -0.763625
    outer loop
      vertex 1.07151 2.58686 11.1
      vertex 0.865247 2.66296 11.1
      vertex 1.96252 6.04002 14.1
    endloop
  endfacet
  facet normal -0.358703 -0.536851 -0.763625
    outer loop
      vertex -1.463 -2.38739 11.1
      vertex -3.31831 -5.41499 14.1
      vertex -1.6458 -2.26525 11.1
    endloop
  endfacet
  facet normal -0.621417 -0.175265 -0.763625
    outer loop
      vertex -2.66296 -0.865247 11.1
      vertex -6.17538 -1.48258 14.1
      vertex -2.72264 -0.653646 11.1
    endloop
  endfacet
  facet normal 0.474118 -0.438279 -0.763625
    outer loop
      vertex 4.49073 -4.49073 14.1
      vertex 1.9799 -1.9799 11.1
      vertex 4.82923 -4.12455 14.1
    endloop
  endfacet
  facet normal 0.621418 0.175262 -0.763625
    outer loop
      vertex 6.17538 1.48258 14.1
      vertex 2.66296 0.865247 11.1
      vertex 6.04002 1.96252 14.1
    endloop
  endfacet
  facet normal 0.474126 -0.438269 -0.763626
    outer loop
      vertex 4.82923 -4.12455 14.1
      vertex 1.9799 -1.9799 11.1
      vertex 2.12914 -1.81845 11.1
    endloop
  endfacet
  facet normal 0.641185 0.0758866 -0.763625
    outer loop
      vertex 6.33127 0.498281 14.1
      vertex 2.79137 0.219685 11.1
      vertex 6.27266 0.993492 14.1
    endloop
  endfacet
  facet normal 0.586357 0.270301 -0.763625
    outer loop
      vertex 2.58686 1.07151 11.1
      vertex 2.49482 1.27117 11.1
      vertex 5.65865 2.88323 14.1
    endloop
  endfacet
  facet normal -0.27031 0.586352 -0.763625
    outer loop
      vertex -1.07151 2.58686 11.1
      vertex -2.88323 5.65865 14.1
      vertex -2.43037 5.86742 14.1
    endloop
  endfacet
  facet normal 0.536851 0.358703 -0.763625
    outer loop
      vertex 2.38739 1.463 11.1
      vertex 2.26525 1.6458 11.1
      vertex 5.41499 3.31831 14.1
    endloop
  endfacet
  facet normal 0.633255 -0.125955 -0.763625
    outer loop
      vertex 6.17538 -1.48258 14.1
      vertex 2.72264 -0.653646 11.1
      vertex 6.27266 -0.993492 14.1
    endloop
  endfacet
  facet normal -0.586352 0.27031 -0.763625
    outer loop
      vertex -2.58686 1.07151 11.1
      vertex -5.86742 2.43037 14.1
      vertex -5.65865 2.88323 14.1
    endloop
  endfacet
  facet normal -0.536851 0.358703 -0.763625
    outer loop
      vertex -2.26525 1.6458 11.1
      vertex -5.41499 3.31831 14.1
      vertex -5.13795 3.73294 14.1
    endloop
  endfacet
  facet normal 0.621417 -0.175265 -0.763625
    outer loop
      vertex 6.17538 -1.48258 14.1
      vertex 2.66296 -0.865247 11.1
      vertex 2.72264 -0.653646 11.1
    endloop
  endfacet
  facet normal 0.621418 -0.175262 -0.763625
    outer loop
      vertex 6.04002 -1.96252 14.1
      vertex 2.66296 -0.865247 11.1
      vertex 6.17538 -1.48258 14.1
    endloop
  endfacet
  facet normal -0.474118 -0.438279 -0.763625
    outer loop
      vertex -4.49073 -4.49073 14.1
      vertex -4.82923 -4.12455 14.1
      vertex -1.9799 -1.9799 11.1
    endloop
  endfacet
  facet normal 0.125955 0.633255 -0.763625
    outer loop
      vertex 1.48258 6.17538 14.1
      vertex 0.653646 2.72264 11.1
      vertex 0.993492 6.27266 14.1
    endloop
  endfacet
  facet normal 0.315483 0.563336 -0.763625
    outer loop
      vertex 1.463 2.38739 11.1
      vertex 1.27117 2.49482 11.1
      vertex 2.88323 5.65865 14.1
    endloop
  endfacet
  facet normal -0.641186 0.0758859 -0.763625
    outer loop
      vertex -2.79137 0.219685 11.1
      vertex -6.27266 0.993492 14.1
      vertex -2.76553 0.438016 11.1
    endloop
  endfacet
  facet normal 0.438279 0.474118 -0.763625
    outer loop
      vertex 4.49073 4.49073 14.1
      vertex 1.9799 1.9799 11.1
      vertex 4.12455 4.82923 14.1
    endloop
  endfacet
  facet normal -0.633255 0.125958 -0.763625
    outer loop
      vertex -2.76553 0.438016 11.1
      vertex -6.27266 0.993492 14.1
      vertex -2.72264 0.653646 11.1
    endloop
  endfacet
  facet normal 0.474118 0.438279 -0.763625
    outer loop
      vertex 4.82923 4.12455 14.1
      vertex 1.9799 1.9799 11.1
      vertex 4.49073 4.49073 14.1
    endloop
  endfacet
  facet normal 0.125955 -0.633255 -0.763625
    outer loop
      vertex 0.993492 -6.27266 14.1
      vertex 0.653646 -2.72264 11.1
      vertex 1.48258 -6.17538 14.1
    endloop
  endfacet
  facet normal -0.0253443 0.645162 -0.763625
    outer loop
      vertex 0 2.8 11.1
      vertex -0.219685 2.79137 11.1
      vertex 0 6.35085 14.1
    endloop
  endfacet
  facet normal 0.536851 0.358703 -0.763625
    outer loop
      vertex 5.41499 3.31831 14.1
      vertex 2.26525 1.6458 11.1
      vertex 5.13795 3.73294 14.1
    endloop
  endfacet
  facet normal -0.507048 0.399724 -0.763625
    outer loop
      vertex -2.26525 1.6458 11.1
      vertex -5.13795 3.73294 14.1
      vertex -4.82923 4.12455 14.1
    endloop
  endfacet
  facet normal 0.645163 0.0253517 -0.763625
    outer loop
      vertex 6.35085 0 14.1
      vertex 2.79137 0.219685 11.1
      vertex 6.33127 0.498281 14.1
    endloop
  endfacet
  facet normal 0.645162 -0.0253443 -0.763625
    outer loop
      vertex 6.35085 0 14.1
      vertex 2.79137 -0.219685 11.1
      vertex 2.8 0 11.1
    endloop
  endfacet
  facet normal 0.641185 -0.0758866 -0.763625
    outer loop
      vertex 6.27266 -0.993492 14.1
      vertex 2.79137 -0.219685 11.1
      vertex 6.33127 -0.498281 14.1
    endloop
  endfacet
  facet normal 0.39973 0.507042 -0.763626
    outer loop
      vertex 1.81845 2.12914 11.1
      vertex 1.6458 2.26525 11.1
      vertex 4.12455 4.82923 14.1
    endloop
  endfacet
  facet normal 0.0253443 0.645162 -0.763625
    outer loop
      vertex 0.219685 2.79137 11.1
      vertex 0 2.8 11.1
      vertex 0 6.35085 14.1
    endloop
  endfacet
  facet normal 0.641186 -0.0758859 -0.763625
    outer loop
      vertex 6.27266 -0.993492 14.1
      vertex 2.76553 -0.438016 11.1
      vertex 2.79137 -0.219685 11.1
    endloop
  endfacet
  facet normal 0.223475 0.605752 -0.763625
    outer loop
      vertex 2.43037 5.86742 14.1
      vertex 1.07151 2.58686 11.1
      vertex 1.96252 6.04002 14.1
    endloop
  endfacet
  facet normal -0.125955 -0.633255 -0.763625
    outer loop
      vertex -0.993492 -6.27266 14.1
      vertex -1.48258 -6.17538 14.1
      vertex -0.653646 -2.72264 11.1
    endloop
  endfacet
  facet normal 0.605752 0.223475 -0.763625
    outer loop
      vertex 6.04002 1.96252 14.1
      vertex 2.58686 1.07151 11.1
      vertex 5.86742 2.43037 14.1
    endloop
  endfacet
  facet normal 0.507048 -0.399724 -0.763625
    outer loop
      vertex 4.82923 -4.12455 14.1
      vertex 2.26525 -1.6458 11.1
      vertex 5.13795 -3.73294 14.1
    endloop
  endfacet
  facet normal 0.536851 -0.358703 -0.763625
    outer loop
      vertex 5.13795 -3.73294 14.1
      vertex 2.26525 -1.6458 11.1
      vertex 5.41499 -3.31831 14.1
    endloop
  endfacet
  facet normal -0.605748 -0.223488 -0.763625
    outer loop
      vertex -2.58686 -1.07151 11.1
      vertex -6.04002 -1.96252 14.1
      vertex -2.66296 -0.865247 11.1
    endloop
  endfacet
  facet normal -0.605752 0.223475 -0.763625
    outer loop
      vertex -2.58686 1.07151 11.1
      vertex -6.04002 1.96252 14.1
      vertex -5.86742 2.43037 14.1
    endloop
  endfacet
  facet normal -0.474118 0.438279 -0.763625
    outer loop
      vertex -1.9799 1.9799 11.1
      vertex -4.82923 4.12455 14.1
      vertex -4.49073 4.49073 14.1
    endloop
  endfacet
  facet normal -0.223475 0.605752 -0.763625
    outer loop
      vertex -1.07151 2.58686 11.1
      vertex -2.43037 5.86742 14.1
      vertex -1.96252 6.04002 14.1
    endloop
  endfacet
  facet normal 0.563334 0.315487 -0.763625
    outer loop
      vertex 5.65865 2.88323 14.1
      vertex 2.38739 1.463 11.1
      vertex 5.41499 3.31831 14.1
    endloop
  endfacet
  facet normal 0.223475 -0.605752 -0.763625
    outer loop
      vertex 1.96252 -6.04002 14.1
      vertex 1.07151 -2.58686 11.1
      vertex 2.43037 -5.86742 14.1
    endloop
  endfacet
  facet normal -0.641185 -0.0758866 -0.763625
    outer loop
      vertex -6.27266 -0.993492 14.1
      vertex -6.33127 -0.498281 14.1
      vertex -2.79137 -0.219685 11.1
    endloop
  endfacet
  facet normal 0.507042 0.39973 -0.763626
    outer loop
      vertex 2.26525 1.6458 11.1
      vertex 2.12914 1.81845 11.1
      vertex 4.82923 4.12455 14.1
    endloop
  endfacet
  facet normal 0.507048 0.399724 -0.763625
    outer loop
      vertex 5.13795 3.73294 14.1
      vertex 2.26525 1.6458 11.1
      vertex 4.82923 4.12455 14.1
    endloop
  endfacet
  facet normal 0.563334 -0.315487 -0.763625
    outer loop
      vertex 5.41499 -3.31831 14.1
      vertex 2.38739 -1.463 11.1
      vertex 5.65865 -2.88323 14.1
    endloop
  endfacet
  facet normal -0.125958 0.633255 -0.763625
    outer loop
      vertex -0.653646 2.72264 11.1
      vertex -0.993492 6.27266 14.1
      vertex -0.438016 2.76553 11.1
    endloop
  endfacet
  facet normal 0.270301 -0.586357 -0.763625
    outer loop
      vertex 2.88323 -5.65865 14.1
      vertex 1.07151 -2.58686 11.1
      vertex 1.27117 -2.49482 11.1
    endloop
  endfacet
  facet normal 0.0253517 0.645163 -0.763625
    outer loop
      vertex 0.219685 2.79137 11.1
      vertex 0 6.35085 14.1
      vertex 0.498281 6.33127 14.1
    endloop
  endfacet
  facet normal -0.0253517 -0.645163 -0.763625
    outer loop
      vertex 0 -6.35085 14.1
      vertex -0.498281 -6.33127 14.1
      vertex -0.219685 -2.79137 11.1
    endloop
  endfacet
  facet normal 0.605748 -0.223488 -0.763625
    outer loop
      vertex 6.04002 -1.96252 14.1
      vertex 2.58686 -1.07151 11.1
      vertex 2.66296 -0.865247 11.1
    endloop
  endfacet
  facet normal 0.358703 -0.536851 -0.763625
    outer loop
      vertex 3.31831 -5.41499 14.1
      vertex 1.463 -2.38739 11.1
      vertex 1.6458 -2.26525 11.1
    endloop
  endfacet
  facet normal -0.474126 0.438269 -0.763626
    outer loop
      vertex -2.12914 1.81845 11.1
      vertex -4.82923 4.12455 14.1
      vertex -1.9799 1.9799 11.1
    endloop
  endfacet
  facet normal 0.586352 -0.27031 -0.763625
    outer loop
      vertex 5.65865 -2.88323 14.1
      vertex 2.58686 -1.07151 11.1
      vertex 5.86742 -2.43037 14.1
    endloop
  endfacet
  facet normal -0.358703 -0.536851 -0.763625
    outer loop
      vertex -3.31831 -5.41499 14.1
      vertex -3.73294 -5.13795 14.1
      vertex -1.6458 -2.26525 11.1
    endloop
  endfacet
  facet normal 0.645163 -0.0253517 -0.763625
    outer loop
      vertex 6.33127 -0.498281 14.1
      vertex 2.79137 -0.219685 11.1
      vertex 6.35085 0 14.1
    endloop
  endfacet
  facet normal 0.641186 0.0758859 -0.763625
    outer loop
      vertex 2.79137 0.219685 11.1
      vertex 2.76553 0.438016 11.1
      vertex 6.27266 0.993492 14.1
    endloop
  endfacet
  facet normal -0.399724 -0.507048 -0.763625
    outer loop
      vertex -3.73294 -5.13795 14.1
      vertex -4.12455 -4.82923 14.1
      vertex -1.6458 -2.26525 11.1
    endloop
  endfacet
  facet normal 0.399724 0.507048 -0.763625
    outer loop
      vertex 4.12455 4.82923 14.1
      vertex 1.6458 2.26525 11.1
      vertex 3.73294 5.13795 14.1
    endloop
  endfacet
  facet normal -0.536851 -0.358703 -0.763625
    outer loop
      vertex -5.13795 -3.73294 14.1
      vertex -5.41499 -3.31831 14.1
      vertex -2.26525 -1.6458 11.1
    endloop
  endfacet
  facet normal -0.474126 -0.438269 -0.763626
    outer loop
      vertex -1.9799 -1.9799 11.1
      vertex -4.82923 -4.12455 14.1
      vertex -2.12914 -1.81845 11.1
    endloop
  endfacet
  facet normal 0.223488 -0.605748 -0.763625
    outer loop
      vertex 1.96252 -6.04002 14.1
      vertex 0.865247 -2.66296 11.1
      vertex 1.07151 -2.58686 11.1
    endloop
  endfacet
  facet normal 0.27031 0.586352 -0.763625
    outer loop
      vertex 2.88323 5.65865 14.1
      vertex 1.07151 2.58686 11.1
      vertex 2.43037 5.86742 14.1
    endloop
  endfacet
  facet normal -0.645162 0.0253443 -0.763625
    outer loop
      vertex -2.8 0 11.1
      vertex -6.35085 0 14.1
      vertex -2.79137 0.219685 11.1
    endloop
  endfacet
  facet normal 0.633255 0.125955 -0.763625
    outer loop
      vertex 6.27266 0.993492 14.1
      vertex 2.72264 0.653646 11.1
      vertex 6.17538 1.48258 14.1
    endloop
  endfacet
  facet normal 0.175262 0.621418 -0.763625
    outer loop
      vertex 1.96252 6.04002 14.1
      vertex 0.865247 2.66296 11.1
      vertex 1.48258 6.17538 14.1
    endloop
  endfacet
  facet normal -0.605748 0.223488 -0.763625
    outer loop
      vertex -2.66296 0.865247 11.1
      vertex -6.04002 1.96252 14.1
      vertex -2.58686 1.07151 11.1
    endloop
  endfacet
  facet normal 0.586352 0.27031 -0.763625
    outer loop
      vertex 5.86742 2.43037 14.1
      vertex 2.58686 1.07151 11.1
      vertex 5.65865 2.88323 14.1
    endloop
  endfacet
  facet normal 0.270301 0.586357 -0.763625
    outer loop
      vertex 1.27117 2.49482 11.1
      vertex 1.07151 2.58686 11.1
      vertex 2.88323 5.65865 14.1
    endloop
  endfacet
  facet normal -0.645163 0.0253517 -0.763625
    outer loop
      vertex -2.79137 0.219685 11.1
      vertex -6.35085 0 14.1
      vertex -6.33127 0.498281 14.1
    endloop
  endfacet
  facet normal -0.641185 0.0758866 -0.763625
    outer loop
      vertex -2.79137 0.219685 11.1
      vertex -6.33127 0.498281 14.1
      vertex -6.27266 0.993492 14.1
    endloop
  endfacet
  facet normal -0.507042 -0.39973 -0.763626
    outer loop
      vertex -2.12914 -1.81845 11.1
      vertex -4.82923 -4.12455 14.1
      vertex -2.26525 -1.6458 11.1
    endloop
  endfacet
  facet normal 0.438269 0.474126 -0.763626
    outer loop
      vertex 1.9799 1.9799 11.1
      vertex 1.81845 2.12914 11.1
      vertex 4.12455 4.82923 14.1
    endloop
  endfacet
  facet normal -0.175265 0.621417 -0.763625
    outer loop
      vertex -0.865247 2.66296 11.1
      vertex -1.48258 6.17538 14.1
      vertex -0.653646 2.72264 11.1
    endloop
  endfacet
  facet normal -0.125958 -0.633255 -0.763625
    outer loop
      vertex -0.438016 -2.76553 11.1
      vertex -0.993492 -6.27266 14.1
      vertex -0.653646 -2.72264 11.1
    endloop
  endfacet
  facet normal -0.641186 -0.0758859 -0.763625
    outer loop
      vertex -2.76553 -0.438016 11.1
      vertex -6.27266 -0.993492 14.1
      vertex -2.79137 -0.219685 11.1
    endloop
  endfacet
  facet normal 0.175262 -0.621418 -0.763625
    outer loop
      vertex 1.48258 -6.17538 14.1
      vertex 0.865247 -2.66296 11.1
      vertex 1.96252 -6.04002 14.1
    endloop
  endfacet
  facet normal -0.563334 0.315487 -0.763625
    outer loop
      vertex -2.38739 1.463 11.1
      vertex -5.65865 2.88323 14.1
      vertex -5.41499 3.31831 14.1
    endloop
  endfacet
  facet normal -0.536851 0.358703 -0.763625
    outer loop
      vertex -2.38739 1.463 11.1
      vertex -5.41499 3.31831 14.1
      vertex -2.26525 1.6458 11.1
    endloop
  endfacet
  facet normal 0.605748 0.223488 -0.763625
    outer loop
      vertex 2.66296 0.865247 11.1
      vertex 2.58686 1.07151 11.1
      vertex 6.04002 1.96252 14.1
    endloop
  endfacet
  facet normal -0.125955 0.633255 -0.763625
    outer loop
      vertex -0.653646 2.72264 11.1
      vertex -1.48258 6.17538 14.1
      vertex -0.993492 6.27266 14.1
    endloop
  endfacet
  facet normal 0.0758866 -0.641185 -0.763625
    outer loop
      vertex 0.498281 -6.33127 14.1
      vertex 0.219685 -2.79137 11.1
      vertex 0.993492 -6.27266 14.1
    endloop
  endfacet
  facet normal 0.0253517 -0.645163 -0.763625
    outer loop
      vertex 0.498281 -6.33127 14.1
      vertex 0 -6.35085 14.1
      vertex 0.219685 -2.79137 11.1
    endloop
  endfacet
  facet normal 0.358703 -0.536851 -0.763625
    outer loop
      vertex 3.31831 -5.41499 14.1
      vertex 1.6458 -2.26525 11.1
      vertex 3.73294 -5.13795 14.1
    endloop
  endfacet
  facet normal -0.633255 -0.125958 -0.763625
    outer loop
      vertex -2.72264 -0.653646 11.1
      vertex -6.27266 -0.993492 14.1
      vertex -2.76553 -0.438016 11.1
    endloop
  endfacet
  facet normal -0.438279 -0.474118 -0.763625
    outer loop
      vertex -4.12455 -4.82923 14.1
      vertex -4.49073 -4.49073 14.1
      vertex -1.9799 -1.9799 11.1
    endloop
  endfacet
  facet normal -0.645163 -0.0253517 -0.763625
    outer loop
      vertex -6.33127 -0.498281 14.1
      vertex -6.35085 0 14.1
      vertex -2.79137 -0.219685 11.1
    endloop
  endfacet
  facet normal 0.586357 -0.270301 -0.763625
    outer loop
      vertex 5.65865 -2.88323 14.1
      vertex 2.49482 -1.27117 11.1
      vertex 2.58686 -1.07151 11.1
    endloop
  endfacet
  facet normal 0.536851 -0.358703 -0.763625
    outer loop
      vertex 5.41499 -3.31831 14.1
      vertex 2.26525 -1.6458 11.1
      vertex 2.38739 -1.463 11.1
    endloop
  endfacet
  facet normal -0.223475 -0.605752 -0.763625
    outer loop
      vertex -1.96252 -6.04002 14.1
      vertex -2.43037 -5.86742 14.1
      vertex -1.07151 -2.58686 11.1
    endloop
  endfacet
  facet normal -0.175265 -0.621417 -0.763625
    outer loop
      vertex -0.653646 -2.72264 11.1
      vertex -1.48258 -6.17538 14.1
      vertex -0.865247 -2.66296 11.1
    endloop
  endfacet
  facet normal 0.358703 0.536851 -0.763625
    outer loop
      vertex 1.6458 2.26525 11.1
      vertex 1.463 2.38739 11.1
      vertex 3.31831 5.41499 14.1
    endloop
  endfacet
  facet normal 0.125958 0.633255 -0.763625
    outer loop
      vertex 0.653646 2.72264 11.1
      vertex 0.438016 2.76553 11.1
      vertex 0.993492 6.27266 14.1
    endloop
  endfacet
  facet normal 0.27031 -0.586352 -0.763625
    outer loop
      vertex 2.43037 -5.86742 14.1
      vertex 1.07151 -2.58686 11.1
      vertex 2.88323 -5.65865 14.1
    endloop
  endfacet
  facet normal -0.270301 -0.586357 -0.763625
    outer loop
      vertex -1.07151 -2.58686 11.1
      vertex -2.88323 -5.65865 14.1
      vertex -1.27117 -2.49482 11.1
    endloop
  endfacet
  facet normal -0.175262 -0.621418 -0.763625
    outer loop
      vertex -1.48258 -6.17538 14.1
      vertex -1.96252 -6.04002 14.1
      vertex -0.865247 -2.66296 11.1
    endloop
  endfacet
  facet normal -0.270301 0.586357 -0.763625
    outer loop
      vertex -1.27117 2.49482 11.1
      vertex -2.88323 5.65865 14.1
      vertex -1.07151 2.58686 11.1
    endloop
  endfacet
  facet normal -0.563336 0.315483 -0.763625
    outer loop
      vertex -2.49482 1.27117 11.1
      vertex -5.65865 2.88323 14.1
      vertex -2.38739 1.463 11.1
    endloop
  endfacet
  facet normal -0.358703 0.536851 -0.763625
    outer loop
      vertex -1.6458 2.26525 11.1
      vertex -3.73294 5.13795 14.1
      vertex -3.31831 5.41499 14.1
    endloop
  endfacet
  facet normal -0.507042 0.39973 -0.763626
    outer loop
      vertex -2.26525 1.6458 11.1
      vertex -4.82923 4.12455 14.1
      vertex -2.12914 1.81845 11.1
    endloop
  endfacet
  facet normal 0.438269 -0.474126 -0.763626
    outer loop
      vertex 4.12455 -4.82923 14.1
      vertex 1.81845 -2.12914 11.1
      vertex 1.9799 -1.9799 11.1
    endloop
  endfacet
  facet normal -0.0253443 -0.645162 -0.763625
    outer loop
      vertex 0 -6.35085 14.1
      vertex -0.219685 -2.79137 11.1
      vertex 0 -2.8 11.1
    endloop
  endfacet
  facet normal 0.315494 0.56333 -0.763625
    outer loop
      vertex 1.463 2.38739 11.1
      vertex 3.17968 5.49263 14.1
      vertex 3.31831 5.41499 14.1
    endloop
  endfacet
  facet normal 0.315483 0.563336 -0.763625
    outer loop
      vertex 3.16652 5.5 14.1
      vertex 1.463 2.38739 11.1
      vertex 2.88323 5.65865 14.1
    endloop
  endfacet
  facet normal 0.315485 0.563335 -0.763625
    outer loop
      vertex 3.17968 5.49263 14.1
      vertex 1.463 2.38739 11.1
      vertex 3.16652 5.5 14.1
    endloop
  endfacet
  facet normal 0.125958 -0.633255 -0.763625
    outer loop
      vertex 0.993492 -6.27266 14.1
      vertex 0.438016 -2.76553 11.1
      vertex 0.653646 -2.72264 11.1
    endloop
  endfacet
  facet normal 0.175265 -0.621417 -0.763625
    outer loop
      vertex 1.48258 -6.17538 14.1
      vertex 0.653646 -2.72264 11.1
      vertex 0.865247 -2.66296 11.1
    endloop
  endfacet
  facet normal -0.0758866 0.641185 -0.763625
    outer loop
      vertex -0.219685 2.79137 11.1
      vertex -0.993492 6.27266 14.1
      vertex -0.498281 6.33127 14.1
    endloop
  endfacet
  facet normal -0.0253517 0.645163 -0.763625
    outer loop
      vertex -0.219685 2.79137 11.1
      vertex -0.498281 6.33127 14.1
      vertex 0 6.35085 14.1
    endloop
  endfacet
  facet normal -0.633255 0.125955 -0.763625
    outer loop
      vertex -2.72264 0.653646 11.1
      vertex -6.27266 0.993492 14.1
      vertex -6.17538 1.48258 14.1
    endloop
  endfacet
  facet normal -0.621417 0.175265 -0.763625
    outer loop
      vertex -2.72264 0.653646 11.1
      vertex -6.17538 1.48258 14.1
      vertex -2.66296 0.865247 11.1
    endloop
  endfacet
  facet normal 0.399724 -0.507048 -0.763625
    outer loop
      vertex 3.73294 -5.13795 14.1
      vertex 1.6458 -2.26525 11.1
      vertex 4.12455 -4.82923 14.1
    endloop
  endfacet
  facet normal -0.0758866 -0.641185 -0.763625
    outer loop
      vertex -0.498281 -6.33127 14.1
      vertex -0.993492 -6.27266 14.1
      vertex -0.219685 -2.79137 11.1
    endloop
  endfacet
  facet normal 0.438279 -0.474118 -0.763625
    outer loop
      vertex 4.12455 -4.82923 14.1
      vertex 1.9799 -1.9799 11.1
      vertex 4.49073 -4.49073 14.1
    endloop
  endfacet
  facet normal -0.438279 0.474118 -0.763625
    outer loop
      vertex -1.9799 1.9799 11.1
      vertex -4.49073 4.49073 14.1
      vertex -4.12455 4.82923 14.1
    endloop
  endfacet
  facet normal -0.633255 -0.125955 -0.763625
    outer loop
      vertex -6.17538 -1.48258 14.1
      vertex -6.27266 -0.993492 14.1
      vertex -2.72264 -0.653646 11.1
    endloop
  endfacet
  facet normal 0.633255 -0.125958 -0.763625
    outer loop
      vertex 6.27266 -0.993492 14.1
      vertex 2.72264 -0.653646 11.1
      vertex 2.76553 -0.438016 11.1
    endloop
  endfacet
  facet normal -0.536851 -0.358703 -0.763625
    outer loop
      vertex -2.26525 -1.6458 11.1
      vertex -5.41499 -3.31831 14.1
      vertex -2.38739 -1.463 11.1
    endloop
  endfacet
  facet normal -0.621418 -0.175262 -0.763625
    outer loop
      vertex -6.04002 -1.96252 14.1
      vertex -6.17538 -1.48258 14.1
      vertex -2.66296 -0.865247 11.1
    endloop
  endfacet
  facet normal -0.563334 -0.315487 -0.763625
    outer loop
      vertex -5.41499 -3.31831 14.1
      vertex -5.65865 -2.88323 14.1
      vertex -2.38739 -1.463 11.1
    endloop
  endfacet
  facet normal -0.358703 0.536851 -0.763625
    outer loop
      vertex -1.6458 2.26525 11.1
      vertex -3.31831 5.41499 14.1
      vertex -1.463 2.38739 11.1
    endloop
  endfacet
  facet normal 0.39973 -0.507042 -0.763626
    outer loop
      vertex 4.12455 -4.82923 14.1
      vertex 1.6458 -2.26525 11.1
      vertex 1.81845 -2.12914 11.1
    endloop
  endfacet
  facet normal -0.399724 0.507048 -0.763625
    outer loop
      vertex -1.6458 2.26525 11.1
      vertex -4.12455 4.82923 14.1
      vertex -3.73294 5.13795 14.1
    endloop
  endfacet
  facet normal -0.0758859 0.641186 -0.763625
    outer loop
      vertex -0.438016 2.76553 11.1
      vertex -0.993492 6.27266 14.1
      vertex -0.219685 2.79137 11.1
    endloop
  endfacet
  facet normal -0.315483 -0.563336 -0.763625
    outer loop
      vertex -1.27117 -2.49482 11.1
      vertex -2.88323 -5.65865 14.1
      vertex -1.463 -2.38739 11.1
    endloop
  endfacet
  facet normal 0.621417 0.175265 -0.763625
    outer loop
      vertex 2.72264 0.653646 11.1
      vertex 2.66296 0.865247 11.1
      vertex 6.17538 1.48258 14.1
    endloop
  endfacet
  facet normal -0.315483 -0.563336 -0.763625
    outer loop
      vertex -3.16652 -5.5 14.1
      vertex -1.463 -2.38739 11.1
      vertex -2.88323 -5.65865 14.1
    endloop
  endfacet
  facet normal -0.315485 -0.563335 -0.763625
    outer loop
      vertex -3.17968 -5.49263 14.1
      vertex -1.463 -2.38739 11.1
      vertex -3.16652 -5.5 14.1
    endloop
  endfacet
  facet normal -0.315494 -0.56333 -0.763625
    outer loop
      vertex -1.463 -2.38739 11.1
      vertex -3.17968 -5.49263 14.1
      vertex -3.31831 -5.41499 14.1
    endloop
  endfacet
  facet normal 0.0758859 -0.641186 -0.763625
    outer loop
      vertex 0.993492 -6.27266 14.1
      vertex 0.219685 -2.79137 11.1
      vertex 0.438016 -2.76553 11.1
    endloop
  endfacet
  facet normal -0.315483 0.563336 -0.763625
    outer loop
      vertex -1.463 2.38739 11.1
      vertex -2.88323 5.65865 14.1
      vertex -1.27117 2.49482 11.1
    endloop
  endfacet
  facet normal -0.586352 -0.27031 -0.763625
    outer loop
      vertex -5.65865 -2.88323 14.1
      vertex -5.86742 -2.43037 14.1
      vertex -2.58686 -1.07151 11.1
    endloop
  endfacet
  facet normal 0.315483 -0.563336 -0.763625
    outer loop
      vertex 2.88323 -5.65865 14.1
      vertex 1.27117 -2.49482 11.1
      vertex 1.463 -2.38739 11.1
    endloop
  endfacet
  facet normal 0.315485 -0.563335 -0.763625
    outer loop
      vertex 1.463 -2.38739 11.1
      vertex 3.17968 -5.49263 14.1
      vertex 3.16652 -5.5 14.1
    endloop
  endfacet
  facet normal 0.315494 -0.56333 -0.763625
    outer loop
      vertex 3.17968 -5.49263 14.1
      vertex 1.463 -2.38739 11.1
      vertex 3.31831 -5.41499 14.1
    endloop
  endfacet
  facet normal 0.315483 -0.563336 -0.763625
    outer loop
      vertex 1.463 -2.38739 11.1
      vertex 3.16652 -5.5 14.1
      vertex 2.88323 -5.65865 14.1
    endloop
  endfacet
  facet normal -0.605752 -0.223475 -0.763625
    outer loop
      vertex -5.86742 -2.43037 14.1
      vertex -6.04002 -1.96252 14.1
      vertex -2.58686 -1.07151 11.1
    endloop
  endfacet
  facet normal -0.223488 -0.605748 -0.763625
    outer loop
      vertex -0.865247 -2.66296 11.1
      vertex -1.96252 -6.04002 14.1
      vertex -1.07151 -2.58686 11.1
    endloop
  endfacet
  facet normal 0.633255 0.125958 -0.763625
    outer loop
      vertex 2.76553 0.438016 11.1
      vertex 2.72264 0.653646 11.1
      vertex 6.27266 0.993492 14.1
    endloop
  endfacet
  facet normal -0.39973 -0.507042 -0.763626
    outer loop
      vertex -1.6458 -2.26525 11.1
      vertex -4.12455 -4.82923 14.1
      vertex -1.81845 -2.12914 11.1
    endloop
  endfacet
  facet normal -0.0758859 -0.641186 -0.763625
    outer loop
      vertex -0.219685 -2.79137 11.1
      vertex -0.993492 -6.27266 14.1
      vertex -0.438016 -2.76553 11.1
    endloop
  endfacet
  facet normal -0.438269 0.474126 -0.763626
    outer loop
      vertex -1.9799 1.9799 11.1
      vertex -4.12455 4.82923 14.1
      vertex -1.81845 2.12914 11.1
    endloop
  endfacet
  facet normal -0.39973 0.507042 -0.763626
    outer loop
      vertex -1.81845 2.12914 11.1
      vertex -4.12455 4.82923 14.1
      vertex -1.6458 2.26525 11.1
    endloop
  endfacet
  facet normal -0.563336 -0.315483 -0.763625
    outer loop
      vertex -2.38739 -1.463 11.1
      vertex -5.65865 -2.88323 14.1
      vertex -2.49482 -1.27117 11.1
    endloop
  endfacet
  facet normal -0.586357 -0.270301 -0.763625
    outer loop
      vertex -2.49482 -1.27117 11.1
      vertex -5.65865 -2.88323 14.1
      vertex -2.58686 -1.07151 11.1
    endloop
  endfacet
  facet normal 0 -1 0
    outer loop
      vertex -3.16652 -5.5 14.1
      vertex -3.16652 -5.5 21.1
      vertex -3.17543 -5.5 21.1
    endloop
  endfacet
  facet normal 0 -1 0
    outer loop
      vertex -3.16652 -5.5 21.1
      vertex -3.16652 -5.5 14.1
      vertex 3.16652 -5.5 21.1
    endloop
  endfacet
  facet normal 0 -1 0
    outer loop
      vertex -3.16652 -5.5 14.1
      vertex -3.17543 -5.5 21.1
      vertex -3.17543 -5.5 14.1
    endloop
  endfacet
  facet normal 0 -1 0
    outer loop
      vertex 3.16652 -5.5 14.1
      vertex 3.16652 -5.5 21.1
      vertex -3.16652 -5.5 14.1
    endloop
  endfacet
  facet normal 0 -1 0
    outer loop
      vertex 3.16652 -5.5 21.1
      vertex 3.16652 -5.5 14.1
      vertex 3.17543 -5.5 21.1
    endloop
  endfacet
  facet normal 0 -1 -0
    outer loop
      vertex 3.17543 -5.5 21.1
      vertex 3.16652 -5.5 14.1
      vertex 3.17543 -5.5 14.1
    endloop
  endfacet
  facet normal 0.866025 -0.5 0
    outer loop
      vertex 3.17968 -5.49263 21.1
      vertex 6.35085 0 14.1
      vertex 6.35085 0 21.1
    endloop
  endfacet
  facet normal 0.866025 -0.5 0
    outer loop
      vertex 3.17968 -5.49263 21.1
      vertex 3.17968 -5.49263 14.1
      vertex 6.35085 0 14.1
    endloop
  endfacet
  facet normal 0.866283 -0.499553 0
    outer loop
      vertex 3.17543 -5.5 21.1
      vertex 3.17968 -5.49263 14.1
      vertex 3.17968 -5.49263 21.1
    endloop
  endfacet
  facet normal 0.866283 -0.499553 0
    outer loop
      vertex 3.17968 -5.49263 14.1
      vertex 3.17543 -5.5 21.1
      vertex 3.17543 -5.5 14.1
    endloop
  endfacet
  facet normal 0 1 0
    outer loop
      vertex 3.16652 5.5 14.1
      vertex 3.16652 5.5 21.1
      vertex 3.17543 5.5 21.1
    endloop
  endfacet
  facet normal 0 1 0
    outer loop
      vertex 3.16652 5.5 21.1
      vertex 3.16652 5.5 14.1
      vertex -3.16652 5.5 21.1
    endloop
  endfacet
  facet normal 0 1 0
    outer loop
      vertex 3.16652 5.5 14.1
      vertex 3.17543 5.5 21.1
      vertex 3.17543 5.5 14.1
    endloop
  endfacet
  facet normal 0 1 0
    outer loop
      vertex -3.16652 5.5 14.1
      vertex -3.16652 5.5 21.1
      vertex 3.16652 5.5 14.1
    endloop
  endfacet
  facet normal 0 1 0
    outer loop
      vertex -3.16652 5.5 21.1
      vertex -3.16652 5.5 14.1
      vertex -3.17543 5.5 21.1
    endloop
  endfacet
  facet normal 0 1 0
    outer loop
      vertex -3.17543 5.5 21.1
      vertex -3.16652 5.5 14.1
      vertex -3.17543 5.5 14.1
    endloop
  endfacet
  facet normal 0.866283 0.499553 0
    outer loop
      vertex 3.17968 5.49263 21.1
      vertex 3.17543 5.5 14.1
      vertex 3.17543 5.5 21.1
    endloop
  endfacet
  facet normal 0.866283 0.499553 0
    outer loop
      vertex 3.17968 5.49263 21.1
      vertex 3.17968 5.49263 14.1
      vertex 3.17543 5.5 14.1
    endloop
  endfacet
  facet normal 0.866025 0.5 0
    outer loop
      vertex 6.35085 0 21.1
      vertex 3.17968 5.49263 14.1
      vertex 3.17968 5.49263 21.1
    endloop
  endfacet
  facet normal 0.866025 0.5 0
    outer loop
      vertex 3.17968 5.49263 14.1
      vertex 6.35085 0 21.1
      vertex 6.35085 0 14.1
    endloop
  endfacet
  facet normal -0.866283 0.499553 0
    outer loop
      vertex -3.17968 5.49263 14.1
      vertex -3.17543 5.5 21.1
      vertex -3.17543 5.5 14.1
    endloop
  endfacet
  facet normal -0.866283 0.499553 0
    outer loop
      vertex -3.17968 5.49263 14.1
      vertex -3.17968 5.49263 21.1
      vertex -3.17543 5.5 21.1
    endloop
  endfacet
  facet normal -0.866025 0.5 0
    outer loop
      vertex -6.35085 0 14.1
      vertex -3.17968 5.49263 21.1
      vertex -3.17968 5.49263 14.1
    endloop
  endfacet
  facet normal -0.866025 0.5 0
    outer loop
      vertex -3.17968 5.49263 21.1
      vertex -6.35085 0 14.1
      vertex -6.35085 0 21.1
    endloop
  endfacet
  facet normal -0.866025 -0.5 0
    outer loop
      vertex -3.17968 -5.49263 14.1
      vertex -6.35085 0 21.1
      vertex -6.35085 0 14.1
    endloop
  endfacet
  facet normal -0.866025 -0.5 0
    outer loop
      vertex -3.17968 -5.49263 14.1
      vertex -3.17968 -5.49263 21.1
      vertex -6.35085 0 21.1
    endloop
  endfacet
  facet normal -0.866283 -0.499553 0
    outer loop
      vertex -3.17543 -5.5 14.1
      vertex -3.17968 -5.49263 21.1
      vertex -3.17968 -5.49263 14.1
    endloop
  endfacet
  facet normal -0.866283 -0.499553 0
    outer loop
      vertex -3.17968 -5.49263 21.1
      vertex -3.17543 -5.5 14.1
      vertex -3.17543 -5.5 21.1
    endloop
  endfacet
  facet normal 0 0 -1
    outer loop
      vertex 6.35085 0 21.1
      vertex 6.27266 0.993492 21.1
      vertex 6.33127 0.498281 21.1
    endloop
  endfacet
  facet normal 0 0 -1
    outer loop
      vertex 6.35085 0 21.1
      vertex 6.17538 1.48258 21.1
      vertex 6.27266 0.993492 21.1
    endloop
  endfacet
  facet normal 0 0 -1
    outer loop
      vertex 6.35085 0 21.1
      vertex 6.04002 1.96252 21.1
      vertex 6.17538 1.48258 21.1
    endloop
  endfacet
  facet normal 0 0 -1
    outer loop
      vertex 6.35085 0 21.1
      vertex 5.86742 2.43037 21.1
      vertex 6.04002 1.96252 21.1
    endloop
  endfacet
  facet normal 0 0 -1
    outer loop
      vertex 6.35085 0 21.1
      vertex 5.65865 2.88323 21.1
      vertex 5.86742 2.43037 21.1
    endloop
  endfacet
  facet normal 0 0 -1
    outer loop
      vertex 6.35085 0 21.1
      vertex 5.41499 3.31831 21.1
      vertex 5.65865 2.88323 21.1
    endloop
  endfacet
  facet normal 0 0 -1
    outer loop
      vertex 6.35085 0 21.1
      vertex 5.13795 3.73294 21.1
      vertex 5.41499 3.31831 21.1
    endloop
  endfacet
  facet normal 0 0 -1
    outer loop
      vertex 6.35085 0 21.1
      vertex 4.82923 4.12455 21.1
      vertex 5.13795 3.73294 21.1
    endloop
  endfacet
  facet normal 0 0 -1
    outer loop
      vertex 6.35085 0 21.1
      vertex 4.49073 4.49073 21.1
      vertex 4.82923 4.12455 21.1
    endloop
  endfacet
  facet normal 0 0 -1
    outer loop
      vertex 6.35085 0 21.1
      vertex 4.12455 4.82923 21.1
      vertex 4.49073 4.49073 21.1
    endloop
  endfacet
  facet normal 0 0 -1
    outer loop
      vertex 6.35085 0 21.1
      vertex 3.73294 5.13795 21.1
      vertex 4.12455 4.82923 21.1
    endloop
  endfacet
  facet normal 0 0 -1
    outer loop
      vertex 3.17968 5.49263 21.1
      vertex 3.73294 5.13795 21.1
      vertex 6.35085 0 21.1
    endloop
  endfacet
  facet normal 0 0 -1
    outer loop
      vertex 3.73294 5.13795 21.1
      vertex 3.17968 5.49263 21.1
      vertex 3.31831 5.41499 21.1
    endloop
  endfacet
  facet normal 0 0 -1
    outer loop
      vertex 2.43037 -5.86742 21.1
      vertex 3.16652 -5.5 21.1
      vertex 2.88323 -5.65865 21.1
    endloop
  endfacet
  facet normal 0 0 -1
    outer loop
      vertex 1.96252 -6.04002 21.1
      vertex 3.16652 -5.5 21.1
      vertex 2.43037 -5.86742 21.1
    endloop
  endfacet
  facet normal 0 0 -1
    outer loop
      vertex 1.48258 -6.17538 21.1
      vertex 3.16652 -5.5 21.1
      vertex 1.96252 -6.04002 21.1
    endloop
  endfacet
  facet normal 0 0 -1
    outer loop
      vertex 0.993492 -6.27266 21.1
      vertex 3.16652 -5.5 21.1
      vertex 1.48258 -6.17538 21.1
    endloop
  endfacet
  facet normal 0 0 -1
    outer loop
      vertex 0.498281 -6.33127 21.1
      vertex 3.16652 -5.5 21.1
      vertex 0.993492 -6.27266 21.1
    endloop
  endfacet
  facet normal 0 0 -1
    outer loop
      vertex 0 -6.35085 21.1
      vertex 3.16652 -5.5 21.1
      vertex 0.498281 -6.33127 21.1
    endloop
  endfacet
  facet normal 0 0 -1
    outer loop
      vertex -0.498281 -6.33127 21.1
      vertex 3.16652 -5.5 21.1
      vertex 0 -6.35085 21.1
    endloop
  endfacet
  facet normal 0 0 -1
    outer loop
      vertex -0.993492 -6.27266 21.1
      vertex 3.16652 -5.5 21.1
      vertex -0.498281 -6.33127 21.1
    endloop
  endfacet
  facet normal 0 0 -1
    outer loop
      vertex -1.48258 -6.17538 21.1
      vertex 3.16652 -5.5 21.1
      vertex -0.993492 -6.27266 21.1
    endloop
  endfacet
  facet normal 0 0 -1
    outer loop
      vertex -1.96252 -6.04002 21.1
      vertex 3.16652 -5.5 21.1
      vertex -1.48258 -6.17538 21.1
    endloop
  endfacet
  facet normal 0 0 -1
    outer loop
      vertex -2.43037 -5.86742 21.1
      vertex 3.16652 -5.5 21.1
      vertex -1.96252 -6.04002 21.1
    endloop
  endfacet
  facet normal 0 0 -1
    outer loop
      vertex -3.16652 -5.5 21.1
      vertex -2.43037 -5.86742 21.1
      vertex -2.88323 -5.65865 21.1
    endloop
  endfacet
  facet normal 0 0 -1
    outer loop
      vertex -2.43037 -5.86742 21.1
      vertex -3.16652 -5.5 21.1
      vertex 3.16652 -5.5 21.1
    endloop
  endfacet
  facet normal 0 0 -1
    outer loop
      vertex -3.17968 5.49263 21.1
      vertex -3.73294 5.13795 21.1
      vertex -3.31831 5.41499 21.1
    endloop
  endfacet
  facet normal 0 0 -1
    outer loop
      vertex -3.17968 5.49263 21.1
      vertex -4.12455 4.82923 21.1
      vertex -3.73294 5.13795 21.1
    endloop
  endfacet
  facet normal 0 0 -1
    outer loop
      vertex -3.17968 5.49263 21.1
      vertex -4.49073 4.49073 21.1
      vertex -4.12455 4.82923 21.1
    endloop
  endfacet
  facet normal 0 0 -1
    outer loop
      vertex -3.17968 5.49263 21.1
      vertex -4.82923 4.12455 21.1
      vertex -4.49073 4.49073 21.1
    endloop
  endfacet
  facet normal 0 0 -1
    outer loop
      vertex -3.17968 5.49263 21.1
      vertex -5.13795 3.73294 21.1
      vertex -4.82923 4.12455 21.1
    endloop
  endfacet
  facet normal 0 0 -1
    outer loop
      vertex -3.17968 5.49263 21.1
      vertex -5.41499 3.31831 21.1
      vertex -5.13795 3.73294 21.1
    endloop
  endfacet
  facet normal 0 0 -1
    outer loop
      vertex -3.17968 5.49263 21.1
      vertex -5.65865 2.88323 21.1
      vertex -5.41499 3.31831 21.1
    endloop
  endfacet
  facet normal 0 0 -1
    outer loop
      vertex -3.17968 5.49263 21.1
      vertex -5.86742 2.43037 21.1
      vertex -5.65865 2.88323 21.1
    endloop
  endfacet
  facet normal 0 0 -1
    outer loop
      vertex -3.17968 5.49263 21.1
      vertex -6.04002 1.96252 21.1
      vertex -5.86742 2.43037 21.1
    endloop
  endfacet
  facet normal 0 0 -1
    outer loop
      vertex -3.17968 5.49263 21.1
      vertex -6.17538 1.48258 21.1
      vertex -6.04002 1.96252 21.1
    endloop
  endfacet
  facet normal 0 0 -1
    outer loop
      vertex -3.17968 5.49263 21.1
      vertex -6.27266 0.993492 21.1
      vertex -6.17538 1.48258 21.1
    endloop
  endfacet
  facet normal 0 0 -1
    outer loop
      vertex -3.17968 5.49263 21.1
      vertex -6.33127 0.498281 21.1
      vertex -6.27266 0.993492 21.1
    endloop
  endfacet
  facet normal 0 -0 -1
    outer loop
      vertex -6.33127 0.498281 21.1
      vertex -3.17968 5.49263 21.1
      vertex -6.35085 0 21.1
    endloop
  endfacet
  facet normal 0 0 -1
    outer loop
      vertex 3.16652 5.5 21.1
      vertex 2.43037 5.86742 21.1
      vertex 2.88323 5.65865 21.1
    endloop
  endfacet
  facet normal 0 0 -1
    outer loop
      vertex 3.16652 5.5 21.1
      vertex 1.96252 6.04002 21.1
      vertex 2.43037 5.86742 21.1
    endloop
  endfacet
  facet normal 0 0 -1
    outer loop
      vertex 3.16652 5.5 21.1
      vertex 1.48258 6.17538 21.1
      vertex 1.96252 6.04002 21.1
    endloop
  endfacet
  facet normal 0 0 -1
    outer loop
      vertex 3.16652 5.5 21.1
      vertex 0.993492 6.27266 21.1
      vertex 1.48258 6.17538 21.1
    endloop
  endfacet
  facet normal 0 0 -1
    outer loop
      vertex 3.16652 5.5 21.1
      vertex 0.498281 6.33127 21.1
      vertex 0.993492 6.27266 21.1
    endloop
  endfacet
  facet normal 0 0 -1
    outer loop
      vertex 3.16652 5.5 21.1
      vertex 0 6.35085 21.1
      vertex 0.498281 6.33127 21.1
    endloop
  endfacet
  facet normal 0 0 -1
    outer loop
      vertex 3.16652 5.5 21.1
      vertex -0.498281 6.33127 21.1
      vertex 0 6.35085 21.1
    endloop
  endfacet
  facet normal 0 0 -1
    outer loop
      vertex 3.16652 5.5 21.1
      vertex -0.993492 6.27266 21.1
      vertex -0.498281 6.33127 21.1
    endloop
  endfacet
  facet normal 0 0 -1
    outer loop
      vertex 3.16652 5.5 21.1
      vertex -1.48258 6.17538 21.1
      vertex -0.993492 6.27266 21.1
    endloop
  endfacet
  facet normal 0 0 -1
    outer loop
      vertex 3.16652 5.5 21.1
      vertex -1.96252 6.04002 21.1
      vertex -1.48258 6.17538 21.1
    endloop
  endfacet
  facet normal 0 0 -1
    outer loop
      vertex 3.16652 5.5 21.1
      vertex -2.43037 5.86742 21.1
      vertex -1.96252 6.04002 21.1
    endloop
  endfacet
  facet normal 0 0 -1
    outer loop
      vertex -3.16652 5.5 21.1
      vertex -2.43037 5.86742 21.1
      vertex 3.16652 5.5 21.1
    endloop
  endfacet
  facet normal 0 0 -1
    outer loop
      vertex -2.43037 5.86742 21.1
      vertex -3.16652 5.5 21.1
      vertex -2.88323 5.65865 21.1
    endloop
  endfacet
  facet normal 0 0 -1
    outer loop
      vertex 6.27266 -0.993492 21.1
      vertex 6.35085 0 21.1
      vertex 6.33127 -0.498281 21.1
    endloop
  endfacet
  facet normal 0 0 -1
    outer loop
      vertex 6.17538 -1.48258 21.1
      vertex 6.35085 0 21.1
      vertex 6.27266 -0.993492 21.1
    endloop
  endfacet
  facet normal 0 0 -1
    outer loop
      vertex 6.04002 -1.96252 21.1
      vertex 6.35085 0 21.1
      vertex 6.17538 -1.48258 21.1
    endloop
  endfacet
  facet normal 0 0 -1
    outer loop
      vertex 5.86742 -2.43037 21.1
      vertex 6.35085 0 21.1
      vertex 6.04002 -1.96252 21.1
    endloop
  endfacet
  facet normal 0 0 -1
    outer loop
      vertex 5.65865 -2.88323 21.1
      vertex 6.35085 0 21.1
      vertex 5.86742 -2.43037 21.1
    endloop
  endfacet
  facet normal 0 0 -1
    outer loop
      vertex 5.41499 -3.31831 21.1
      vertex 6.35085 0 21.1
      vertex 5.65865 -2.88323 21.1
    endloop
  endfacet
  facet normal 0 0 -1
    outer loop
      vertex 5.13795 -3.73294 21.1
      vertex 6.35085 0 21.1
      vertex 5.41499 -3.31831 21.1
    endloop
  endfacet
  facet normal 0 0 -1
    outer loop
      vertex 4.82923 -4.12455 21.1
      vertex 6.35085 0 21.1
      vertex 5.13795 -3.73294 21.1
    endloop
  endfacet
  facet normal 0 0 -1
    outer loop
      vertex 4.49073 -4.49073 21.1
      vertex 6.35085 0 21.1
      vertex 4.82923 -4.12455 21.1
    endloop
  endfacet
  facet normal 0 0 -1
    outer loop
      vertex 4.12455 -4.82923 21.1
      vertex 6.35085 0 21.1
      vertex 4.49073 -4.49073 21.1
    endloop
  endfacet
  facet normal 0 0 -1
    outer loop
      vertex 3.73294 -5.13795 21.1
      vertex 6.35085 0 21.1
      vertex 4.12455 -4.82923 21.1
    endloop
  endfacet
  facet normal 0 0 -1
    outer loop
      vertex 3.17968 -5.49263 21.1
      vertex 3.73294 -5.13795 21.1
      vertex 3.31831 -5.41499 21.1
    endloop
  endfacet
  facet normal -0 0 -1
    outer loop
      vertex 3.73294 -5.13795 21.1
      vertex 3.17968 -5.49263 21.1
      vertex 6.35085 0 21.1
    endloop
  endfacet
  facet normal 0 0 -1
    outer loop
      vertex -3.73294 -5.13795 21.1
      vertex -3.17968 -5.49263 21.1
      vertex -3.31831 -5.41499 21.1
    endloop
  endfacet
  facet normal 0 0 -1
    outer loop
      vertex -4.12455 -4.82923 21.1
      vertex -3.17968 -5.49263 21.1
      vertex -3.73294 -5.13795 21.1
    endloop
  endfacet
  facet normal 0 0 -1
    outer loop
      vertex -4.49073 -4.49073 21.1
      vertex -3.17968 -5.49263 21.1
      vertex -4.12455 -4.82923 21.1
    endloop
  endfacet
  facet normal 0 0 -1
    outer loop
      vertex -4.82923 -4.12455 21.1
      vertex -3.17968 -5.49263 21.1
      vertex -4.49073 -4.49073 21.1
    endloop
  endfacet
  facet normal 0 0 -1
    outer loop
      vertex -5.13795 -3.73294 21.1
      vertex -3.17968 -5.49263 21.1
      vertex -4.82923 -4.12455 21.1
    endloop
  endfacet
  facet normal 0 0 -1
    outer loop
      vertex -5.41499 -3.31831 21.1
      vertex -3.17968 -5.49263 21.1
      vertex -5.13795 -3.73294 21.1
    endloop
  endfacet
  facet normal 0 0 -1
    outer loop
      vertex -5.65865 -2.88323 21.1
      vertex -3.17968 -5.49263 21.1
      vertex -5.41499 -3.31831 21.1
    endloop
  endfacet
  facet normal 0 0 -1
    outer loop
      vertex -5.86742 -2.43037 21.1
      vertex -3.17968 -5.49263 21.1
      vertex -5.65865 -2.88323 21.1
    endloop
  endfacet
  facet normal 0 0 -1
    outer loop
      vertex -6.04002 -1.96252 21.1
      vertex -3.17968 -5.49263 21.1
      vertex -5.86742 -2.43037 21.1
    endloop
  endfacet
  facet normal 0 0 -1
    outer loop
      vertex -6.17538 -1.48258 21.1
      vertex -3.17968 -5.49263 21.1
      vertex -6.04002 -1.96252 21.1
    endloop
  endfacet
  facet normal 0 0 -1
    outer loop
      vertex -6.27266 -0.993492 21.1
      vertex -3.17968 -5.49263 21.1
      vertex -6.17538 -1.48258 21.1
    endloop
  endfacet
  facet normal 0 0 -1
    outer loop
      vertex -6.33127 -0.498281 21.1
      vertex -3.17968 -5.49263 21.1
      vertex -6.27266 -0.993492 21.1
    endloop
  endfacet
  facet normal 0 0 -1
    outer loop
      vertex -3.17968 -5.49263 21.1
      vertex -6.33127 -0.498281 21.1
      vertex -6.35085 0 21.1
    endloop
  endfacet
  facet normal 0 0 1
    outer loop
      vertex -3.16652 -5.5 21.1
      vertex -3.17968 -5.49263 21.1
      vertex -3.17543 -5.5 21.1
    endloop
  endfacet
  facet normal 0 0 1
    outer loop
      vertex 3.17968 -5.49263 21.1
      vertex 3.16652 -5.5 21.1
      vertex 3.17543 -5.5 21.1
    endloop
  endfacet
  facet normal 0 0 1
    outer loop
      vertex 3.17543 5.5 21.1
      vertex 3.16652 5.5 21.1
      vertex 3.17968 5.49263 21.1
    endloop
  endfacet
  facet normal -0 0 1
    outer loop
      vertex -3.17543 5.5 21.1
      vertex -3.17968 5.49263 21.1
      vertex -3.16652 5.5 21.1
    endloop
  endfacet
  facet normal 0.958995 0.0376838 0.280907
    outer loop
      vertex 6.33127 0.498281 21.1
      vertex 2.25 0 35.1
      vertex 6.35085 0 21.1
    endloop
  endfacet
  facet normal -0.651476 0.704749 0.280907
    outer loop
      vertex -4.12455 4.82923 21.1
      vertex -4.49073 4.49073 21.1
      vertex -1.59099 1.59099 35.1
    endloop
  endfacet
  facet normal -0.9237 0.260516 0.280907
    outer loop
      vertex -6.04002 1.96252 21.1
      vertex -6.17538 1.48258 21.1
      vertex -2.18783 0.525251 35.1
    endloop
  endfacet
  facet normal -0.797997 0.533191 0.280907
    outer loop
      vertex -5.13795 3.73294 21.1
      vertex -5.41499 3.31831 21.1
      vertex -1.82029 1.32252 35.1
    endloop
  endfacet
  facet normal -0.4018 0.871578 0.280907
    outer loop
      vertex -2.43037 5.86742 21.1
      vertex -2.88323 5.65865 21.1
      vertex -0.861037 2.07873 35.1
    endloop
  endfacet
  facet normal 0.753697 -0.594166 0.280907
    outer loop
      vertex 5.13795 -3.73294 21.1
      vertex 1.82029 -1.32252 35.1
      vertex 4.82923 -4.12455 21.1
    endloop
  endfacet
  facet normal -0.837371 0.468936 0.280907
    outer loop
      vertex -1.91844 1.17562 35.1
      vertex -5.65865 2.88323 21.1
      vertex -2.00476 1.02148 35.1
    endloop
  endfacet
  facet normal -0.900412 0.33219 0.280907
    outer loop
      vertex -2.07873 0.861037 35.1
      vertex -6.04002 1.96252 21.1
      vertex -2.13988 0.695288 35.1
    endloop
  endfacet
  facet normal 0.704749 0.651476 0.280907
    outer loop
      vertex 4.49073 4.49073 21.1
      vertex 1.59099 1.59099 35.1
      vertex 4.82923 4.12455 21.1
    endloop
  endfacet
  facet normal -0.594187 -0.75368 0.280908
    outer loop
      vertex -1.46126 -1.71091 35.1
      vertex -4.12455 -4.82923 21.1
      vertex -1.32252 -1.82029 35.1
    endloop
  endfacet
  facet normal -0.871578 0.4018 0.280907
    outer loop
      vertex -5.65865 2.88323 21.1
      vertex -5.86742 2.43037 21.1
      vertex -2.07873 0.861037 35.1
    endloop
  endfacet
  facet normal 0.900412 -0.33219 0.280907
    outer loop
      vertex 2.13988 -0.695288 35.1
      vertex 2.07873 -0.861037 35.1
      vertex 6.04002 -1.96252 21.1
    endloop
  endfacet
  facet normal -0.92371 0.260484 0.280906
    outer loop
      vertex -2.13988 0.695288 35.1
      vertex -6.04002 1.96252 21.1
      vertex -2.18783 0.525251 35.1
    endloop
  endfacet
  facet normal -0.837362 0.468952 0.280907
    outer loop
      vertex -5.41499 3.31831 21.1
      vertex -5.65865 2.88323 21.1
      vertex -1.91844 1.17562 35.1
    endloop
  endfacet
  facet normal 0.958995 -0.0376838 0.280907
    outer loop
      vertex 6.35085 0 21.1
      vertex 2.25 0 35.1
      vertex 6.33127 -0.498281 21.1
    endloop
  endfacet
  facet normal 0.651476 0.704749 0.280907
    outer loop
      vertex 4.12455 4.82923 21.1
      vertex 1.59099 1.59099 35.1
      vertex 4.49073 4.49073 21.1
    endloop
  endfacet
  facet normal -0.798004 0.53318 0.280907
    outer loop
      vertex -1.82029 1.32252 35.1
      vertex -5.41499 3.31831 21.1
      vertex -1.91844 1.17562 35.1
    endloop
  endfacet
  facet normal -0.260516 0.9237 0.280907
    outer loop
      vertex -1.48258 6.17538 21.1
      vertex -1.96252 6.04002 21.1
      vertex -0.525251 2.18783 35.1
    endloop
  endfacet
  facet normal -0.332182 0.900414 0.280907
    outer loop
      vertex -1.96252 6.04002 21.1
      vertex -2.43037 5.86742 21.1
      vertex -0.861037 2.07873 35.1
    endloop
  endfacet
  facet normal -0.900412 -0.33219 0.280907
    outer loop
      vertex -2.13988 -0.695288 35.1
      vertex -6.04002 -1.96252 21.1
      vertex -2.07873 -0.861037 35.1
    endloop
  endfacet
  facet normal -0.797997 -0.533191 0.280907
    outer loop
      vertex -1.82029 -1.32252 35.1
      vertex -5.41499 -3.31831 21.1
      vertex -5.13795 -3.73294 21.1
    endloop
  endfacet
  facet normal 0.594166 -0.753697 0.280907
    outer loop
      vertex 4.12455 -4.82923 21.1
      vertex 1.32252 -1.82029 35.1
      vertex 3.73294 -5.13795 21.1
    endloop
  endfacet
  facet normal -0.533191 0.797997 0.280907
    outer loop
      vertex -3.31831 5.41499 21.1
      vertex -3.73294 5.13795 21.1
      vertex -1.32252 1.82029 35.1
    endloop
  endfacet
  facet normal 0.468947 -0.837365 0.280907
    outer loop
      vertex 3.16652 -5.5 21.1
      vertex 1.17562 -1.91844 35.1
      vertex 2.88323 -5.65865 21.1
    endloop
  endfacet
  facet normal 0.468949 -0.837364 0.280907
    outer loop
      vertex 3.17968 -5.49263 21.1
      vertex 1.17562 -1.91844 35.1
      vertex 3.16652 -5.5 21.1
    endloop
  endfacet
  facet normal 0.468963 -0.837356 0.280907
    outer loop
      vertex 1.17562 -1.91844 35.1
      vertex 3.17968 -5.49263 21.1
      vertex 3.31831 -5.41499 21.1
    endloop
  endfacet
  facet normal 0.651476 -0.704749 0.280907
    outer loop
      vertex 4.49073 -4.49073 21.1
      vertex 1.59099 -1.59099 35.1
      vertex 4.12455 -4.82923 21.1
    endloop
  endfacet
  facet normal -0.900414 -0.332182 0.280907
    outer loop
      vertex -2.07873 -0.861037 35.1
      vertex -6.04002 -1.96252 21.1
      vertex -5.86742 -2.43037 21.1
    endloop
  endfacet
  facet normal 0.75368 0.594187 0.280908
    outer loop
      vertex 4.82923 4.12455 21.1
      vertex 1.71091 1.46126 35.1
      vertex 1.82029 1.32252 35.1
    endloop
  endfacet
  facet normal 0.941296 -0.187225 0.280907
    outer loop
      vertex 6.27266 -0.993492 21.1
      vertex 2.2223 -0.351977 35.1
      vertex 6.17538 -1.48258 21.1
    endloop
  endfacet
  facet normal 0.837371 0.468936 0.280907
    outer loop
      vertex 5.65865 2.88323 21.1
      vertex 1.91844 1.17562 35.1
      vertex 2.00476 1.02148 35.1
    endloop
  endfacet
  facet normal -0.468936 -0.837371 0.280907
    outer loop
      vertex -1.17562 -1.91844 35.1
      vertex -2.88323 -5.65865 21.1
      vertex -1.02148 -2.00476 35.1
    endloop
  endfacet
  facet normal -0.401824 0.871567 0.280907
    outer loop
      vertex -0.861037 2.07873 35.1
      vertex -2.88323 5.65865 21.1
      vertex -1.02148 2.00476 35.1
    endloop
  endfacet
  facet normal -0.704749 0.651476 0.280907
    outer loop
      vertex -4.49073 4.49073 21.1
      vertex -4.82923 4.12455 21.1
      vertex -1.59099 1.59099 35.1
    endloop
  endfacet
  facet normal 0.92371 -0.260484 0.280906
    outer loop
      vertex 2.18783 -0.525251 35.1
      vertex 2.13988 -0.695288 35.1
      vertex 6.04002 -1.96252 21.1
    endloop
  endfacet
  facet normal -0.941296 0.187225 0.280907
    outer loop
      vertex -6.17538 1.48258 21.1
      vertex -6.27266 0.993492 21.1
      vertex -2.2223 0.351977 35.1
    endloop
  endfacet
  facet normal -0.958995 -0.0376838 0.280907
    outer loop
      vertex -2.25 0 35.1
      vertex -6.35085 0 21.1
      vertex -6.33127 -0.498281 21.1
    endloop
  endfacet
  facet normal 0.0376838 -0.958995 0.280907
    outer loop
      vertex 0 -2.25 35.1
      vertex 0 -6.35085 21.1
      vertex 0.498281 -6.33127 21.1
    endloop
  endfacet
  facet normal 0.958994 -0.0377007 0.280907
    outer loop
      vertex 2.25 0 35.1
      vertex 2.24306 -0.176533 35.1
      vertex 6.33127 -0.498281 21.1
    endloop
  endfacet
  facet normal 0.953083 -0.112801 0.280907
    outer loop
      vertex 6.33127 -0.498281 21.1
      vertex 2.24306 -0.176533 35.1
      vertex 6.27266 -0.993492 21.1
    endloop
  endfacet
  facet normal -0.958995 0.0376838 0.280907
    outer loop
      vertex -6.33127 0.498281 21.1
      vertex -6.35085 0 21.1
      vertex -2.25 0 35.1
    endloop
  endfacet
  facet normal 0.837362 0.468952 0.280907
    outer loop
      vertex 5.41499 3.31831 21.1
      vertex 1.91844 1.17562 35.1
      vertex 5.65865 2.88323 21.1
    endloop
  endfacet
  facet normal 0.33219 0.900412 0.280907
    outer loop
      vertex 1.96252 6.04002 21.1
      vertex 0.695288 2.13988 35.1
      vertex 0.861037 2.07873 35.1
    endloop
  endfacet
  facet normal -0.33219 0.900412 0.280907
    outer loop
      vertex -0.695288 2.13988 35.1
      vertex -1.96252 6.04002 21.1
      vertex -0.861037 2.07873 35.1
    endloop
  endfacet
  facet normal -0.900414 0.332182 0.280907
    outer loop
      vertex -5.86742 2.43037 21.1
      vertex -6.04002 1.96252 21.1
      vertex -2.07873 0.861037 35.1
    endloop
  endfacet
  facet normal 0.4018 0.871578 0.280907
    outer loop
      vertex 2.43037 5.86742 21.1
      vertex 0.861037 2.07873 35.1
      vertex 2.88323 5.65865 21.1
    endloop
  endfacet
  facet normal 0.4018 -0.871578 0.280907
    outer loop
      vertex 2.88323 -5.65865 21.1
      vertex 0.861037 -2.07873 35.1
      vertex 2.43037 -5.86742 21.1
    endloop
  endfacet
  facet normal 0.533191 -0.797997 0.280907
    outer loop
      vertex 3.73294 -5.13795 21.1
      vertex 1.32252 -1.82029 35.1
      vertex 3.31831 -5.41499 21.1
    endloop
  endfacet
  facet normal 0.187254 -0.94129 0.280907
    outer loop
      vertex 0.525251 -2.18783 35.1
      vertex 0.351977 -2.2223 35.1
      vertex 1.48258 -6.17538 21.1
    endloop
  endfacet
  facet normal -0.958994 0.0377007 0.280907
    outer loop
      vertex -2.24306 0.176533 35.1
      vertex -6.33127 0.498281 21.1
      vertex -2.25 0 35.1
    endloop
  endfacet
  facet normal 0.594166 0.753697 0.280907
    outer loop
      vertex 3.73294 5.13795 21.1
      vertex 1.32252 1.82029 35.1
      vertex 4.12455 4.82923 21.1
    endloop
  endfacet
  facet normal -0.0376838 0.958995 0.280907
    outer loop
      vertex 0 6.35085 21.1
      vertex -0.498281 6.33127 21.1
      vertex 0 2.25 35.1
    endloop
  endfacet
  facet normal 0.9237 -0.260516 0.280907
    outer loop
      vertex 6.17538 -1.48258 21.1
      vertex 2.18783 -0.525251 35.1
      vertex 6.04002 -1.96252 21.1
    endloop
  endfacet
  facet normal 0.468936 -0.837371 0.280907
    outer loop
      vertex 1.17562 -1.91844 35.1
      vertex 1.02148 -2.00476 35.1
      vertex 2.88323 -5.65865 21.1
    endloop
  endfacet
  facet normal -0.401824 -0.871567 0.280907
    outer loop
      vertex -1.02148 -2.00476 35.1
      vertex -2.88323 -5.65865 21.1
      vertex -0.861037 -2.07873 35.1
    endloop
  endfacet
  facet normal -0.871567 0.401824 0.280907
    outer loop
      vertex -2.00476 1.02148 35.1
      vertex -5.65865 2.88323 21.1
      vertex -2.07873 0.861037 35.1
    endloop
  endfacet
  facet normal -0.753697 0.594166 0.280907
    outer loop
      vertex -4.82923 4.12455 21.1
      vertex -5.13795 3.73294 21.1
      vertex -1.82029 1.32252 35.1
    endloop
  endfacet
  facet normal -0.704758 -0.651465 0.280907
    outer loop
      vertex -1.71091 -1.46126 35.1
      vertex -4.82923 -4.12455 21.1
      vertex -1.59099 -1.59099 35.1
    endloop
  endfacet
  facet normal -0.187225 -0.941296 0.280907
    outer loop
      vertex -0.351977 -2.2223 35.1
      vertex -1.48258 -6.17538 21.1
      vertex -0.993492 -6.27266 21.1
    endloop
  endfacet
  facet normal 0.92371 0.260484 0.280906
    outer loop
      vertex 6.04002 1.96252 21.1
      vertex 2.13988 0.695288 35.1
      vertex 2.18783 0.525251 35.1
    endloop
  endfacet
  facet normal -0.468936 0.837371 0.280907
    outer loop
      vertex -1.02148 2.00476 35.1
      vertex -2.88323 5.65865 21.1
      vertex -1.17562 1.91844 35.1
    endloop
  endfacet
  facet normal -0.958994 -0.0377007 0.280907
    outer loop
      vertex -2.25 0 35.1
      vertex -6.33127 -0.498281 21.1
      vertex -2.24306 -0.176533 35.1
    endloop
  endfacet
  facet normal -0.112777 -0.953086 0.280906
    outer loop
      vertex -0.351977 -2.2223 35.1
      vertex -0.993492 -6.27266 21.1
      vertex -0.176533 -2.24306 35.1
    endloop
  endfacet
  facet normal 0.651465 -0.704758 0.280907
    outer loop
      vertex 1.59099 -1.59099 35.1
      vertex 1.46126 -1.71091 35.1
      vertex 4.12455 -4.82923 21.1
    endloop
  endfacet
  facet normal 0.594187 -0.75368 0.280908
    outer loop
      vertex 1.46126 -1.71091 35.1
      vertex 1.32252 -1.82029 35.1
      vertex 4.12455 -4.82923 21.1
    endloop
  endfacet
  facet normal 0.953086 -0.112777 0.280906
    outer loop
      vertex 2.24306 -0.176533 35.1
      vertex 2.2223 -0.351977 35.1
      vertex 6.27266 -0.993492 21.1
    endloop
  endfacet
  facet normal 0.900412 0.33219 0.280907
    outer loop
      vertex 6.04002 1.96252 21.1
      vertex 2.07873 0.861037 35.1
      vertex 2.13988 0.695288 35.1
    endloop
  endfacet
  facet normal 0.953083 0.112801 0.280907
    outer loop
      vertex 6.27266 0.993492 21.1
      vertex 2.24306 0.176533 35.1
      vertex 6.33127 0.498281 21.1
    endloop
  endfacet
  facet normal -0.871578 -0.4018 0.280907
    outer loop
      vertex -2.07873 -0.861037 35.1
      vertex -5.86742 -2.43037 21.1
      vertex -5.65865 -2.88323 21.1
    endloop
  endfacet
  facet normal -0.112801 -0.953083 0.280907
    outer loop
      vertex -0.176533 -2.24306 35.1
      vertex -0.993492 -6.27266 21.1
      vertex -0.498281 -6.33127 21.1
    endloop
  endfacet
  facet normal 0.871578 0.4018 0.280907
    outer loop
      vertex 5.65865 2.88323 21.1
      vertex 2.07873 0.861037 35.1
      vertex 5.86742 2.43037 21.1
    endloop
  endfacet
  facet normal 0.187225 0.941296 0.280907
    outer loop
      vertex 0.993492 6.27266 21.1
      vertex 0.351977 2.2223 35.1
      vertex 1.48258 6.17538 21.1
    endloop
  endfacet
  facet normal 0.900414 0.332182 0.280907
    outer loop
      vertex 5.86742 2.43037 21.1
      vertex 2.07873 0.861037 35.1
      vertex 6.04002 1.96252 21.1
    endloop
  endfacet
  facet normal 0.651465 0.704758 0.280907
    outer loop
      vertex 4.12455 4.82923 21.1
      vertex 1.46126 1.71091 35.1
      vertex 1.59099 1.59099 35.1
    endloop
  endfacet
  facet normal 0.9237 0.260516 0.280907
    outer loop
      vertex 6.04002 1.96252 21.1
      vertex 2.18783 0.525251 35.1
      vertex 6.17538 1.48258 21.1
    endloop
  endfacet
  facet normal -0.187225 0.941296 0.280907
    outer loop
      vertex -0.993492 6.27266 21.1
      vertex -1.48258 6.17538 21.1
      vertex -0.351977 2.2223 35.1
    endloop
  endfacet
  facet normal 0.187225 -0.941296 0.280907
    outer loop
      vertex 1.48258 -6.17538 21.1
      vertex 0.351977 -2.2223 35.1
      vertex 0.993492 -6.27266 21.1
    endloop
  endfacet
  facet normal 0.704758 0.651465 0.280907
    outer loop
      vertex 4.82923 4.12455 21.1
      vertex 1.59099 1.59099 35.1
      vertex 1.71091 1.46126 35.1
    endloop
  endfacet
  facet normal -0.187254 0.94129 0.280907
    outer loop
      vertex -0.351977 2.2223 35.1
      vertex -1.48258 6.17538 21.1
      vertex -0.525251 2.18783 35.1
    endloop
  endfacet
  facet normal -0.798004 -0.53318 0.280907
    outer loop
      vertex -1.91844 -1.17562 35.1
      vertex -5.41499 -3.31831 21.1
      vertex -1.82029 -1.32252 35.1
    endloop
  endfacet
  facet normal -0.112777 0.953086 0.280906
    outer loop
      vertex -0.176533 2.24306 35.1
      vertex -0.993492 6.27266 21.1
      vertex -0.351977 2.2223 35.1
    endloop
  endfacet
  facet normal 0.900414 -0.332182 0.280907
    outer loop
      vertex 6.04002 -1.96252 21.1
      vertex 2.07873 -0.861037 35.1
      vertex 5.86742 -2.43037 21.1
    endloop
  endfacet
  facet normal -0.704749 -0.651476 0.280907
    outer loop
      vertex -1.59099 -1.59099 35.1
      vertex -4.82923 -4.12455 21.1
      vertex -4.49073 -4.49073 21.1
    endloop
  endfacet
  facet normal -0.260484 -0.92371 0.280906
    outer loop
      vertex -0.695288 -2.13988 35.1
      vertex -1.96252 -6.04002 21.1
      vertex -0.525251 -2.18783 35.1
    endloop
  endfacet
  facet normal -0.332182 -0.900414 0.280907
    outer loop
      vertex -0.861037 -2.07873 35.1
      vertex -2.43037 -5.86742 21.1
      vertex -1.96252 -6.04002 21.1
    endloop
  endfacet
  facet normal 0.837371 -0.468936 0.280907
    outer loop
      vertex 2.00476 -1.02148 35.1
      vertex 1.91844 -1.17562 35.1
      vertex 5.65865 -2.88323 21.1
    endloop
  endfacet
  facet normal 0.871578 -0.4018 0.280907
    outer loop
      vertex 5.86742 -2.43037 21.1
      vertex 2.07873 -0.861037 35.1
      vertex 5.65865 -2.88323 21.1
    endloop
  endfacet
  facet normal 0.94129 -0.187254 0.280907
    outer loop
      vertex 2.2223 -0.351977 35.1
      vertex 2.18783 -0.525251 35.1
      vertex 6.17538 -1.48258 21.1
    endloop
  endfacet
  facet normal -0.953086 0.112777 0.280906
    outer loop
      vertex -2.2223 0.351977 35.1
      vertex -6.27266 0.993492 21.1
      vertex -2.24306 0.176533 35.1
    endloop
  endfacet
  facet normal -0.953083 0.112801 0.280907
    outer loop
      vertex -6.27266 0.993492 21.1
      vertex -6.33127 0.498281 21.1
      vertex -2.24306 0.176533 35.1
    endloop
  endfacet
  facet normal 0.468936 0.837371 0.280907
    outer loop
      vertex 2.88323 5.65865 21.1
      vertex 1.02148 2.00476 35.1
      vertex 1.17562 1.91844 35.1
    endloop
  endfacet
  facet normal -0.704758 0.651465 0.280907
    outer loop
      vertex -1.59099 1.59099 35.1
      vertex -4.82923 4.12455 21.1
      vertex -1.71091 1.46126 35.1
    endloop
  endfacet
  facet normal -0.75368 0.594187 0.280908
    outer loop
      vertex -1.71091 1.46126 35.1
      vertex -4.82923 4.12455 21.1
      vertex -1.82029 1.32252 35.1
    endloop
  endfacet
  facet normal 0.533191 0.797997 0.280907
    outer loop
      vertex 3.31831 5.41499 21.1
      vertex 1.32252 1.82029 35.1
      vertex 3.73294 5.13795 21.1
    endloop
  endfacet
  facet normal 0.332182 0.900414 0.280907
    outer loop
      vertex 1.96252 6.04002 21.1
      vertex 0.861037 2.07873 35.1
      vertex 2.43037 5.86742 21.1
    endloop
  endfacet
  facet normal 0.594187 0.75368 0.280908
    outer loop
      vertex 4.12455 4.82923 21.1
      vertex 1.32252 1.82029 35.1
      vertex 1.46126 1.71091 35.1
    endloop
  endfacet
  facet normal -0.94129 -0.187254 0.280907
    outer loop
      vertex -2.2223 -0.351977 35.1
      vertex -6.17538 -1.48258 21.1
      vertex -2.18783 -0.525251 35.1
    endloop
  endfacet
  facet normal -0.594166 0.753697 0.280907
    outer loop
      vertex -3.73294 5.13795 21.1
      vertex -4.12455 4.82923 21.1
      vertex -1.32252 1.82029 35.1
    endloop
  endfacet
  facet normal -0.260484 0.92371 0.280906
    outer loop
      vertex -0.525251 2.18783 35.1
      vertex -1.96252 6.04002 21.1
      vertex -0.695288 2.13988 35.1
    endloop
  endfacet
  facet normal 0.797997 0.533191 0.280907
    outer loop
      vertex 5.13795 3.73294 21.1
      vertex 1.82029 1.32252 35.1
      vertex 5.41499 3.31831 21.1
    endloop
  endfacet
  facet normal 0.94129 0.187254 0.280907
    outer loop
      vertex 6.17538 1.48258 21.1
      vertex 2.18783 0.525251 35.1
      vertex 2.2223 0.351977 35.1
    endloop
  endfacet
  facet normal 0.941296 0.187225 0.280907
    outer loop
      vertex 6.17538 1.48258 21.1
      vertex 2.2223 0.351977 35.1
      vertex 6.27266 0.993492 21.1
    endloop
  endfacet
  facet normal 0.112777 0.953086 0.280906
    outer loop
      vertex 0.993492 6.27266 21.1
      vertex 0.176533 2.24306 35.1
      vertex 0.351977 2.2223 35.1
    endloop
  endfacet
  facet normal 0.753697 0.594166 0.280907
    outer loop
      vertex 4.82923 4.12455 21.1
      vertex 1.82029 1.32252 35.1
      vertex 5.13795 3.73294 21.1
    endloop
  endfacet
  facet normal 0.798004 0.53318 0.280907
    outer loop
      vertex 5.41499 3.31831 21.1
      vertex 1.82029 1.32252 35.1
      vertex 1.91844 1.17562 35.1
    endloop
  endfacet
  facet normal -0.651465 0.704758 0.280907
    outer loop
      vertex -1.46126 1.71091 35.1
      vertex -4.12455 4.82923 21.1
      vertex -1.59099 1.59099 35.1
    endloop
  endfacet
  facet normal 0.53318 0.798004 0.280907
    outer loop
      vertex 3.31831 5.41499 21.1
      vertex 1.17562 1.91844 35.1
      vertex 1.32252 1.82029 35.1
    endloop
  endfacet
  facet normal -0.953083 -0.112801 0.280907
    outer loop
      vertex -2.24306 -0.176533 35.1
      vertex -6.33127 -0.498281 21.1
      vertex -6.27266 -0.993492 21.1
    endloop
  endfacet
  facet normal 0.871567 0.401824 0.280907
    outer loop
      vertex 5.65865 2.88323 21.1
      vertex 2.00476 1.02148 35.1
      vertex 2.07873 0.861037 35.1
    endloop
  endfacet
  facet normal 0.112801 0.953083 0.280907
    outer loop
      vertex 0.498281 6.33127 21.1
      vertex 0.176533 2.24306 35.1
      vertex 0.993492 6.27266 21.1
    endloop
  endfacet
  facet normal 0.704749 -0.651476 0.280907
    outer loop
      vertex 4.82923 -4.12455 21.1
      vertex 1.59099 -1.59099 35.1
      vertex 4.49073 -4.49073 21.1
    endloop
  endfacet
  facet normal 0.953086 0.112777 0.280906
    outer loop
      vertex 6.27266 0.993492 21.1
      vertex 2.2223 0.351977 35.1
      vertex 2.24306 0.176533 35.1
    endloop
  endfacet
  facet normal -0.33219 -0.900412 0.280907
    outer loop
      vertex -0.861037 -2.07873 35.1
      vertex -1.96252 -6.04002 21.1
      vertex -0.695288 -2.13988 35.1
    endloop
  endfacet
  facet normal 0.332182 -0.900414 0.280907
    outer loop
      vertex 2.43037 -5.86742 21.1
      vertex 0.861037 -2.07873 35.1
      vertex 1.96252 -6.04002 21.1
    endloop
  endfacet
  facet normal 0.53318 -0.798004 0.280907
    outer loop
      vertex 1.32252 -1.82029 35.1
      vertex 1.17562 -1.91844 35.1
      vertex 3.31831 -5.41499 21.1
    endloop
  endfacet
  facet normal -0.112801 0.953083 0.280907
    outer loop
      vertex -0.498281 6.33127 21.1
      vertex -0.993492 6.27266 21.1
      vertex -0.176533 2.24306 35.1
    endloop
  endfacet
  facet normal -0.651476 -0.704749 0.280907
    outer loop
      vertex -1.59099 -1.59099 35.1
      vertex -4.49073 -4.49073 21.1
      vertex -4.12455 -4.82923 21.1
    endloop
  endfacet
  facet normal -0.260516 -0.9237 0.280907
    outer loop
      vertex -0.525251 -2.18783 35.1
      vertex -1.96252 -6.04002 21.1
      vertex -1.48258 -6.17538 21.1
    endloop
  endfacet
  facet normal -0.651465 -0.704758 0.280907
    outer loop
      vertex -1.59099 -1.59099 35.1
      vertex -4.12455 -4.82923 21.1
      vertex -1.46126 -1.71091 35.1
    endloop
  endfacet
  facet normal -0.871567 -0.401824 0.280907
    outer loop
      vertex -2.07873 -0.861037 35.1
      vertex -5.65865 -2.88323 21.1
      vertex -2.00476 -1.02148 35.1
    endloop
  endfacet
  facet normal 0.871567 -0.401824 0.280907
    outer loop
      vertex 2.07873 -0.861037 35.1
      vertex 2.00476 -1.02148 35.1
      vertex 5.65865 -2.88323 21.1
    endloop
  endfacet
  facet normal 0.75368 -0.594187 0.280908
    outer loop
      vertex 1.82029 -1.32252 35.1
      vertex 1.71091 -1.46126 35.1
      vertex 4.82923 -4.12455 21.1
    endloop
  endfacet
  facet normal -0.468963 -0.837356 0.280907
    outer loop
      vertex -3.17968 -5.49263 21.1
      vertex -1.17562 -1.91844 35.1
      vertex -3.31831 -5.41499 21.1
    endloop
  endfacet
  facet normal -0.468949 -0.837364 0.280907
    outer loop
      vertex -3.16652 -5.5 21.1
      vertex -1.17562 -1.91844 35.1
      vertex -3.17968 -5.49263 21.1
    endloop
  endfacet
  facet normal -0.468947 -0.837365 0.280907
    outer loop
      vertex -1.17562 -1.91844 35.1
      vertex -3.16652 -5.5 21.1
      vertex -2.88323 -5.65865 21.1
    endloop
  endfacet
  facet normal -0.594166 -0.753697 0.280907
    outer loop
      vertex -1.32252 -1.82029 35.1
      vertex -4.12455 -4.82923 21.1
      vertex -3.73294 -5.13795 21.1
    endloop
  endfacet
  facet normal -0.9237 -0.260516 0.280907
    outer loop
      vertex -2.18783 -0.525251 35.1
      vertex -6.17538 -1.48258 21.1
      vertex -6.04002 -1.96252 21.1
    endloop
  endfacet
  facet normal 0.0377007 -0.958994 0.280907
    outer loop
      vertex 0.176533 -2.24306 35.1
      vertex 0 -2.25 35.1
      vertex 0.498281 -6.33127 21.1
    endloop
  endfacet
  facet normal 0.112801 -0.953083 0.280907
    outer loop
      vertex 0.993492 -6.27266 21.1
      vertex 0.176533 -2.24306 35.1
      vertex 0.498281 -6.33127 21.1
    endloop
  endfacet
  facet normal 0.0377007 0.958994 0.280907
    outer loop
      vertex 0.498281 6.33127 21.1
      vertex 0 2.25 35.1
      vertex 0.176533 2.24306 35.1
    endloop
  endfacet
  facet normal -0.0376838 -0.958995 0.280907
    outer loop
      vertex 0 -2.25 35.1
      vertex -0.498281 -6.33127 21.1
      vertex 0 -6.35085 21.1
    endloop
  endfacet
  facet normal 0.260516 -0.9237 0.280907
    outer loop
      vertex 1.96252 -6.04002 21.1
      vertex 0.525251 -2.18783 35.1
      vertex 1.48258 -6.17538 21.1
    endloop
  endfacet
  facet normal 0.958994 0.0377007 0.280907
    outer loop
      vertex 6.33127 0.498281 21.1
      vertex 2.24306 0.176533 35.1
      vertex 2.25 0 35.1
    endloop
  endfacet
  facet normal -0.837371 -0.468936 0.280907
    outer loop
      vertex -2.00476 -1.02148 35.1
      vertex -5.65865 -2.88323 21.1
      vertex -1.91844 -1.17562 35.1
    endloop
  endfacet
  facet normal 0.260484 0.92371 0.280906
    outer loop
      vertex 1.96252 6.04002 21.1
      vertex 0.525251 2.18783 35.1
      vertex 0.695288 2.13988 35.1
    endloop
  endfacet
  facet normal 0.260516 0.9237 0.280907
    outer loop
      vertex 1.48258 6.17538 21.1
      vertex 0.525251 2.18783 35.1
      vertex 1.96252 6.04002 21.1
    endloop
  endfacet
  facet normal 0.704758 -0.651465 0.280907
    outer loop
      vertex 1.71091 -1.46126 35.1
      vertex 1.59099 -1.59099 35.1
      vertex 4.82923 -4.12455 21.1
    endloop
  endfacet
  facet normal 0.797997 -0.533191 0.280907
    outer loop
      vertex 5.41499 -3.31831 21.1
      vertex 1.82029 -1.32252 35.1
      vertex 5.13795 -3.73294 21.1
    endloop
  endfacet
  facet normal -0.53318 0.798004 0.280907
    outer loop
      vertex -1.17562 1.91844 35.1
      vertex -3.31831 5.41499 21.1
      vertex -1.32252 1.82029 35.1
    endloop
  endfacet
  facet normal 0.187254 0.94129 0.280907
    outer loop
      vertex 1.48258 6.17538 21.1
      vertex 0.351977 2.2223 35.1
      vertex 0.525251 2.18783 35.1
    endloop
  endfacet
  facet normal -0.837362 -0.468952 0.280907
    outer loop
      vertex -1.91844 -1.17562 35.1
      vertex -5.65865 -2.88323 21.1
      vertex -5.41499 -3.31831 21.1
    endloop
  endfacet
  facet normal 0.401824 0.871567 0.280907
    outer loop
      vertex 2.88323 5.65865 21.1
      vertex 0.861037 2.07873 35.1
      vertex 1.02148 2.00476 35.1
    endloop
  endfacet
  facet normal 0.401824 -0.871567 0.280907
    outer loop
      vertex 1.02148 -2.00476 35.1
      vertex 0.861037 -2.07873 35.1
      vertex 2.88323 -5.65865 21.1
    endloop
  endfacet
  facet normal -0.187254 -0.94129 0.280907
    outer loop
      vertex -0.525251 -2.18783 35.1
      vertex -1.48258 -6.17538 21.1
      vertex -0.351977 -2.2223 35.1
    endloop
  endfacet
  facet normal 0.0376838 0.958995 0.280907
    outer loop
      vertex 0 6.35085 21.1
      vertex 0 2.25 35.1
      vertex 0.498281 6.33127 21.1
    endloop
  endfacet
  facet normal -0.594187 0.75368 0.280908
    outer loop
      vertex -1.32252 1.82029 35.1
      vertex -4.12455 4.82923 21.1
      vertex -1.46126 1.71091 35.1
    endloop
  endfacet
  facet normal -0.0377007 0.958994 0.280907
    outer loop
      vertex 0 2.25 35.1
      vertex -0.498281 6.33127 21.1
      vertex -0.176533 2.24306 35.1
    endloop
  endfacet
  facet normal -0.533191 -0.797997 0.280907
    outer loop
      vertex -1.32252 -1.82029 35.1
      vertex -3.73294 -5.13795 21.1
      vertex -3.31831 -5.41499 21.1
    endloop
  endfacet
  facet normal -0.94129 0.187254 0.280907
    outer loop
      vertex -2.18783 0.525251 35.1
      vertex -6.17538 1.48258 21.1
      vertex -2.2223 0.351977 35.1
    endloop
  endfacet
  facet normal 0.798004 -0.53318 0.280907
    outer loop
      vertex 1.91844 -1.17562 35.1
      vertex 1.82029 -1.32252 35.1
      vertex 5.41499 -3.31831 21.1
    endloop
  endfacet
  facet normal 0.837362 -0.468952 0.280907
    outer loop
      vertex 5.65865 -2.88323 21.1
      vertex 1.91844 -1.17562 35.1
      vertex 5.41499 -3.31831 21.1
    endloop
  endfacet
  facet normal -0.468947 0.837365 0.280907
    outer loop
      vertex -3.16652 5.5 21.1
      vertex -1.17562 1.91844 35.1
      vertex -2.88323 5.65865 21.1
    endloop
  endfacet
  facet normal -0.468949 0.837364 0.280907
    outer loop
      vertex -3.17968 5.49263 21.1
      vertex -1.17562 1.91844 35.1
      vertex -3.16652 5.5 21.1
    endloop
  endfacet
  facet normal -0.468963 0.837356 0.280907
    outer loop
      vertex -1.17562 1.91844 35.1
      vertex -3.17968 5.49263 21.1
      vertex -3.31831 5.41499 21.1
    endloop
  endfacet
  facet normal -0.941296 -0.187225 0.280907
    outer loop
      vertex -2.2223 -0.351977 35.1
      vertex -6.27266 -0.993492 21.1
      vertex -6.17538 -1.48258 21.1
    endloop
  endfacet
  facet normal -0.92371 -0.260484 0.280906
    outer loop
      vertex -2.18783 -0.525251 35.1
      vertex -6.04002 -1.96252 21.1
      vertex -2.13988 -0.695288 35.1
    endloop
  endfacet
  facet normal -0.4018 -0.871578 0.280907
    outer loop
      vertex -0.861037 -2.07873 35.1
      vertex -2.88323 -5.65865 21.1
      vertex -2.43037 -5.86742 21.1
    endloop
  endfacet
  facet normal -0.953086 -0.112777 0.280906
    outer loop
      vertex -2.24306 -0.176533 35.1
      vertex -6.27266 -0.993492 21.1
      vertex -2.2223 -0.351977 35.1
    endloop
  endfacet
  facet normal 0.468963 0.837356 0.280907
    outer loop
      vertex 3.17968 5.49263 21.1
      vertex 1.17562 1.91844 35.1
      vertex 3.31831 5.41499 21.1
    endloop
  endfacet
  facet normal 0.468949 0.837364 0.280907
    outer loop
      vertex 3.16652 5.5 21.1
      vertex 1.17562 1.91844 35.1
      vertex 3.17968 5.49263 21.1
    endloop
  endfacet
  facet normal 0.468947 0.837365 0.280907
    outer loop
      vertex 1.17562 1.91844 35.1
      vertex 3.16652 5.5 21.1
      vertex 2.88323 5.65865 21.1
    endloop
  endfacet
  facet normal -0.53318 -0.798004 0.280907
    outer loop
      vertex -1.32252 -1.82029 35.1
      vertex -3.31831 -5.41499 21.1
      vertex -1.17562 -1.91844 35.1
    endloop
  endfacet
  facet normal -0.0377007 -0.958994 0.280907
    outer loop
      vertex -0.176533 -2.24306 35.1
      vertex -0.498281 -6.33127 21.1
      vertex 0 -2.25 35.1
    endloop
  endfacet
  facet normal 0.112777 -0.953086 0.280906
    outer loop
      vertex 0.351977 -2.2223 35.1
      vertex 0.176533 -2.24306 35.1
      vertex 0.993492 -6.27266 21.1
    endloop
  endfacet
  facet normal 0.260484 -0.92371 0.280906
    outer loop
      vertex 0.695288 -2.13988 35.1
      vertex 0.525251 -2.18783 35.1
      vertex 1.96252 -6.04002 21.1
    endloop
  endfacet
  facet normal 0.33219 -0.900412 0.280907
    outer loop
      vertex 0.861037 -2.07873 35.1
      vertex 0.695288 -2.13988 35.1
      vertex 1.96252 -6.04002 21.1
    endloop
  endfacet
  facet normal -0.75368 -0.594187 0.280908
    outer loop
      vertex -1.82029 -1.32252 35.1
      vertex -4.82923 -4.12455 21.1
      vertex -1.71091 -1.46126 35.1
    endloop
  endfacet
  facet normal -0.753697 -0.594166 0.280907
    outer loop
      vertex -1.82029 -1.32252 35.1
      vertex -5.13795 -3.73294 21.1
      vertex -4.82923 -4.12455 21.1
    endloop
  endfacet
  facet normal 0.999228 -0.0392824 0
    outer loop
      vertex 2.24306 -0.176533 39.6
      vertex 2.25 0 35.1
      vertex 2.25 0 39.6
    endloop
  endfacet
  facet normal 0.999228 -0.0392824 0
    outer loop
      vertex 2.25 0 35.1
      vertex 2.24306 -0.176533 39.6
      vertex 2.24306 -0.176533 35.1
    endloop
  endfacet
  facet normal 0.993072 0.117509 0
    outer loop
      vertex 2.24306 0.176533 39.6
      vertex 2.2223 0.351977 35.1
      vertex 2.2223 0.351977 39.6
    endloop
  endfacet
  facet normal 0.993072 0.117509 0
    outer loop
      vertex 2.2223 0.351977 35.1
      vertex 2.24306 0.176533 39.6
      vertex 2.24306 0.176533 35.1
    endloop
  endfacet
  facet normal 0.999228 0.0392824 0
    outer loop
      vertex 2.25 0 39.6
      vertex 2.24306 0.176533 35.1
      vertex 2.24306 0.176533 39.6
    endloop
  endfacet
  facet normal 0.999228 0.0392824 0
    outer loop
      vertex 2.24306 0.176533 35.1
      vertex 2.25 0 39.6
      vertex 2.25 0 35.1
    endloop
  endfacet
  facet normal 0.980781 0.19511 0
    outer loop
      vertex 2.2223 0.351977 39.6
      vertex 2.18783 0.525251 35.1
      vertex 2.18783 0.525251 39.6
    endloop
  endfacet
  facet normal 0.980781 0.19511 0
    outer loop
      vertex 2.18783 0.525251 35.1
      vertex 2.2223 0.351977 39.6
      vertex 2.2223 0.351977 35.1
    endloop
  endfacet
  facet normal 0.555549 -0.831484 0
    outer loop
      vertex 1.17562 -1.91844 35.1
      vertex 1.32252 -1.82029 39.6
      vertex 1.17562 -1.91844 39.6
    endloop
  endfacet
  facet normal 0.555549 -0.831484 0
    outer loop
      vertex 1.32252 -1.82029 39.6
      vertex 1.17562 -1.91844 35.1
      vertex 1.32252 -1.82029 35.1
    endloop
  endfacet
  facet normal -0.938188 -0.346127 0
    outer loop
      vertex -2.07873 -0.861037 35.1
      vertex -2.13988 -0.695288 39.6
      vertex -2.13988 -0.695288 35.1
    endloop
  endfacet
  facet normal -0.938188 -0.346127 0
    outer loop
      vertex -2.13988 -0.695288 39.6
      vertex -2.07873 -0.861037 35.1
      vertex -2.07873 -0.861037 39.6
    endloop
  endfacet
  facet normal 0.962463 -0.271412 0
    outer loop
      vertex 2.13988 -0.695288 39.6
      vertex 2.18783 -0.525251 35.1
      vertex 2.18783 -0.525251 39.6
    endloop
  endfacet
  facet normal 0.962463 -0.271412 0
    outer loop
      vertex 2.18783 -0.525251 35.1
      vertex 2.13988 -0.695288 39.6
      vertex 2.13988 -0.695288 35.1
    endloop
  endfacet
  facet normal -0.7853 -0.619116 0
    outer loop
      vertex -1.71091 -1.46126 35.1
      vertex -1.82029 -1.32252 39.6
      vertex -1.82029 -1.32252 35.1
    endloop
  endfacet
  facet normal -0.7853 -0.619116 0
    outer loop
      vertex -1.82029 -1.32252 39.6
      vertex -1.71091 -1.46126 35.1
      vertex -1.71091 -1.46126 39.6
    endloop
  endfacet
  facet normal 0.7853 0.619116 0
    outer loop
      vertex 1.82029 1.32252 39.6
      vertex 1.71091 1.46126 35.1
      vertex 1.71091 1.46126 39.6
    endloop
  endfacet
  facet normal 0.7853 0.619116 0
    outer loop
      vertex 1.71091 1.46126 35.1
      vertex 1.82029 1.32252 39.6
      vertex 1.82029 1.32252 35.1
    endloop
  endfacet
  facet normal -0.962463 0.271412 0
    outer loop
      vertex -2.18783 0.525251 35.1
      vertex -2.13988 0.695288 39.6
      vertex -2.13988 0.695288 35.1
    endloop
  endfacet
  facet normal -0.962463 0.271412 0
    outer loop
      vertex -2.13988 0.695288 39.6
      vertex -2.18783 0.525251 35.1
      vertex -2.18783 0.525251 39.6
    endloop
  endfacet
  facet normal 0.117509 -0.993072 0
    outer loop
      vertex 0.176533 -2.24306 35.1
      vertex 0.351977 -2.2223 39.6
      vertex 0.176533 -2.24306 39.6
    endloop
  endfacet
  facet normal 0.117509 -0.993072 0
    outer loop
      vertex 0.351977 -2.2223 39.6
      vertex 0.176533 -2.24306 35.1
      vertex 0.351977 -2.2223 35.1
    endloop
  endfacet
  facet normal -0.908133 0.418682 0
    outer loop
      vertex -2.07873 0.861037 35.1
      vertex -2.00476 1.02148 39.6
      vertex -2.00476 1.02148 35.1
    endloop
  endfacet
  facet normal -0.908133 0.418682 0
    outer loop
      vertex -2.00476 1.02148 39.6
      vertex -2.07873 0.861037 35.1
      vertex -2.07873 0.861037 39.6
    endloop
  endfacet
  facet normal 0.418682 -0.908133 0
    outer loop
      vertex 0.861037 -2.07873 35.1
      vertex 1.02148 -2.00476 39.6
      vertex 0.861037 -2.07873 39.6
    endloop
  endfacet
  facet normal 0.418682 -0.908133 0
    outer loop
      vertex 1.02148 -2.00476 39.6
      vertex 0.861037 -2.07873 35.1
      vertex 1.02148 -2.00476 35.1
    endloop
  endfacet
  facet normal 0.0392824 0.999228 -0
    outer loop
      vertex 0.176533 2.24306 35.1
      vertex 0 2.25 39.6
      vertex 0.176533 2.24306 39.6
    endloop
  endfacet
  facet normal 0.0392824 0.999228 0
    outer loop
      vertex 0 2.25 39.6
      vertex 0.176533 2.24306 35.1
      vertex 0 2.25 35.1
    endloop
  endfacet
  facet normal 0.734326 -0.678797 0
    outer loop
      vertex 1.59099 -1.59099 39.6
      vertex 1.71091 -1.46126 35.1
      vertex 1.71091 -1.46126 39.6
    endloop
  endfacet
  facet normal 0.734326 -0.678797 0
    outer loop
      vertex 1.71091 -1.46126 35.1
      vertex 1.59099 -1.59099 39.6
      vertex 1.59099 -1.59099 35.1
    endloop
  endfacet
  facet normal 0.418682 0.908133 -0
    outer loop
      vertex 1.02148 2.00476 35.1
      vertex 0.861037 2.07873 39.6
      vertex 1.02148 2.00476 39.6
    endloop
  endfacet
  facet normal 0.418682 0.908133 0
    outer loop
      vertex 0.861037 2.07873 39.6
      vertex 1.02148 2.00476 35.1
      vertex 0.861037 2.07873 35.1
    endloop
  endfacet
  facet normal 0.346127 0.938188 -0
    outer loop
      vertex 0.861037 2.07873 35.1
      vertex 0.695288 2.13988 39.6
      vertex 0.861037 2.07873 39.6
    endloop
  endfacet
  facet normal 0.346127 0.938188 0
    outer loop
      vertex 0.695288 2.13988 39.6
      vertex 0.861037 2.07873 35.1
      vertex 0.695288 2.13988 35.1
    endloop
  endfacet
  facet normal 0.19511 0.980781 -0
    outer loop
      vertex 0.525251 2.18783 35.1
      vertex 0.351977 2.2223 39.6
      vertex 0.525251 2.18783 39.6
    endloop
  endfacet
  facet normal 0.19511 0.980781 0
    outer loop
      vertex 0.351977 2.2223 39.6
      vertex 0.525251 2.18783 35.1
      vertex 0.351977 2.2223 35.1
    endloop
  endfacet
  facet normal 0.993072 -0.117509 0
    outer loop
      vertex 2.2223 -0.351977 39.6
      vertex 2.24306 -0.176533 35.1
      vertex 2.24306 -0.176533 39.6
    endloop
  endfacet
  facet normal 0.993072 -0.117509 0
    outer loop
      vertex 2.24306 -0.176533 35.1
      vertex 2.2223 -0.351977 39.6
      vertex 2.2223 -0.351977 35.1
    endloop
  endfacet
  facet normal -0.7853 0.619116 0
    outer loop
      vertex -1.82029 1.32252 35.1
      vertex -1.71091 1.46126 39.6
      vertex -1.71091 1.46126 35.1
    endloop
  endfacet
  facet normal -0.7853 0.619116 0
    outer loop
      vertex -1.71091 1.46126 39.6
      vertex -1.82029 1.32252 35.1
      vertex -1.82029 1.32252 39.6
    endloop
  endfacet
  facet normal 0.908133 -0.418682 0
    outer loop
      vertex 2.00476 -1.02148 39.6
      vertex 2.07873 -0.861037 35.1
      vertex 2.07873 -0.861037 39.6
    endloop
  endfacet
  facet normal 0.908133 -0.418682 0
    outer loop
      vertex 2.07873 -0.861037 35.1
      vertex 2.00476 -1.02148 39.6
      vertex 2.00476 -1.02148 35.1
    endloop
  endfacet
  facet normal -0.619116 0.7853 0
    outer loop
      vertex -1.32252 1.82029 35.1
      vertex -1.46126 1.71091 39.6
      vertex -1.32252 1.82029 39.6
    endloop
  endfacet
  facet normal -0.619116 0.7853 0
    outer loop
      vertex -1.46126 1.71091 39.6
      vertex -1.32252 1.82029 35.1
      vertex -1.46126 1.71091 35.1
    endloop
  endfacet
  facet normal 0.962463 0.271412 0
    outer loop
      vertex 2.18783 0.525251 39.6
      vertex 2.13988 0.695288 35.1
      vertex 2.13988 0.695288 39.6
    endloop
  endfacet
  facet normal 0.962463 0.271412 0
    outer loop
      vertex 2.13988 0.695288 35.1
      vertex 2.18783 0.525251 39.6
      vertex 2.18783 0.525251 35.1
    endloop
  endfacet
  facet normal -0.19511 0.980781 0
    outer loop
      vertex -0.351977 2.2223 35.1
      vertex -0.525251 2.18783 39.6
      vertex -0.351977 2.2223 39.6
    endloop
  endfacet
  facet normal -0.19511 0.980781 0
    outer loop
      vertex -0.525251 2.18783 39.6
      vertex -0.351977 2.2223 35.1
      vertex -0.525251 2.18783 35.1
    endloop
  endfacet
  facet normal 0.346127 -0.938188 0
    outer loop
      vertex 0.695288 -2.13988 35.1
      vertex 0.861037 -2.07873 39.6
      vertex 0.695288 -2.13988 39.6
    endloop
  endfacet
  facet normal 0.346127 -0.938188 0
    outer loop
      vertex 0.861037 -2.07873 39.6
      vertex 0.695288 -2.13988 35.1
      vertex 0.861037 -2.07873 35.1
    endloop
  endfacet
  facet normal -0.271412 -0.962463 0
    outer loop
      vertex -0.695288 -2.13988 35.1
      vertex -0.525251 -2.18783 39.6
      vertex -0.695288 -2.13988 39.6
    endloop
  endfacet
  facet normal -0.271412 -0.962463 -0
    outer loop
      vertex -0.525251 -2.18783 39.6
      vertex -0.695288 -2.13988 35.1
      vertex -0.525251 -2.18783 35.1
    endloop
  endfacet
  facet normal -0.962463 -0.271412 0
    outer loop
      vertex -2.13988 -0.695288 35.1
      vertex -2.18783 -0.525251 39.6
      vertex -2.18783 -0.525251 35.1
    endloop
  endfacet
  facet normal -0.962463 -0.271412 0
    outer loop
      vertex -2.18783 -0.525251 39.6
      vertex -2.13988 -0.695288 35.1
      vertex -2.13988 -0.695288 39.6
    endloop
  endfacet
  facet normal -0.48861 -0.872502 0
    outer loop
      vertex -1.17562 -1.91844 35.1
      vertex -1.02148 -2.00476 39.6
      vertex -1.17562 -1.91844 39.6
    endloop
  endfacet
  facet normal -0.48861 -0.872502 -0
    outer loop
      vertex -1.02148 -2.00476 39.6
      vertex -1.17562 -1.91844 35.1
      vertex -1.02148 -2.00476 35.1
    endloop
  endfacet
  facet normal 0.831484 0.555549 0
    outer loop
      vertex 1.91844 1.17562 39.6
      vertex 1.82029 1.32252 35.1
      vertex 1.82029 1.32252 39.6
    endloop
  endfacet
  facet normal 0.831484 0.555549 0
    outer loop
      vertex 1.82029 1.32252 35.1
      vertex 1.91844 1.17562 39.6
      vertex 1.91844 1.17562 35.1
    endloop
  endfacet
  facet normal 0.980781 -0.19511 0
    outer loop
      vertex 2.18783 -0.525251 39.6
      vertex 2.2223 -0.351977 35.1
      vertex 2.2223 -0.351977 39.6
    endloop
  endfacet
  facet normal 0.980781 -0.19511 0
    outer loop
      vertex 2.2223 -0.351977 35.1
      vertex 2.18783 -0.525251 39.6
      vertex 2.18783 -0.525251 35.1
    endloop
  endfacet
  facet normal -0.418682 0.908133 0
    outer loop
      vertex -0.861037 2.07873 35.1
      vertex -1.02148 2.00476 39.6
      vertex -0.861037 2.07873 39.6
    endloop
  endfacet
  facet normal -0.418682 0.908133 0
    outer loop
      vertex -1.02148 2.00476 39.6
      vertex -0.861037 2.07873 35.1
      vertex -1.02148 2.00476 35.1
    endloop
  endfacet
  facet normal 0.619116 0.7853 -0
    outer loop
      vertex 1.46126 1.71091 35.1
      vertex 1.32252 1.82029 39.6
      vertex 1.46126 1.71091 39.6
    endloop
  endfacet
  facet normal 0.619116 0.7853 0
    outer loop
      vertex 1.32252 1.82029 39.6
      vertex 1.46126 1.71091 35.1
      vertex 1.32252 1.82029 35.1
    endloop
  endfacet
  facet normal 0.678797 0.734326 -0
    outer loop
      vertex 1.59099 1.59099 35.1
      vertex 1.46126 1.71091 39.6
      vertex 1.59099 1.59099 39.6
    endloop
  endfacet
  facet normal 0.678797 0.734326 0
    outer loop
      vertex 1.46126 1.71091 39.6
      vertex 1.59099 1.59099 35.1
      vertex 1.46126 1.71091 35.1
    endloop
  endfacet
  facet normal 0.0392824 -0.999228 0
    outer loop
      vertex 0 -2.25 35.1
      vertex 0.176533 -2.24306 39.6
      vertex 0 -2.25 39.6
    endloop
  endfacet
  facet normal 0.0392824 -0.999228 0
    outer loop
      vertex 0.176533 -2.24306 39.6
      vertex 0 -2.25 35.1
      vertex 0.176533 -2.24306 35.1
    endloop
  endfacet
  facet normal 0.7853 -0.619116 0
    outer loop
      vertex 1.71091 -1.46126 39.6
      vertex 1.82029 -1.32252 35.1
      vertex 1.82029 -1.32252 39.6
    endloop
  endfacet
  facet normal 0.7853 -0.619116 0
    outer loop
      vertex 1.82029 -1.32252 35.1
      vertex 1.71091 -1.46126 39.6
      vertex 1.71091 -1.46126 35.1
    endloop
  endfacet
  facet normal 0.555549 0.831484 -0
    outer loop
      vertex 1.32252 1.82029 35.1
      vertex 1.17562 1.91844 39.6
      vertex 1.32252 1.82029 39.6
    endloop
  endfacet
  facet normal 0.555549 0.831484 0
    outer loop
      vertex 1.17562 1.91844 39.6
      vertex 1.32252 1.82029 35.1
      vertex 1.17562 1.91844 35.1
    endloop
  endfacet
  facet normal -0.555549 -0.831484 0
    outer loop
      vertex -1.32252 -1.82029 35.1
      vertex -1.17562 -1.91844 39.6
      vertex -1.32252 -1.82029 39.6
    endloop
  endfacet
  facet normal -0.555549 -0.831484 -0
    outer loop
      vertex -1.17562 -1.91844 39.6
      vertex -1.32252 -1.82029 35.1
      vertex -1.17562 -1.91844 35.1
    endloop
  endfacet
  facet normal -0.117509 0.993072 0
    outer loop
      vertex -0.176533 2.24306 35.1
      vertex -0.351977 2.2223 39.6
      vertex -0.176533 2.24306 39.6
    endloop
  endfacet
  facet normal -0.117509 0.993072 0
    outer loop
      vertex -0.351977 2.2223 39.6
      vertex -0.176533 2.24306 35.1
      vertex -0.351977 2.2223 35.1
    endloop
  endfacet
  facet normal -0.418682 -0.908133 0
    outer loop
      vertex -1.02148 -2.00476 35.1
      vertex -0.861037 -2.07873 39.6
      vertex -1.02148 -2.00476 39.6
    endloop
  endfacet
  facet normal -0.418682 -0.908133 -0
    outer loop
      vertex -0.861037 -2.07873 39.6
      vertex -1.02148 -2.00476 35.1
      vertex -0.861037 -2.07873 35.1
    endloop
  endfacet
  facet normal 0.938188 -0.346127 0
    outer loop
      vertex 2.07873 -0.861037 39.6
      vertex 2.13988 -0.695288 35.1
      vertex 2.13988 -0.695288 39.6
    endloop
  endfacet
  facet normal 0.938188 -0.346127 0
    outer loop
      vertex 2.13988 -0.695288 35.1
      vertex 2.07873 -0.861037 39.6
      vertex 2.07873 -0.861037 35.1
    endloop
  endfacet
  facet normal 0.619116 -0.7853 0
    outer loop
      vertex 1.32252 -1.82029 35.1
      vertex 1.46126 -1.71091 39.6
      vertex 1.32252 -1.82029 39.6
    endloop
  endfacet
  facet normal 0.619116 -0.7853 0
    outer loop
      vertex 1.46126 -1.71091 39.6
      vertex 1.32252 -1.82029 35.1
      vertex 1.46126 -1.71091 35.1
    endloop
  endfacet
  facet normal -0.980781 -0.19511 0
    outer loop
      vertex -2.18783 -0.525251 35.1
      vertex -2.2223 -0.351977 39.6
      vertex -2.2223 -0.351977 35.1
    endloop
  endfacet
  facet normal -0.980781 -0.19511 0
    outer loop
      vertex -2.2223 -0.351977 39.6
      vertex -2.18783 -0.525251 35.1
      vertex -2.18783 -0.525251 39.6
    endloop
  endfacet
  facet normal 0.938188 0.346127 0
    outer loop
      vertex 2.13988 0.695288 39.6
      vertex 2.07873 0.861037 35.1
      vertex 2.07873 0.861037 39.6
    endloop
  endfacet
  facet normal 0.938188 0.346127 0
    outer loop
      vertex 2.07873 0.861037 35.1
      vertex 2.13988 0.695288 39.6
      vertex 2.13988 0.695288 35.1
    endloop
  endfacet
  facet normal -0.908133 -0.418682 0
    outer loop
      vertex -2.00476 -1.02148 35.1
      vertex -2.07873 -0.861037 39.6
      vertex -2.07873 -0.861037 35.1
    endloop
  endfacet
  facet normal -0.908133 -0.418682 0
    outer loop
      vertex -2.07873 -0.861037 39.6
      vertex -2.00476 -1.02148 35.1
      vertex -2.00476 -1.02148 39.6
    endloop
  endfacet
  facet normal 0.908133 0.418682 0
    outer loop
      vertex 2.07873 0.861037 39.6
      vertex 2.00476 1.02148 35.1
      vertex 2.00476 1.02148 39.6
    endloop
  endfacet
  facet normal 0.908133 0.418682 0
    outer loop
      vertex 2.00476 1.02148 35.1
      vertex 2.07873 0.861037 39.6
      vertex 2.07873 0.861037 35.1
    endloop
  endfacet
  facet normal 0.872502 0.48861 0
    outer loop
      vertex 2.00476 1.02148 39.6
      vertex 1.91844 1.17562 35.1
      vertex 1.91844 1.17562 39.6
    endloop
  endfacet
  facet normal 0.872502 0.48861 0
    outer loop
      vertex 1.91844 1.17562 35.1
      vertex 2.00476 1.02148 39.6
      vertex 2.00476 1.02148 35.1
    endloop
  endfacet
  facet normal -0.678797 0.734326 0
    outer loop
      vertex -1.46126 1.71091 35.1
      vertex -1.59099 1.59099 39.6
      vertex -1.46126 1.71091 39.6
    endloop
  endfacet
  facet normal -0.678797 0.734326 0
    outer loop
      vertex -1.59099 1.59099 39.6
      vertex -1.46126 1.71091 35.1
      vertex -1.59099 1.59099 35.1
    endloop
  endfacet
  facet normal 0.271412 0.962463 -0
    outer loop
      vertex 0.695288 2.13988 35.1
      vertex 0.525251 2.18783 39.6
      vertex 0.695288 2.13988 39.6
    endloop
  endfacet
  facet normal 0.271412 0.962463 0
    outer loop
      vertex 0.525251 2.18783 39.6
      vertex 0.695288 2.13988 35.1
      vertex 0.525251 2.18783 35.1
    endloop
  endfacet
  facet normal -0.999228 -0.0392824 0
    outer loop
      vertex -2.24306 -0.176533 35.1
      vertex -2.25 0 39.6
      vertex -2.25 0 35.1
    endloop
  endfacet
  facet normal -0.999228 -0.0392824 0
    outer loop
      vertex -2.25 0 39.6
      vertex -2.24306 -0.176533 35.1
      vertex -2.24306 -0.176533 39.6
    endloop
  endfacet
  facet normal -0.938188 0.346127 0
    outer loop
      vertex -2.13988 0.695288 35.1
      vertex -2.07873 0.861037 39.6
      vertex -2.07873 0.861037 35.1
    endloop
  endfacet
  facet normal -0.938188 0.346127 0
    outer loop
      vertex -2.07873 0.861037 39.6
      vertex -2.13988 0.695288 35.1
      vertex -2.13988 0.695288 39.6
    endloop
  endfacet
  facet normal -0.980781 0.19511 0
    outer loop
      vertex -2.2223 0.351977 35.1
      vertex -2.18783 0.525251 39.6
      vertex -2.18783 0.525251 35.1
    endloop
  endfacet
  facet normal -0.980781 0.19511 0
    outer loop
      vertex -2.18783 0.525251 39.6
      vertex -2.2223 0.351977 35.1
      vertex -2.2223 0.351977 39.6
    endloop
  endfacet
  facet normal -0.0392824 0.999228 0
    outer loop
      vertex 0 2.25 35.1
      vertex -0.176533 2.24306 39.6
      vertex 0 2.25 39.6
    endloop
  endfacet
  facet normal -0.0392824 0.999228 0
    outer loop
      vertex -0.176533 2.24306 39.6
      vertex 0 2.25 35.1
      vertex -0.176533 2.24306 35.1
    endloop
  endfacet
  facet normal -0.872502 -0.48861 0
    outer loop
      vertex -1.91844 -1.17562 35.1
      vertex -2.00476 -1.02148 39.6
      vertex -2.00476 -1.02148 35.1
    endloop
  endfacet
  facet normal -0.872502 -0.48861 0
    outer loop
      vertex -2.00476 -1.02148 39.6
      vertex -1.91844 -1.17562 35.1
      vertex -1.91844 -1.17562 39.6
    endloop
  endfacet
  facet normal 0.48861 -0.872502 0
    outer loop
      vertex 1.02148 -2.00476 35.1
      vertex 1.17562 -1.91844 39.6
      vertex 1.02148 -2.00476 39.6
    endloop
  endfacet
  facet normal 0.48861 -0.872502 0
    outer loop
      vertex 1.17562 -1.91844 39.6
      vertex 1.02148 -2.00476 35.1
      vertex 1.17562 -1.91844 35.1
    endloop
  endfacet
  facet normal 0.19511 -0.980781 0
    outer loop
      vertex 0.351977 -2.2223 35.1
      vertex 0.525251 -2.18783 39.6
      vertex 0.351977 -2.2223 39.6
    endloop
  endfacet
  facet normal 0.19511 -0.980781 0
    outer loop
      vertex 0.525251 -2.18783 39.6
      vertex 0.351977 -2.2223 35.1
      vertex 0.525251 -2.18783 35.1
    endloop
  endfacet
  facet normal 0.117509 0.993072 -0
    outer loop
      vertex 0.351977 2.2223 35.1
      vertex 0.176533 2.24306 39.6
      vertex 0.351977 2.2223 39.6
    endloop
  endfacet
  facet normal 0.117509 0.993072 0
    outer loop
      vertex 0.176533 2.24306 39.6
      vertex 0.351977 2.2223 35.1
      vertex 0.176533 2.24306 35.1
    endloop
  endfacet
  facet normal -0.0392824 -0.999228 0
    outer loop
      vertex -0.176533 -2.24306 35.1
      vertex 0 -2.25 39.6
      vertex -0.176533 -2.24306 39.6
    endloop
  endfacet
  facet normal -0.0392824 -0.999228 -0
    outer loop
      vertex 0 -2.25 39.6
      vertex -0.176533 -2.24306 35.1
      vertex 0 -2.25 35.1
    endloop
  endfacet
  facet normal -0.831484 0.555549 0
    outer loop
      vertex -1.91844 1.17562 35.1
      vertex -1.82029 1.32252 39.6
      vertex -1.82029 1.32252 35.1
    endloop
  endfacet
  facet normal -0.831484 0.555549 0
    outer loop
      vertex -1.82029 1.32252 39.6
      vertex -1.91844 1.17562 35.1
      vertex -1.91844 1.17562 39.6
    endloop
  endfacet
  facet normal -0.734326 -0.678797 0
    outer loop
      vertex -1.59099 -1.59099 35.1
      vertex -1.71091 -1.46126 39.6
      vertex -1.71091 -1.46126 35.1
    endloop
  endfacet
  facet normal -0.734326 -0.678797 0
    outer loop
      vertex -1.71091 -1.46126 39.6
      vertex -1.59099 -1.59099 35.1
      vertex -1.59099 -1.59099 39.6
    endloop
  endfacet
  facet normal 0.734326 0.678797 0
    outer loop
      vertex 1.71091 1.46126 39.6
      vertex 1.59099 1.59099 35.1
      vertex 1.59099 1.59099 39.6
    endloop
  endfacet
  facet normal 0.734326 0.678797 0
    outer loop
      vertex 1.59099 1.59099 35.1
      vertex 1.71091 1.46126 39.6
      vertex 1.71091 1.46126 35.1
    endloop
  endfacet
  facet normal 0.48861 0.872502 -0
    outer loop
      vertex 1.17562 1.91844 35.1
      vertex 1.02148 2.00476 39.6
      vertex 1.17562 1.91844 39.6
    endloop
  endfacet
  facet normal 0.48861 0.872502 0
    outer loop
      vertex 1.02148 2.00476 39.6
      vertex 1.17562 1.91844 35.1
      vertex 1.02148 2.00476 35.1
    endloop
  endfacet
  facet normal -0.993072 -0.117509 0
    outer loop
      vertex -2.2223 -0.351977 35.1
      vertex -2.24306 -0.176533 39.6
      vertex -2.24306 -0.176533 35.1
    endloop
  endfacet
  facet normal -0.993072 -0.117509 0
    outer loop
      vertex -2.24306 -0.176533 39.6
      vertex -2.2223 -0.351977 35.1
      vertex -2.2223 -0.351977 39.6
    endloop
  endfacet
  facet normal -0.346127 0.938188 0
    outer loop
      vertex -0.695288 2.13988 35.1
      vertex -0.861037 2.07873 39.6
      vertex -0.695288 2.13988 39.6
    endloop
  endfacet
  facet normal -0.346127 0.938188 0
    outer loop
      vertex -0.861037 2.07873 39.6
      vertex -0.695288 2.13988 35.1
      vertex -0.861037 2.07873 35.1
    endloop
  endfacet
  facet normal -0.271412 0.962463 0
    outer loop
      vertex -0.525251 2.18783 35.1
      vertex -0.695288 2.13988 39.6
      vertex -0.525251 2.18783 39.6
    endloop
  endfacet
  facet normal -0.271412 0.962463 0
    outer loop
      vertex -0.695288 2.13988 39.6
      vertex -0.525251 2.18783 35.1
      vertex -0.695288 2.13988 35.1
    endloop
  endfacet
  facet normal -0.993072 0.117509 0
    outer loop
      vertex -2.24306 0.176533 35.1
      vertex -2.2223 0.351977 39.6
      vertex -2.2223 0.351977 35.1
    endloop
  endfacet
  facet normal -0.993072 0.117509 0
    outer loop
      vertex -2.2223 0.351977 39.6
      vertex -2.24306 0.176533 35.1
      vertex -2.24306 0.176533 39.6
    endloop
  endfacet
  facet normal 0.872502 -0.48861 0
    outer loop
      vertex 1.91844 -1.17562 39.6
      vertex 2.00476 -1.02148 35.1
      vertex 2.00476 -1.02148 39.6
    endloop
  endfacet
  facet normal 0.872502 -0.48861 0
    outer loop
      vertex 2.00476 -1.02148 35.1
      vertex 1.91844 -1.17562 39.6
      vertex 1.91844 -1.17562 35.1
    endloop
  endfacet
  facet normal 0 0 1
    outer loop
      vertex 1.5 0 39.6
      vertex 2.25 0 39.6
      vertex 2.24306 0.176533 39.6
    endloop
  endfacet
  facet normal 0 0 1
    outer loop
      vertex 1.49538 0.117688 39.6
      vertex 2.24306 0.176533 39.6
      vertex 2.2223 0.351977 39.6
    endloop
  endfacet
  facet normal 0 0 1
    outer loop
      vertex 2.25 0 39.6
      vertex 1.5 0 39.6
      vertex 2.24306 -0.176533 39.6
    endloop
  endfacet
  facet normal 0 0 1
    outer loop
      vertex 1.48153 0.234652 39.6
      vertex 2.2223 0.351977 39.6
      vertex 2.18783 0.525251 39.6
    endloop
  endfacet
  facet normal -0 0 1
    outer loop
      vertex 1.49538 -0.117688 39.6
      vertex 2.24306 -0.176533 39.6
      vertex 1.5 0 39.6
    endloop
  endfacet
  facet normal 0 0 1
    outer loop
      vertex 1.45855 0.350167 39.6
      vertex 2.18783 0.525251 39.6
      vertex 2.13988 0.695288 39.6
    endloop
  endfacet
  facet normal 0 0 1
    outer loop
      vertex 2.24306 -0.176533 39.6
      vertex 1.49538 -0.117688 39.6
      vertex 2.2223 -0.351977 39.6
    endloop
  endfacet
  facet normal 0 0 1
    outer loop
      vertex 1.42658 0.463525 39.6
      vertex 2.13988 0.695288 39.6
      vertex 2.07873 0.861037 39.6
    endloop
  endfacet
  facet normal -0 0 1
    outer loop
      vertex 1.48153 -0.234652 39.6
      vertex 2.2223 -0.351977 39.6
      vertex 1.49538 -0.117688 39.6
    endloop
  endfacet
  facet normal 0 0 1
    outer loop
      vertex 1.38582 0.574024 39.6
      vertex 2.07873 0.861037 39.6
      vertex 2.00476 1.02148 39.6
    endloop
  endfacet
  facet normal 0 0 1
    outer loop
      vertex 2.2223 -0.351977 39.6
      vertex 1.48153 -0.234652 39.6
      vertex 2.18783 -0.525251 39.6
    endloop
  endfacet
  facet normal 0 0 1
    outer loop
      vertex 1.33651 0.680985 39.6
      vertex 2.00476 1.02148 39.6
      vertex 1.91844 1.17562 39.6
    endloop
  endfacet
  facet normal -0 0 1
    outer loop
      vertex 1.45855 -0.350167 39.6
      vertex 2.18783 -0.525251 39.6
      vertex 1.48153 -0.234652 39.6
    endloop
  endfacet
  facet normal 0 0 1
    outer loop
      vertex 1.27896 0.783748 39.6
      vertex 1.91844 1.17562 39.6
      vertex 1.82029 1.32252 39.6
    endloop
  endfacet
  facet normal 0 0 1
    outer loop
      vertex 2.18783 -0.525251 39.6
      vertex 1.45855 -0.350167 39.6
      vertex 2.13988 -0.695288 39.6
    endloop
  endfacet
  facet normal 0 0 1
    outer loop
      vertex 1.21352 0.881678 39.6
      vertex 1.82029 1.32252 39.6
      vertex 1.71091 1.46126 39.6
    endloop
  endfacet
  facet normal -0 0 1
    outer loop
      vertex 1.42658 -0.463525 39.6
      vertex 2.13988 -0.695288 39.6
      vertex 1.45855 -0.350167 39.6
    endloop
  endfacet
  facet normal 0 0 1
    outer loop
      vertex 1.14061 0.974172 39.6
      vertex 1.71091 1.46126 39.6
      vertex 1.59099 1.59099 39.6
    endloop
  endfacet
  facet normal 0 0 1
    outer loop
      vertex 2.13988 -0.695288 39.6
      vertex 1.42658 -0.463525 39.6
      vertex 2.07873 -0.861037 39.6
    endloop
  endfacet
  facet normal -0 0 1
    outer loop
      vertex 1.38582 -0.574024 39.6
      vertex 2.07873 -0.861037 39.6
      vertex 1.42658 -0.463525 39.6
    endloop
  endfacet
  facet normal 0 0 1
    outer loop
      vertex 2.24306 0.176533 39.6
      vertex 1.49538 0.117688 39.6
      vertex 1.5 0 39.6
    endloop
  endfacet
  facet normal 0 0 1
    outer loop
      vertex 2.2223 0.351977 39.6
      vertex 1.48153 0.234652 39.6
      vertex 1.49538 0.117688 39.6
    endloop
  endfacet
  facet normal 0 0 1
    outer loop
      vertex 1.06066 1.06066 39.6
      vertex 1.59099 1.59099 39.6
      vertex 1.46126 1.71091 39.6
    endloop
  endfacet
  facet normal 0 0 1
    outer loop
      vertex 2.18783 0.525251 39.6
      vertex 1.45855 0.350167 39.6
      vertex 1.48153 0.234652 39.6
    endloop
  endfacet
  facet normal 0 0 1
    outer loop
      vertex 2.13988 0.695288 39.6
      vertex 1.42658 0.463525 39.6
      vertex 1.45855 0.350167 39.6
    endloop
  endfacet
  facet normal 0 0 1
    outer loop
      vertex 2.07873 0.861037 39.6
      vertex 1.38582 0.574024 39.6
      vertex 1.42658 0.463525 39.6
    endloop
  endfacet
  facet normal 0 0 1
    outer loop
      vertex 2.00476 1.02148 39.6
      vertex 1.33651 0.680985 39.6
      vertex 1.38582 0.574024 39.6
    endloop
  endfacet
  facet normal 0 0 1
    outer loop
      vertex 0.974172 1.14061 39.6
      vertex 1.46126 1.71091 39.6
      vertex 1.32252 1.82029 39.6
    endloop
  endfacet
  facet normal 0 0 1
    outer loop
      vertex 1.91844 1.17562 39.6
      vertex 1.27896 0.783748 39.6
      vertex 1.33651 0.680985 39.6
    endloop
  endfacet
  facet normal 0 0 1
    outer loop
      vertex 1.82029 1.32252 39.6
      vertex 1.21352 0.881678 39.6
      vertex 1.27896 0.783748 39.6
    endloop
  endfacet
  facet normal 0 0 1
    outer loop
      vertex 0.881678 1.21352 39.6
      vertex 1.32252 1.82029 39.6
      vertex 1.17562 1.91844 39.6
    endloop
  endfacet
  facet normal 0 0 1
    outer loop
      vertex 1.71091 1.46126 39.6
      vertex 1.14061 0.974172 39.6
      vertex 1.21352 0.881678 39.6
    endloop
  endfacet
  facet normal 0 0 1
    outer loop
      vertex 1.59099 1.59099 39.6
      vertex 1.06066 1.06066 39.6
      vertex 1.14061 0.974172 39.6
    endloop
  endfacet
  facet normal 0 0 1
    outer loop
      vertex 0.783748 1.27896 39.6
      vertex 1.17562 1.91844 39.6
      vertex 1.02148 2.00476 39.6
    endloop
  endfacet
  facet normal 0 0 1
    outer loop
      vertex 1.46126 1.71091 39.6
      vertex 0.974172 1.14061 39.6
      vertex 1.06066 1.06066 39.6
    endloop
  endfacet
  facet normal 0 0 1
    outer loop
      vertex 1.32252 1.82029 39.6
      vertex 0.881678 1.21352 39.6
      vertex 0.974172 1.14061 39.6
    endloop
  endfacet
  facet normal 0 0 1
    outer loop
      vertex 0.680985 1.33651 39.6
      vertex 1.02148 2.00476 39.6
      vertex 0.861037 2.07873 39.6
    endloop
  endfacet
  facet normal 0 0 1
    outer loop
      vertex 1.17562 1.91844 39.6
      vertex 0.783748 1.27896 39.6
      vertex 0.881678 1.21352 39.6
    endloop
  endfacet
  facet normal 0 0 1
    outer loop
      vertex 0.574024 1.38582 39.6
      vertex 0.861037 2.07873 39.6
      vertex 0.695288 2.13988 39.6
    endloop
  endfacet
  facet normal 0 0 1
    outer loop
      vertex 1.02148 2.00476 39.6
      vertex 0.680985 1.33651 39.6
      vertex 0.783748 1.27896 39.6
    endloop
  endfacet
  facet normal 0 0 1
    outer loop
      vertex 0.861037 2.07873 39.6
      vertex 0.574024 1.38582 39.6
      vertex 0.680985 1.33651 39.6
    endloop
  endfacet
  facet normal 0 0 1
    outer loop
      vertex 0.463525 1.42658 39.6
      vertex 0.695288 2.13988 39.6
      vertex 0.525251 2.18783 39.6
    endloop
  endfacet
  facet normal 0 0 1
    outer loop
      vertex 0.695288 2.13988 39.6
      vertex 0.463525 1.42658 39.6
      vertex 0.574024 1.38582 39.6
    endloop
  endfacet
  facet normal 0 0 1
    outer loop
      vertex 0.350167 1.45855 39.6
      vertex 0.525251 2.18783 39.6
      vertex 0.351977 2.2223 39.6
    endloop
  endfacet
  facet normal 0 0 1
    outer loop
      vertex 0.525251 2.18783 39.6
      vertex 0.350167 1.45855 39.6
      vertex 0.463525 1.42658 39.6
    endloop
  endfacet
  facet normal 0 0 1
    outer loop
      vertex 0.351977 2.2223 39.6
      vertex 0.234652 1.48153 39.6
      vertex 0.350167 1.45855 39.6
    endloop
  endfacet
  facet normal 0 0 1
    outer loop
      vertex 0.176533 2.24306 39.6
      vertex 0.234652 1.48153 39.6
      vertex 0.351977 2.2223 39.6
    endloop
  endfacet
  facet normal 0 0 1
    outer loop
      vertex 0.176533 2.24306 39.6
      vertex 0.117688 1.49538 39.6
      vertex 0.234652 1.48153 39.6
    endloop
  endfacet
  facet normal 0 0 1
    outer loop
      vertex 0 2.25 39.6
      vertex 0.117688 1.49538 39.6
      vertex 0.176533 2.24306 39.6
    endloop
  endfacet
  facet normal 0 0 1
    outer loop
      vertex 0 2.25 39.6
      vertex 0 1.5 39.6
      vertex 0.117688 1.49538 39.6
    endloop
  endfacet
  facet normal 0 0 1
    outer loop
      vertex 0 2.25 39.6
      vertex -0.117688 1.49538 39.6
      vertex 0 1.5 39.6
    endloop
  endfacet
  facet normal -0 0 1
    outer loop
      vertex -0.176533 2.24306 39.6
      vertex -0.117688 1.49538 39.6
      vertex 0 2.25 39.6
    endloop
  endfacet
  facet normal 0 0 1
    outer loop
      vertex -0.176533 2.24306 39.6
      vertex -0.234652 1.48153 39.6
      vertex -0.117688 1.49538 39.6
    endloop
  endfacet
  facet normal -0 0 1
    outer loop
      vertex -0.351977 2.2223 39.6
      vertex -0.234652 1.48153 39.6
      vertex -0.176533 2.24306 39.6
    endloop
  endfacet
  facet normal 0 0 1
    outer loop
      vertex -0.234652 1.48153 39.6
      vertex -0.351977 2.2223 39.6
      vertex -0.350167 1.45855 39.6
    endloop
  endfacet
  facet normal -0 0 1
    outer loop
      vertex -0.525251 2.18783 39.6
      vertex -0.350167 1.45855 39.6
      vertex -0.351977 2.2223 39.6
    endloop
  endfacet
  facet normal 0 0 1
    outer loop
      vertex -0.350167 1.45855 39.6
      vertex -0.525251 2.18783 39.6
      vertex -0.463525 1.42658 39.6
    endloop
  endfacet
  facet normal -0 0 1
    outer loop
      vertex -0.695288 2.13988 39.6
      vertex -0.463525 1.42658 39.6
      vertex -0.525251 2.18783 39.6
    endloop
  endfacet
  facet normal 0 0 1
    outer loop
      vertex -0.463525 1.42658 39.6
      vertex -0.695288 2.13988 39.6
      vertex -0.574024 1.38582 39.6
    endloop
  endfacet
  facet normal -0 0 1
    outer loop
      vertex -0.861037 2.07873 39.6
      vertex -0.574024 1.38582 39.6
      vertex -0.695288 2.13988 39.6
    endloop
  endfacet
  facet normal 0 0 1
    outer loop
      vertex -0.574024 1.38582 39.6
      vertex -0.861037 2.07873 39.6
      vertex -0.680985 1.33651 39.6
    endloop
  endfacet
  facet normal -0 0 1
    outer loop
      vertex -1.02148 2.00476 39.6
      vertex -0.680985 1.33651 39.6
      vertex -0.861037 2.07873 39.6
    endloop
  endfacet
  facet normal 0 0 1
    outer loop
      vertex -0.680985 1.33651 39.6
      vertex -1.02148 2.00476 39.6
      vertex -0.783748 1.27896 39.6
    endloop
  endfacet
  facet normal -0 0 1
    outer loop
      vertex -1.17562 1.91844 39.6
      vertex -0.783748 1.27896 39.6
      vertex -1.02148 2.00476 39.6
    endloop
  endfacet
  facet normal 0 0 1
    outer loop
      vertex -0.783748 1.27896 39.6
      vertex -1.17562 1.91844 39.6
      vertex -0.881678 1.21352 39.6
    endloop
  endfacet
  facet normal -0 0 1
    outer loop
      vertex -1.32252 1.82029 39.6
      vertex -0.881678 1.21352 39.6
      vertex -1.17562 1.91844 39.6
    endloop
  endfacet
  facet normal 0 0 1
    outer loop
      vertex -0.881678 1.21352 39.6
      vertex -1.32252 1.82029 39.6
      vertex -0.974172 1.14061 39.6
    endloop
  endfacet
  facet normal -0 0 1
    outer loop
      vertex -1.46126 1.71091 39.6
      vertex -0.974172 1.14061 39.6
      vertex -1.32252 1.82029 39.6
    endloop
  endfacet
  facet normal 0 0 1
    outer loop
      vertex -0.974172 1.14061 39.6
      vertex -1.46126 1.71091 39.6
      vertex -1.06066 1.06066 39.6
    endloop
  endfacet
  facet normal -0 0 1
    outer loop
      vertex -1.59099 1.59099 39.6
      vertex -1.06066 1.06066 39.6
      vertex -1.46126 1.71091 39.6
    endloop
  endfacet
  facet normal 0 0 1
    outer loop
      vertex -1.06066 1.06066 39.6
      vertex -1.59099 1.59099 39.6
      vertex -1.14061 0.974172 39.6
    endloop
  endfacet
  facet normal -0 0 1
    outer loop
      vertex -1.71091 1.46126 39.6
      vertex -1.14061 0.974172 39.6
      vertex -1.59099 1.59099 39.6
    endloop
  endfacet
  facet normal 0 0 1
    outer loop
      vertex -1.14061 0.974172 39.6
      vertex -1.71091 1.46126 39.6
      vertex -1.21352 0.881678 39.6
    endloop
  endfacet
  facet normal -0 0 1
    outer loop
      vertex -1.82029 1.32252 39.6
      vertex -1.21352 0.881678 39.6
      vertex -1.71091 1.46126 39.6
    endloop
  endfacet
  facet normal 0 0 1
    outer loop
      vertex -1.21352 0.881678 39.6
      vertex -1.82029 1.32252 39.6
      vertex -1.27896 0.783748 39.6
    endloop
  endfacet
  facet normal -0 0 1
    outer loop
      vertex -1.91844 1.17562 39.6
      vertex -1.27896 0.783748 39.6
      vertex -1.82029 1.32252 39.6
    endloop
  endfacet
  facet normal 0 0 1
    outer loop
      vertex -1.27896 0.783748 39.6
      vertex -1.91844 1.17562 39.6
      vertex -1.33651 0.680985 39.6
    endloop
  endfacet
  facet normal -0 0 1
    outer loop
      vertex -2.00476 1.02148 39.6
      vertex -1.33651 0.680985 39.6
      vertex -1.91844 1.17562 39.6
    endloop
  endfacet
  facet normal 0 0 1
    outer loop
      vertex -1.33651 0.680985 39.6
      vertex -2.00476 1.02148 39.6
      vertex -1.38582 0.574024 39.6
    endloop
  endfacet
  facet normal -0 0 1
    outer loop
      vertex -2.07873 0.861037 39.6
      vertex -1.38582 0.574024 39.6
      vertex -2.00476 1.02148 39.6
    endloop
  endfacet
  facet normal 0 0 1
    outer loop
      vertex 2.07873 -0.861037 39.6
      vertex 1.38582 -0.574024 39.6
      vertex 2.00476 -1.02148 39.6
    endloop
  endfacet
  facet normal -0 0 1
    outer loop
      vertex 1.33651 -0.680985 39.6
      vertex 2.00476 -1.02148 39.6
      vertex 1.38582 -0.574024 39.6
    endloop
  endfacet
  facet normal 0 0 1
    outer loop
      vertex 2.00476 -1.02148 39.6
      vertex 1.33651 -0.680985 39.6
      vertex 1.91844 -1.17562 39.6
    endloop
  endfacet
  facet normal -0 0 1
    outer loop
      vertex 1.27896 -0.783748 39.6
      vertex 1.91844 -1.17562 39.6
      vertex 1.33651 -0.680985 39.6
    endloop
  endfacet
  facet normal 0 0 1
    outer loop
      vertex 1.91844 -1.17562 39.6
      vertex 1.27896 -0.783748 39.6
      vertex 1.82029 -1.32252 39.6
    endloop
  endfacet
  facet normal -0 0 1
    outer loop
      vertex 1.21352 -0.881678 39.6
      vertex 1.82029 -1.32252 39.6
      vertex 1.27896 -0.783748 39.6
    endloop
  endfacet
  facet normal 0 0 1
    outer loop
      vertex 1.82029 -1.32252 39.6
      vertex 1.21352 -0.881678 39.6
      vertex 1.71091 -1.46126 39.6
    endloop
  endfacet
  facet normal -0 0 1
    outer loop
      vertex 1.14061 -0.974172 39.6
      vertex 1.71091 -1.46126 39.6
      vertex 1.21352 -0.881678 39.6
    endloop
  endfacet
  facet normal 0 0 1
    outer loop
      vertex 1.71091 -1.46126 39.6
      vertex 1.14061 -0.974172 39.6
      vertex 1.59099 -1.59099 39.6
    endloop
  endfacet
  facet normal -0 0 1
    outer loop
      vertex 1.06066 -1.06066 39.6
      vertex 1.59099 -1.59099 39.6
      vertex 1.14061 -0.974172 39.6
    endloop
  endfacet
  facet normal 0 0 1
    outer loop
      vertex 1.59099 -1.59099 39.6
      vertex 1.06066 -1.06066 39.6
      vertex 1.46126 -1.71091 39.6
    endloop
  endfacet
  facet normal -0 0 1
    outer loop
      vertex 0.974172 -1.14061 39.6
      vertex 1.46126 -1.71091 39.6
      vertex 1.06066 -1.06066 39.6
    endloop
  endfacet
  facet normal 0 0 1
    outer loop
      vertex 1.46126 -1.71091 39.6
      vertex 0.974172 -1.14061 39.6
      vertex 1.32252 -1.82029 39.6
    endloop
  endfacet
  facet normal -0 0 1
    outer loop
      vertex 0.881678 -1.21352 39.6
      vertex 1.32252 -1.82029 39.6
      vertex 0.974172 -1.14061 39.6
    endloop
  endfacet
  facet normal 0 0 1
    outer loop
      vertex 1.32252 -1.82029 39.6
      vertex 0.881678 -1.21352 39.6
      vertex 1.17562 -1.91844 39.6
    endloop
  endfacet
  facet normal -0 0 1
    outer loop
      vertex 0.783748 -1.27896 39.6
      vertex 1.17562 -1.91844 39.6
      vertex 0.881678 -1.21352 39.6
    endloop
  endfacet
  facet normal 0 0 1
    outer loop
      vertex 1.17562 -1.91844 39.6
      vertex 0.783748 -1.27896 39.6
      vertex 1.02148 -2.00476 39.6
    endloop
  endfacet
  facet normal -0 0 1
    outer loop
      vertex 0.680985 -1.33651 39.6
      vertex 1.02148 -2.00476 39.6
      vertex 0.783748 -1.27896 39.6
    endloop
  endfacet
  facet normal 0 0 1
    outer loop
      vertex 1.02148 -2.00476 39.6
      vertex 0.680985 -1.33651 39.6
      vertex 0.861037 -2.07873 39.6
    endloop
  endfacet
  facet normal -0 0 1
    outer loop
      vertex 0.574024 -1.38582 39.6
      vertex 0.861037 -2.07873 39.6
      vertex 0.680985 -1.33651 39.6
    endloop
  endfacet
  facet normal 0 0 1
    outer loop
      vertex 0.861037 -2.07873 39.6
      vertex 0.574024 -1.38582 39.6
      vertex 0.695288 -2.13988 39.6
    endloop
  endfacet
  facet normal -0 0 1
    outer loop
      vertex 0.463525 -1.42658 39.6
      vertex 0.695288 -2.13988 39.6
      vertex 0.574024 -1.38582 39.6
    endloop
  endfacet
  facet normal 0 0 1
    outer loop
      vertex 0.695288 -2.13988 39.6
      vertex 0.463525 -1.42658 39.6
      vertex 0.525251 -2.18783 39.6
    endloop
  endfacet
  facet normal -0 0 1
    outer loop
      vertex 0.350167 -1.45855 39.6
      vertex 0.525251 -2.18783 39.6
      vertex 0.463525 -1.42658 39.6
    endloop
  endfacet
  facet normal 0 0 1
    outer loop
      vertex 0.525251 -2.18783 39.6
      vertex 0.350167 -1.45855 39.6
      vertex 0.351977 -2.2223 39.6
    endloop
  endfacet
  facet normal -0 0 1
    outer loop
      vertex 0.234652 -1.48153 39.6
      vertex 0.351977 -2.2223 39.6
      vertex 0.350167 -1.45855 39.6
    endloop
  endfacet
  facet normal 0 0 1
    outer loop
      vertex 0.234652 -1.48153 39.6
      vertex 0.176533 -2.24306 39.6
      vertex 0.351977 -2.2223 39.6
    endloop
  endfacet
  facet normal -0 0 1
    outer loop
      vertex 0.117688 -1.49538 39.6
      vertex 0.176533 -2.24306 39.6
      vertex 0.234652 -1.48153 39.6
    endloop
  endfacet
  facet normal -0 0 1
    outer loop
      vertex 0 -1.5 39.6
      vertex 0.176533 -2.24306 39.6
      vertex 0.117688 -1.49538 39.6
    endloop
  endfacet
  facet normal 0 0 1
    outer loop
      vertex 0 -1.5 39.6
      vertex 0 -2.25 39.6
      vertex 0.176533 -2.24306 39.6
    endloop
  endfacet
  facet normal 0 0 1
    outer loop
      vertex -0.117688 -1.49538 39.6
      vertex 0 -2.25 39.6
      vertex 0 -1.5 39.6
    endloop
  endfacet
  facet normal 0 0 1
    outer loop
      vertex -0.117688 -1.49538 39.6
      vertex -0.176533 -2.24306 39.6
      vertex 0 -2.25 39.6
    endloop
  endfacet
  facet normal 0 0 1
    outer loop
      vertex -0.234652 -1.48153 39.6
      vertex -0.176533 -2.24306 39.6
      vertex -0.117688 -1.49538 39.6
    endloop
  endfacet
  facet normal 0 0 1
    outer loop
      vertex -0.351977 -2.2223 39.6
      vertex -0.234652 -1.48153 39.6
      vertex -0.350167 -1.45855 39.6
    endloop
  endfacet
  facet normal 0 0 1
    outer loop
      vertex -0.234652 -1.48153 39.6
      vertex -0.351977 -2.2223 39.6
      vertex -0.176533 -2.24306 39.6
    endloop
  endfacet
  facet normal 0 0 1
    outer loop
      vertex -0.525251 -2.18783 39.6
      vertex -0.350167 -1.45855 39.6
      vertex -0.463525 -1.42658 39.6
    endloop
  endfacet
  facet normal 0 0 1
    outer loop
      vertex -0.350167 -1.45855 39.6
      vertex -0.525251 -2.18783 39.6
      vertex -0.351977 -2.2223 39.6
    endloop
  endfacet
  facet normal 0 0 1
    outer loop
      vertex -0.695288 -2.13988 39.6
      vertex -0.463525 -1.42658 39.6
      vertex -0.574024 -1.38582 39.6
    endloop
  endfacet
  facet normal 0 0 1
    outer loop
      vertex -0.861037 -2.07873 39.6
      vertex -0.574024 -1.38582 39.6
      vertex -0.680985 -1.33651 39.6
    endloop
  endfacet
  facet normal 0 0 1
    outer loop
      vertex -0.463525 -1.42658 39.6
      vertex -0.695288 -2.13988 39.6
      vertex -0.525251 -2.18783 39.6
    endloop
  endfacet
  facet normal 0 0 1
    outer loop
      vertex -1.02148 -2.00476 39.6
      vertex -0.680985 -1.33651 39.6
      vertex -0.783748 -1.27896 39.6
    endloop
  endfacet
  facet normal 0 0 1
    outer loop
      vertex -0.574024 -1.38582 39.6
      vertex -0.861037 -2.07873 39.6
      vertex -0.695288 -2.13988 39.6
    endloop
  endfacet
  facet normal 0 0 1
    outer loop
      vertex -1.17562 -1.91844 39.6
      vertex -0.783748 -1.27896 39.6
      vertex -0.881678 -1.21352 39.6
    endloop
  endfacet
  facet normal 0 0 1
    outer loop
      vertex -1.32252 -1.82029 39.6
      vertex -0.881678 -1.21352 39.6
      vertex -0.974172 -1.14061 39.6
    endloop
  endfacet
  facet normal 0 0 1
    outer loop
      vertex -0.680985 -1.33651 39.6
      vertex -1.02148 -2.00476 39.6
      vertex -0.861037 -2.07873 39.6
    endloop
  endfacet
  facet normal 0 0 1
    outer loop
      vertex -1.46126 -1.71091 39.6
      vertex -0.974172 -1.14061 39.6
      vertex -1.06066 -1.06066 39.6
    endloop
  endfacet
  facet normal 0 0 1
    outer loop
      vertex -1.59099 -1.59099 39.6
      vertex -1.06066 -1.06066 39.6
      vertex -1.14061 -0.974172 39.6
    endloop
  endfacet
  facet normal 0 0 1
    outer loop
      vertex -0.783748 -1.27896 39.6
      vertex -1.17562 -1.91844 39.6
      vertex -1.02148 -2.00476 39.6
    endloop
  endfacet
  facet normal 0 0 1
    outer loop
      vertex -1.71091 -1.46126 39.6
      vertex -1.14061 -0.974172 39.6
      vertex -1.21352 -0.881678 39.6
    endloop
  endfacet
  facet normal 0 0 1
    outer loop
      vertex -1.82029 -1.32252 39.6
      vertex -1.21352 -0.881678 39.6
      vertex -1.27896 -0.783748 39.6
    endloop
  endfacet
  facet normal 0 0 1
    outer loop
      vertex -0.881678 -1.21352 39.6
      vertex -1.32252 -1.82029 39.6
      vertex -1.17562 -1.91844 39.6
    endloop
  endfacet
  facet normal 0 0 1
    outer loop
      vertex -1.91844 -1.17562 39.6
      vertex -1.27896 -0.783748 39.6
      vertex -1.33651 -0.680985 39.6
    endloop
  endfacet
  facet normal 0 0 1
    outer loop
      vertex -2.00476 -1.02148 39.6
      vertex -1.33651 -0.680985 39.6
      vertex -1.38582 -0.574024 39.6
    endloop
  endfacet
  facet normal 0 0 1
    outer loop
      vertex -2.07873 -0.861037 39.6
      vertex -1.38582 -0.574024 39.6
      vertex -1.42658 -0.463525 39.6
    endloop
  endfacet
  facet normal 0 0 1
    outer loop
      vertex -2.13988 -0.695288 39.6
      vertex -1.42658 -0.463525 39.6
      vertex -1.45855 -0.350167 39.6
    endloop
  endfacet
  facet normal 0 0 1
    outer loop
      vertex -0.974172 -1.14061 39.6
      vertex -1.46126 -1.71091 39.6
      vertex -1.32252 -1.82029 39.6
    endloop
  endfacet
  facet normal 0 0 1
    outer loop
      vertex -2.18783 -0.525251 39.6
      vertex -1.45855 -0.350167 39.6
      vertex -1.48153 -0.234652 39.6
    endloop
  endfacet
  facet normal 0 0 1
    outer loop
      vertex -2.2223 -0.351977 39.6
      vertex -1.48153 -0.234652 39.6
      vertex -1.49538 -0.117688 39.6
    endloop
  endfacet
  facet normal 0 0 1
    outer loop
      vertex -2.24306 -0.176533 39.6
      vertex -1.49538 -0.117688 39.6
      vertex -1.5 0 39.6
    endloop
  endfacet
  facet normal 0 0 1
    outer loop
      vertex -1.38582 0.574024 39.6
      vertex -2.07873 0.861037 39.6
      vertex -1.42658 0.463525 39.6
    endloop
  endfacet
  facet normal 0 0 1
    outer loop
      vertex -1.06066 -1.06066 39.6
      vertex -1.59099 -1.59099 39.6
      vertex -1.46126 -1.71091 39.6
    endloop
  endfacet
  facet normal -0 0 1
    outer loop
      vertex -2.13988 0.695288 39.6
      vertex -1.42658 0.463525 39.6
      vertex -2.07873 0.861037 39.6
    endloop
  endfacet
  facet normal 0 0 1
    outer loop
      vertex -1.14061 -0.974172 39.6
      vertex -1.71091 -1.46126 39.6
      vertex -1.59099 -1.59099 39.6
    endloop
  endfacet
  facet normal 0 0 1
    outer loop
      vertex -1.42658 0.463525 39.6
      vertex -2.13988 0.695288 39.6
      vertex -1.45855 0.350167 39.6
    endloop
  endfacet
  facet normal 0 0 1
    outer loop
      vertex -1.21352 -0.881678 39.6
      vertex -1.82029 -1.32252 39.6
      vertex -1.71091 -1.46126 39.6
    endloop
  endfacet
  facet normal -0 0 1
    outer loop
      vertex -2.18783 0.525251 39.6
      vertex -1.45855 0.350167 39.6
      vertex -2.13988 0.695288 39.6
    endloop
  endfacet
  facet normal 0 0 1
    outer loop
      vertex -1.27896 -0.783748 39.6
      vertex -1.91844 -1.17562 39.6
      vertex -1.82029 -1.32252 39.6
    endloop
  endfacet
  facet normal 0 0 1
    outer loop
      vertex -1.45855 0.350167 39.6
      vertex -2.18783 0.525251 39.6
      vertex -1.48153 0.234652 39.6
    endloop
  endfacet
  facet normal 0 0 1
    outer loop
      vertex -1.33651 -0.680985 39.6
      vertex -2.00476 -1.02148 39.6
      vertex -1.91844 -1.17562 39.6
    endloop
  endfacet
  facet normal -0 0 1
    outer loop
      vertex -2.2223 0.351977 39.6
      vertex -1.48153 0.234652 39.6
      vertex -2.18783 0.525251 39.6
    endloop
  endfacet
  facet normal 0 0 1
    outer loop
      vertex -1.38582 -0.574024 39.6
      vertex -2.07873 -0.861037 39.6
      vertex -2.00476 -1.02148 39.6
    endloop
  endfacet
  facet normal 0 0 1
    outer loop
      vertex -1.48153 0.234652 39.6
      vertex -2.2223 0.351977 39.6
      vertex -1.49538 0.117688 39.6
    endloop
  endfacet
  facet normal 0 0 1
    outer loop
      vertex -1.42658 -0.463525 39.6
      vertex -2.13988 -0.695288 39.6
      vertex -2.07873 -0.861037 39.6
    endloop
  endfacet
  facet normal -0 0 1
    outer loop
      vertex -2.24306 0.176533 39.6
      vertex -1.49538 0.117688 39.6
      vertex -2.2223 0.351977 39.6
    endloop
  endfacet
  facet normal 0 0 1
    outer loop
      vertex -1.45855 -0.350167 39.6
      vertex -2.18783 -0.525251 39.6
      vertex -2.13988 -0.695288 39.6
    endloop
  endfacet
  facet normal 0 0 1
    outer loop
      vertex -1.49538 0.117688 39.6
      vertex -2.24306 0.176533 39.6
      vertex -1.5 0 39.6
    endloop
  endfacet
  facet normal 0 0 1
    outer loop
      vertex -1.48153 -0.234652 39.6
      vertex -2.2223 -0.351977 39.6
      vertex -2.18783 -0.525251 39.6
    endloop
  endfacet
  facet normal 0 0 1
    outer loop
      vertex -2.25 0 39.6
      vertex -1.5 0 39.6
      vertex -2.24306 0.176533 39.6
    endloop
  endfacet
  facet normal 0 0 1
    outer loop
      vertex -1.49538 -0.117688 39.6
      vertex -2.24306 -0.176533 39.6
      vertex -2.2223 -0.351977 39.6
    endloop
  endfacet
  facet normal 0 0 1
    outer loop
      vertex -1.5 0 39.6
      vertex -2.25 0 39.6
      vertex -2.24306 -0.176533 39.6
    endloop
  endfacet
  facet normal -0.831484 -0.555549 0
    outer loop
      vertex -1.82029 -1.32252 35.1
      vertex -1.91844 -1.17562 39.6
      vertex -1.91844 -1.17562 35.1
    endloop
  endfacet
  facet normal -0.831484 -0.555549 0
    outer loop
      vertex -1.91844 -1.17562 39.6
      vertex -1.82029 -1.32252 35.1
      vertex -1.82029 -1.32252 39.6
    endloop
  endfacet
  facet normal -0.48861 0.872502 0
    outer loop
      vertex -1.02148 2.00476 35.1
      vertex -1.17562 1.91844 39.6
      vertex -1.02148 2.00476 39.6
    endloop
  endfacet
  facet normal -0.48861 0.872502 0
    outer loop
      vertex -1.17562 1.91844 39.6
      vertex -1.02148 2.00476 35.1
      vertex -1.17562 1.91844 35.1
    endloop
  endfacet
  facet normal -0.555549 0.831484 0
    outer loop
      vertex -1.17562 1.91844 35.1
      vertex -1.32252 1.82029 39.6
      vertex -1.17562 1.91844 39.6
    endloop
  endfacet
  facet normal -0.555549 0.831484 0
    outer loop
      vertex -1.32252 1.82029 39.6
      vertex -1.17562 1.91844 35.1
      vertex -1.32252 1.82029 35.1
    endloop
  endfacet
  facet normal -0.872502 0.48861 0
    outer loop
      vertex -2.00476 1.02148 35.1
      vertex -1.91844 1.17562 39.6
      vertex -1.91844 1.17562 35.1
    endloop
  endfacet
  facet normal -0.872502 0.48861 0
    outer loop
      vertex -1.91844 1.17562 39.6
      vertex -2.00476 1.02148 35.1
      vertex -2.00476 1.02148 39.6
    endloop
  endfacet
  facet normal -0.346127 -0.938188 0
    outer loop
      vertex -0.861037 -2.07873 35.1
      vertex -0.695288 -2.13988 39.6
      vertex -0.861037 -2.07873 39.6
    endloop
  endfacet
  facet normal -0.346127 -0.938188 -0
    outer loop
      vertex -0.695288 -2.13988 39.6
      vertex -0.861037 -2.07873 35.1
      vertex -0.695288 -2.13988 35.1
    endloop
  endfacet
  facet normal 0.831484 -0.555549 0
    outer loop
      vertex 1.82029 -1.32252 39.6
      vertex 1.91844 -1.17562 35.1
      vertex 1.91844 -1.17562 39.6
    endloop
  endfacet
  facet normal 0.831484 -0.555549 0
    outer loop
      vertex 1.91844 -1.17562 35.1
      vertex 1.82029 -1.32252 39.6
      vertex 1.82029 -1.32252 35.1
    endloop
  endfacet
  facet normal -0.999228 0.0392824 0
    outer loop
      vertex -2.25 0 35.1
      vertex -2.24306 0.176533 39.6
      vertex -2.24306 0.176533 35.1
    endloop
  endfacet
  facet normal -0.999228 0.0392824 0
    outer loop
      vertex -2.24306 0.176533 39.6
      vertex -2.25 0 35.1
      vertex -2.25 0 39.6
    endloop
  endfacet
  facet normal -0.19511 -0.980781 0
    outer loop
      vertex -0.525251 -2.18783 35.1
      vertex -0.351977 -2.2223 39.6
      vertex -0.525251 -2.18783 39.6
    endloop
  endfacet
  facet normal -0.19511 -0.980781 -0
    outer loop
      vertex -0.351977 -2.2223 39.6
      vertex -0.525251 -2.18783 35.1
      vertex -0.351977 -2.2223 35.1
    endloop
  endfacet
  facet normal -0.117509 -0.993072 0
    outer loop
      vertex -0.351977 -2.2223 35.1
      vertex -0.176533 -2.24306 39.6
      vertex -0.351977 -2.2223 39.6
    endloop
  endfacet
  facet normal -0.117509 -0.993072 -0
    outer loop
      vertex -0.176533 -2.24306 39.6
      vertex -0.351977 -2.2223 35.1
      vertex -0.176533 -2.24306 35.1
    endloop
  endfacet
  facet normal 0.678797 -0.734326 0
    outer loop
      vertex 1.46126 -1.71091 35.1
      vertex 1.59099 -1.59099 39.6
      vertex 1.46126 -1.71091 39.6
    endloop
  endfacet
  facet normal 0.678797 -0.734326 0
    outer loop
      vertex 1.59099 -1.59099 39.6
      vertex 1.46126 -1.71091 35.1
      vertex 1.59099 -1.59099 35.1
    endloop
  endfacet
  facet normal -0.734326 0.678797 0
    outer loop
      vertex -1.71091 1.46126 35.1
      vertex -1.59099 1.59099 39.6
      vertex -1.59099 1.59099 35.1
    endloop
  endfacet
  facet normal -0.734326 0.678797 0
    outer loop
      vertex -1.59099 1.59099 39.6
      vertex -1.71091 1.46126 35.1
      vertex -1.71091 1.46126 39.6
    endloop
  endfacet
  facet normal -0.619116 -0.7853 0
    outer loop
      vertex -1.46126 -1.71091 35.1
      vertex -1.32252 -1.82029 39.6
      vertex -1.46126 -1.71091 39.6
    endloop
  endfacet
  facet normal -0.619116 -0.7853 -0
    outer loop
      vertex -1.32252 -1.82029 39.6
      vertex -1.46126 -1.71091 35.1
      vertex -1.32252 -1.82029 35.1
    endloop
  endfacet
  facet normal -0.678797 -0.734326 0
    outer loop
      vertex -1.59099 -1.59099 35.1
      vertex -1.46126 -1.71091 39.6
      vertex -1.59099 -1.59099 39.6
    endloop
  endfacet
  facet normal -0.678797 -0.734326 -0
    outer loop
      vertex -1.46126 -1.71091 39.6
      vertex -1.59099 -1.59099 35.1
      vertex -1.46126 -1.71091 35.1
    endloop
  endfacet
  facet normal 0.271412 -0.962463 0
    outer loop
      vertex 0.525251 -2.18783 35.1
      vertex 0.695288 -2.13988 39.6
      vertex 0.525251 -2.18783 39.6
    endloop
  endfacet
  facet normal 0.271412 -0.962463 0
    outer loop
      vertex 0.695288 -2.13988 39.6
      vertex 0.525251 -2.18783 35.1
      vertex 0.695288 -2.13988 35.1
    endloop
  endfacet
  facet normal -0.99307 -0.117522 0
    outer loop
      vertex 1.79445 0.141226 18.1
      vertex 1.77784 0.281582 21.1
      vertex 1.77784 0.281582 18.1
    endloop
  endfacet
  facet normal -0.99307 -0.117522 0
    outer loop
      vertex 1.77784 0.281582 21.1
      vertex 1.79445 0.141226 18.1
      vertex 1.79445 0.141226 21.1
    endloop
  endfacet
  facet normal -0.99307 -0.117522 0
    outer loop
      vertex 1.79445 0.141226 0
      vertex 1.77784 0.281582 16.1
      vertex 1.77784 0.281582 0
    endloop
  endfacet
  facet normal -0.99307 -0.117522 0
    outer loop
      vertex 1.77784 0.281582 16.1
      vertex 1.79445 0.141226 0
      vertex 1.79445 0.141226 16.1
    endloop
  endfacet
  facet normal -0.999229 -0.0392684 0
    outer loop
      vertex 1.8 0 18.1
      vertex 1.79445 0.141226 21.1
      vertex 1.79445 0.141226 18.1
    endloop
  endfacet
  facet normal -0.999229 -0.0392684 0
    outer loop
      vertex 1.79445 0.141226 21.1
      vertex 1.8 0 18.1
      vertex 1.8 0 21.1
    endloop
  endfacet
  facet normal -0.999229 -0.0392684 0
    outer loop
      vertex 1.8 0 0
      vertex 1.79445 0.141226 16.1
      vertex 1.79445 0.141226 0
    endloop
  endfacet
  facet normal -0.999229 -0.0392684 0
    outer loop
      vertex 1.79445 0.141226 16.1
      vertex 1.8 0 0
      vertex 1.8 0 16.1
    endloop
  endfacet
  facet normal -0.271477 -0.962445 0
    outer loop
      vertex 0.420201 1.75027 0
      vertex 0.556231 1.7119 21.1
      vertex 0.420201 1.75027 21.1
    endloop
  endfacet
  facet normal -0.271477 -0.962445 -0
    outer loop
      vertex 0.556231 1.7119 21.1
      vertex 0.420201 1.75027 0
      vertex 0.556231 1.7119 0
    endloop
  endfacet
  facet normal 0.418648 0.908149 -0
    outer loop
      vertex -0.688829 -1.66298 0
      vertex -0.817183 -1.60381 21.1
      vertex -0.688829 -1.66298 21.1
    endloop
  endfacet
  facet normal 0.418648 0.908149 0
    outer loop
      vertex -0.817183 -1.60381 21.1
      vertex -0.688829 -1.66298 0
      vertex -0.817183 -1.60381 0
    endloop
  endfacet
  facet normal 0.117522 -0.99307 0
    outer loop
      vertex -0.281582 1.77784 18.1
      vertex -0.141226 1.79445 21.1
      vertex -0.281582 1.77784 21.1
    endloop
  endfacet
  facet normal 0.117522 -0.99307 0
    outer loop
      vertex -0.141226 1.79445 21.1
      vertex -0.281582 1.77784 18.1
      vertex -0.141226 1.79445 18.1
    endloop
  endfacet
  facet normal 0.117522 -0.99307 0
    outer loop
      vertex -0.281582 1.77784 0
      vertex -0.141226 1.79445 16.1
      vertex -0.281582 1.77784 16.1
    endloop
  endfacet
  facet normal 0.117522 -0.99307 0
    outer loop
      vertex -0.141226 1.79445 16.1
      vertex -0.281582 1.77784 0
      vertex -0.141226 1.79445 0
    endloop
  endfacet
  facet normal 0.831469 0.555572 0
    outer loop
      vertex -1.45623 -1.05801 21.1
      vertex -1.53475 -0.940497 0
      vertex -1.53475 -0.940497 21.1
    endloop
  endfacet
  facet normal 0.831469 0.555572 0
    outer loop
      vertex -1.53475 -0.940497 0
      vertex -1.45623 -1.05801 21.1
      vertex -1.45623 -1.05801 0
    endloop
  endfacet
  facet normal 0.999229 0.0392684 0
    outer loop
      vertex -1.79445 -0.141226 21.1
      vertex -1.8 0 18.1
      vertex -1.8 0 21.1
    endloop
  endfacet
  facet normal 0.999229 0.0392684 0
    outer loop
      vertex -1.8 0 18.1
      vertex -1.79445 -0.141226 21.1
      vertex -1.79445 -0.141226 18.1
    endloop
  endfacet
  facet normal 0.999229 0.0392684 0
    outer loop
      vertex -1.79445 -0.141226 16.1
      vertex -1.8 0 0
      vertex -1.8 0 16.1
    endloop
  endfacet
  facet normal 0.999229 0.0392684 0
    outer loop
      vertex -1.8 0 0
      vertex -1.79445 -0.141226 16.1
      vertex -1.79445 -0.141226 0
    endloop
  endfacet
  facet normal 0.99307 0.117522 0
    outer loop
      vertex -1.77784 -0.281582 21.1
      vertex -1.79445 -0.141226 18.1
      vertex -1.79445 -0.141226 21.1
    endloop
  endfacet
  facet normal 0.99307 0.117522 0
    outer loop
      vertex -1.79445 -0.141226 18.1
      vertex -1.77784 -0.281582 21.1
      vertex -1.77784 -0.281582 18.1
    endloop
  endfacet
  facet normal 0.99307 0.117522 0
    outer loop
      vertex -1.77784 -0.281582 16.1
      vertex -1.79445 -0.141226 0
      vertex -1.79445 -0.141226 16.1
    endloop
  endfacet
  facet normal 0.99307 0.117522 0
    outer loop
      vertex -1.79445 -0.141226 0
      vertex -1.77784 -0.281582 16.1
      vertex -1.77784 -0.281582 0
    endloop
  endfacet
  facet normal 0.872493 0.488626 0
    outer loop
      vertex -1.53475 -0.940497 21.1
      vertex -1.60381 -0.817183 0
      vertex -1.60381 -0.817183 21.1
    endloop
  endfacet
  facet normal 0.872493 0.488626 0
    outer loop
      vertex -1.60381 -0.817183 0
      vertex -1.53475 -0.940497 21.1
      vertex -1.53475 -0.940497 0
    endloop
  endfacet
  facet normal -0.418648 -0.908149 0
    outer loop
      vertex 0.688829 1.66298 0
      vertex 0.817183 1.60381 21.1
      vertex 0.688829 1.66298 21.1
    endloop
  endfacet
  facet normal -0.418648 -0.908149 -0
    outer loop
      vertex 0.817183 1.60381 21.1
      vertex 0.688829 1.66298 0
      vertex 0.817183 1.60381 0
    endloop
  endfacet
  facet normal -0.271477 0.962445 0
    outer loop
      vertex 0.556231 -1.7119 0
      vertex 0.420201 -1.75027 21.1
      vertex 0.556231 -1.7119 21.1
    endloop
  endfacet
  facet normal -0.271477 0.962445 0
    outer loop
      vertex 0.420201 -1.75027 21.1
      vertex 0.556231 -1.7119 0
      vertex 0.420201 -1.75027 0
    endloop
  endfacet
  facet normal -0.0392684 0.999229 0
    outer loop
      vertex 0.141226 -1.79445 18.1
      vertex 0 -1.8 21.1
      vertex 0.141226 -1.79445 21.1
    endloop
  endfacet
  facet normal -0.0392684 0.999229 0
    outer loop
      vertex 0 -1.8 21.1
      vertex 0.141226 -1.79445 18.1
      vertex 0 -1.8 18.1
    endloop
  endfacet
  facet normal -0.0392684 0.999229 0
    outer loop
      vertex 0.141226 -1.79445 0
      vertex 0 -1.8 16.1
      vertex 0.141226 -1.79445 16.1
    endloop
  endfacet
  facet normal -0.0392684 0.999229 0
    outer loop
      vertex 0 -1.8 16.1
      vertex 0.141226 -1.79445 0
      vertex 0 -1.8 0
    endloop
  endfacet
  facet normal 0.555572 -0.831469 0
    outer loop
      vertex -1.05801 1.45623 0
      vertex -0.940497 1.53475 21.1
      vertex -1.05801 1.45623 21.1
    endloop
  endfacet
  facet normal 0.555572 -0.831469 0
    outer loop
      vertex -0.940497 1.53475 21.1
      vertex -1.05801 1.45623 0
      vertex -0.940497 1.53475 0
    endloop
  endfacet
  facet normal -0.488626 0.872493 0
    outer loop
      vertex 0.940497 -1.53475 0
      vertex 0.817183 -1.60381 21.1
      vertex 0.940497 -1.53475 21.1
    endloop
  endfacet
  facet normal -0.488626 0.872493 0
    outer loop
      vertex 0.817183 -1.60381 21.1
      vertex 0.940497 -1.53475 0
      vertex 0.817183 -1.60381 0
    endloop
  endfacet
  facet normal -0.619071 -0.785335 0
    outer loop
      vertex 1.05801 1.45623 0
      vertex 1.16901 1.36873 21.1
      vertex 1.05801 1.45623 21.1
    endloop
  endfacet
  facet normal -0.619071 -0.785335 -0
    outer loop
      vertex 1.16901 1.36873 21.1
      vertex 1.05801 1.45623 0
      vertex 1.16901 1.36873 0
    endloop
  endfacet
  facet normal 0.785335 -0.619071 0
    outer loop
      vertex -1.45623 1.05801 21.1
      vertex -1.36873 1.16901 0
      vertex -1.36873 1.16901 21.1
    endloop
  endfacet
  facet normal 0.785335 -0.619071 0
    outer loop
      vertex -1.36873 1.16901 0
      vertex -1.45623 1.05801 21.1
      vertex -1.45623 1.05801 0
    endloop
  endfacet
  facet normal 0.0392684 0.999229 -0
    outer loop
      vertex 0 -1.8 18.1
      vertex -0.141226 -1.79445 21.1
      vertex 0 -1.8 21.1
    endloop
  endfacet
  facet normal 0.0392684 0.999229 0
    outer loop
      vertex -0.141226 -1.79445 21.1
      vertex 0 -1.8 18.1
      vertex -0.141226 -1.79445 18.1
    endloop
  endfacet
  facet normal 0.0392684 0.999229 -0
    outer loop
      vertex 0 -1.8 0
      vertex -0.141226 -1.79445 16.1
      vertex 0 -1.8 16.1
    endloop
  endfacet
  facet normal 0.0392684 0.999229 0
    outer loop
      vertex -0.141226 -1.79445 16.1
      vertex 0 -1.8 0
      vertex -0.141226 -1.79445 0
    endloop
  endfacet
  facet normal -0.34613 0.938187 0
    outer loop
      vertex 0.688829 -1.66298 0
      vertex 0.556231 -1.7119 21.1
      vertex 0.688829 -1.66298 21.1
    endloop
  endfacet
  facet normal -0.34613 0.938187 0
    outer loop
      vertex 0.556231 -1.7119 21.1
      vertex 0.688829 -1.66298 0
      vertex 0.556231 -1.7119 0
    endloop
  endfacet
  facet normal 0.418648 -0.908149 0
    outer loop
      vertex -0.817183 1.60381 0
      vertex -0.688829 1.66298 21.1
      vertex -0.817183 1.60381 21.1
    endloop
  endfacet
  facet normal 0.418648 -0.908149 0
    outer loop
      vertex -0.688829 1.66298 21.1
      vertex -0.817183 1.60381 0
      vertex -0.688829 1.66298 0
    endloop
  endfacet
  facet normal 0.872493 -0.488626 0
    outer loop
      vertex -1.60381 0.817183 21.1
      vertex -1.53475 0.940497 0
      vertex -1.53475 0.940497 21.1
    endloop
  endfacet
  facet normal 0.872493 -0.488626 0
    outer loop
      vertex -1.53475 0.940497 0
      vertex -1.60381 0.817183 21.1
      vertex -1.60381 0.817183 0
    endloop
  endfacet
  facet normal -0.938187 0.34613 0
    outer loop
      vertex 1.66298 -0.688829 0
      vertex 1.7119 -0.556231 21.1
      vertex 1.7119 -0.556231 0
    endloop
  endfacet
  facet normal -0.938187 0.34613 0
    outer loop
      vertex 1.7119 -0.556231 21.1
      vertex 1.66298 -0.688829 0
      vertex 1.66298 -0.688829 21.1
    endloop
  endfacet
  facet normal 0.488626 0.872493 -0
    outer loop
      vertex -0.817183 -1.60381 0
      vertex -0.940497 -1.53475 21.1
      vertex -0.817183 -1.60381 21.1
    endloop
  endfacet
  facet normal 0.488626 0.872493 0
    outer loop
      vertex -0.940497 -1.53475 21.1
      vertex -0.817183 -1.60381 0
      vertex -0.940497 -1.53475 0
    endloop
  endfacet
  facet normal 0.34613 0.938187 -0
    outer loop
      vertex -0.556231 -1.7119 0
      vertex -0.688829 -1.66298 21.1
      vertex -0.556231 -1.7119 21.1
    endloop
  endfacet
  facet normal 0.34613 0.938187 0
    outer loop
      vertex -0.688829 -1.66298 21.1
      vertex -0.556231 -1.7119 0
      vertex -0.688829 -1.66298 0
    endloop
  endfacet
  facet normal -0.619071 0.785335 0
    outer loop
      vertex 1.16901 -1.36873 0
      vertex 1.05801 -1.45623 21.1
      vertex 1.16901 -1.36873 21.1
    endloop
  endfacet
  facet normal -0.619071 0.785335 0
    outer loop
      vertex 1.05801 -1.45623 21.1
      vertex 1.16901 -1.36873 0
      vertex 1.05801 -1.45623 0
    endloop
  endfacet
  facet normal -0.555572 -0.831469 0
    outer loop
      vertex 0.940497 1.53475 0
      vertex 1.05801 1.45623 21.1
      vertex 0.940497 1.53475 21.1
    endloop
  endfacet
  facet normal -0.555572 -0.831469 -0
    outer loop
      vertex 1.05801 1.45623 21.1
      vertex 0.940497 1.53475 0
      vertex 1.05801 1.45623 0
    endloop
  endfacet
  facet normal -0.908149 -0.418648 0
    outer loop
      vertex 1.66298 0.688829 0
      vertex 1.60381 0.817183 21.1
      vertex 1.60381 0.817183 0
    endloop
  endfacet
  facet normal -0.908149 -0.418648 0
    outer loop
      vertex 1.60381 0.817183 21.1
      vertex 1.66298 0.688829 0
      vertex 1.66298 0.688829 21.1
    endloop
  endfacet
  facet normal 0.678827 -0.734299 0
    outer loop
      vertex -1.27279 1.27279 0
      vertex -1.16901 1.36873 21.1
      vertex -1.27279 1.27279 21.1
    endloop
  endfacet
  facet normal 0.678827 -0.734299 0
    outer loop
      vertex -1.16901 1.36873 21.1
      vertex -1.27279 1.27279 0
      vertex -1.16901 1.36873 0
    endloop
  endfacet
  facet normal 0.555572 0.831469 -0
    outer loop
      vertex -0.940497 -1.53475 0
      vertex -1.05801 -1.45623 21.1
      vertex -0.940497 -1.53475 21.1
    endloop
  endfacet
  facet normal 0.555572 0.831469 0
    outer loop
      vertex -1.05801 -1.45623 21.1
      vertex -0.940497 -1.53475 0
      vertex -1.05801 -1.45623 0
    endloop
  endfacet
  facet normal -0.831469 0.555572 0
    outer loop
      vertex 1.45623 -1.05801 0
      vertex 1.53475 -0.940497 21.1
      vertex 1.53475 -0.940497 0
    endloop
  endfacet
  facet normal -0.831469 0.555572 0
    outer loop
      vertex 1.53475 -0.940497 21.1
      vertex 1.45623 -1.05801 0
      vertex 1.45623 -1.05801 21.1
    endloop
  endfacet
  facet normal 0.908149 -0.418648 0
    outer loop
      vertex -1.66298 0.688829 21.1
      vertex -1.60381 0.817183 0
      vertex -1.60381 0.817183 21.1
    endloop
  endfacet
  facet normal 0.908149 -0.418648 0
    outer loop
      vertex -1.60381 0.817183 0
      vertex -1.66298 0.688829 21.1
      vertex -1.66298 0.688829 0
    endloop
  endfacet
  facet normal 0.785335 0.619071 0
    outer loop
      vertex -1.36873 -1.16901 21.1
      vertex -1.45623 -1.05801 0
      vertex -1.45623 -1.05801 21.1
    endloop
  endfacet
  facet normal 0.785335 0.619071 0
    outer loop
      vertex -1.45623 -1.05801 0
      vertex -1.36873 -1.16901 21.1
      vertex -1.36873 -1.16901 0
    endloop
  endfacet
  facet normal 0.117522 0.99307 -0
    outer loop
      vertex -0.141226 -1.79445 18.1
      vertex -0.281582 -1.77784 21.1
      vertex -0.141226 -1.79445 21.1
    endloop
  endfacet
  facet normal 0.117522 0.99307 0
    outer loop
      vertex -0.281582 -1.77784 21.1
      vertex -0.141226 -1.79445 18.1
      vertex -0.281582 -1.77784 18.1
    endloop
  endfacet
  facet normal 0.117522 0.99307 -0
    outer loop
      vertex -0.141226 -1.79445 0
      vertex -0.281582 -1.77784 16.1
      vertex -0.141226 -1.79445 16.1
    endloop
  endfacet
  facet normal 0.117522 0.99307 0
    outer loop
      vertex -0.281582 -1.77784 16.1
      vertex -0.141226 -1.79445 0
      vertex -0.281582 -1.77784 0
    endloop
  endfacet
  facet normal -0.908149 0.418648 0
    outer loop
      vertex 1.60381 -0.817183 0
      vertex 1.66298 -0.688829 21.1
      vertex 1.66298 -0.688829 0
    endloop
  endfacet
  facet normal -0.908149 0.418648 0
    outer loop
      vertex 1.66298 -0.688829 21.1
      vertex 1.60381 -0.817183 0
      vertex 1.60381 -0.817183 21.1
    endloop
  endfacet
  facet normal -0.678827 0.734299 0
    outer loop
      vertex 1.27279 -1.27279 0
      vertex 1.16901 -1.36873 21.1
      vertex 1.27279 -1.27279 21.1
    endloop
  endfacet
  facet normal -0.678827 0.734299 0
    outer loop
      vertex 1.16901 -1.36873 21.1
      vertex 1.27279 -1.27279 0
      vertex 1.16901 -1.36873 0
    endloop
  endfacet
  facet normal 0.980862 -0.194706 0
    outer loop
      vertex -1.75027 0.420201 21.1
      vertex -1.75428 0.4 18.1
      vertex -1.75027 0.420201 0
    endloop
  endfacet
  facet normal 0.980789 -0.19507 2.54569e-06
    outer loop
      vertex -1.77784 0.281582 21.1
      vertex -1.75428 0.4 18.1
      vertex -1.75027 0.420201 21.1
    endloop
  endfacet
  facet normal 0.980777 -0.195132 0
    outer loop
      vertex -1.75428 0.4 18.1
      vertex -1.77784 0.281582 21.1
      vertex -1.77784 0.281582 18.1
    endloop
  endfacet
  facet normal 0.980862 -0.194706 0
    outer loop
      vertex -1.75428 0.4 16.1
      vertex -1.75027 0.420201 0
      vertex -1.75428 0.4 18.1
    endloop
  endfacet
  facet normal 0.980777 -0.195132 -5.55266e-07
    outer loop
      vertex -1.77784 0.281582 16.1
      vertex -1.75027 0.420201 0
      vertex -1.75428 0.4 16.1
    endloop
  endfacet
  facet normal 0.980789 -0.19507 0
    outer loop
      vertex -1.75027 0.420201 0
      vertex -1.77784 0.281582 16.1
      vertex -1.77784 0.281582 0
    endloop
  endfacet
  facet normal -0.99307 0.117522 0
    outer loop
      vertex 1.77784 -0.281582 18.1
      vertex 1.79445 -0.141226 21.1
      vertex 1.79445 -0.141226 18.1
    endloop
  endfacet
  facet normal -0.99307 0.117522 0
    outer loop
      vertex 1.79445 -0.141226 21.1
      vertex 1.77784 -0.281582 18.1
      vertex 1.77784 -0.281582 21.1
    endloop
  endfacet
  facet normal -0.99307 0.117522 0
    outer loop
      vertex 1.77784 -0.281582 0
      vertex 1.79445 -0.141226 16.1
      vertex 1.79445 -0.141226 0
    endloop
  endfacet
  facet normal -0.99307 0.117522 0
    outer loop
      vertex 1.79445 -0.141226 16.1
      vertex 1.77784 -0.281582 0
      vertex 1.77784 -0.281582 16.1
    endloop
  endfacet
  facet normal -0.999229 0.0392684 0
    outer loop
      vertex 1.79445 -0.141226 18.1
      vertex 1.8 0 21.1
      vertex 1.8 0 18.1
    endloop
  endfacet
  facet normal -0.999229 0.0392684 0
    outer loop
      vertex 1.8 0 21.1
      vertex 1.79445 -0.141226 18.1
      vertex 1.79445 -0.141226 21.1
    endloop
  endfacet
  facet normal -0.999229 0.0392684 0
    outer loop
      vertex 1.79445 -0.141226 0
      vertex 1.8 0 16.1
      vertex 1.8 0 0
    endloop
  endfacet
  facet normal -0.999229 0.0392684 0
    outer loop
      vertex 1.8 0 16.1
      vertex 1.79445 -0.141226 0
      vertex 1.79445 -0.141226 16.1
    endloop
  endfacet
  facet normal -0.488626 -0.872493 0
    outer loop
      vertex 0.817183 1.60381 0
      vertex 0.940497 1.53475 21.1
      vertex 0.817183 1.60381 21.1
    endloop
  endfacet
  facet normal -0.488626 -0.872493 -0
    outer loop
      vertex 0.940497 1.53475 21.1
      vertex 0.817183 1.60381 0
      vertex 0.940497 1.53475 0
    endloop
  endfacet
  facet normal -0.962445 0.271477 0
    outer loop
      vertex 1.7119 -0.556231 0
      vertex 1.75027 -0.420201 21.1
      vertex 1.75027 -0.420201 0
    endloop
  endfacet
  facet normal -0.962445 0.271477 0
    outer loop
      vertex 1.75027 -0.420201 21.1
      vertex 1.7119 -0.556231 0
      vertex 1.7119 -0.556231 21.1
    endloop
  endfacet
  facet normal -0.938187 -0.34613 0
    outer loop
      vertex 1.7119 0.556231 0
      vertex 1.66298 0.688829 21.1
      vertex 1.66298 0.688829 0
    endloop
  endfacet
  facet normal -0.938187 -0.34613 0
    outer loop
      vertex 1.66298 0.688829 21.1
      vertex 1.7119 0.556231 0
      vertex 1.7119 0.556231 21.1
    endloop
  endfacet
  facet normal -0.117522 0.99307 0
    outer loop
      vertex 0.281582 -1.77784 18.1
      vertex 0.141226 -1.79445 21.1
      vertex 0.281582 -1.77784 21.1
    endloop
  endfacet
  facet normal -0.117522 0.99307 0
    outer loop
      vertex 0.141226 -1.79445 21.1
      vertex 0.281582 -1.77784 18.1
      vertex 0.141226 -1.79445 18.1
    endloop
  endfacet
  facet normal -0.117522 0.99307 0
    outer loop
      vertex 0.281582 -1.77784 0
      vertex 0.141226 -1.79445 16.1
      vertex 0.281582 -1.77784 16.1
    endloop
  endfacet
  facet normal -0.117522 0.99307 0
    outer loop
      vertex 0.141226 -1.79445 16.1
      vertex 0.281582 -1.77784 0
      vertex 0.141226 -1.79445 0
    endloop
  endfacet
  facet normal -0.785335 -0.619071 0
    outer loop
      vertex 1.45623 1.05801 0
      vertex 1.36873 1.16901 21.1
      vertex 1.36873 1.16901 0
    endloop
  endfacet
  facet normal -0.785335 -0.619071 0
    outer loop
      vertex 1.36873 1.16901 21.1
      vertex 1.45623 1.05801 0
      vertex 1.45623 1.05801 21.1
    endloop
  endfacet
  facet normal 0.195132 0.980777 0
    outer loop
      vertex -0.281582 -1.77784 16.1
      vertex -0.281582 -1.77784 0
      vertex -0.4 -1.75428 16.1
    endloop
  endfacet
  facet normal 0.19507 0.980789 -0
    outer loop
      vertex -0.281582 -1.77784 18.1
      vertex -0.420201 -1.75027 21.1
      vertex -0.281582 -1.77784 21.1
    endloop
  endfacet
  facet normal 0.195132 0.980777 2.97993e-06
    outer loop
      vertex -0.4 -1.75428 18.1
      vertex -0.420201 -1.75027 21.1
      vertex -0.281582 -1.77784 18.1
    endloop
  endfacet
  facet normal 0.194706 0.980862 -0
    outer loop
      vertex -0.4 -1.75428 16.1
      vertex -0.420201 -1.75027 21.1
      vertex -0.4 -1.75428 18.1
    endloop
  endfacet
  facet normal 0.194706 0.980862 0
    outer loop
      vertex -0.4 -1.75428 16.1
      vertex -0.420201 -1.75027 0
      vertex -0.420201 -1.75027 21.1
    endloop
  endfacet
  facet normal 0.19507 0.980789 -4.74353e-07
    outer loop
      vertex -0.420201 -1.75027 0
      vertex -0.4 -1.75428 16.1
      vertex -0.281582 -1.77784 0
    endloop
  endfacet
  facet normal -0.872493 0.488626 0
    outer loop
      vertex 1.53475 -0.940497 0
      vertex 1.60381 -0.817183 21.1
      vertex 1.60381 -0.817183 0
    endloop
  endfacet
  facet normal -0.872493 0.488626 0
    outer loop
      vertex 1.60381 -0.817183 21.1
      vertex 1.53475 -0.940497 0
      vertex 1.53475 -0.940497 21.1
    endloop
  endfacet
  facet normal -0.678827 -0.734299 0
    outer loop
      vertex 1.16901 1.36873 0
      vertex 1.27279 1.27279 21.1
      vertex 1.16901 1.36873 21.1
    endloop
  endfacet
  facet normal -0.678827 -0.734299 -0
    outer loop
      vertex 1.27279 1.27279 21.1
      vertex 1.16901 1.36873 0
      vertex 1.27279 1.27279 0
    endloop
  endfacet
  facet normal 0.619071 -0.785335 0
    outer loop
      vertex -1.16901 1.36873 0
      vertex -1.05801 1.45623 21.1
      vertex -1.16901 1.36873 21.1
    endloop
  endfacet
  facet normal 0.619071 -0.785335 0
    outer loop
      vertex -1.05801 1.45623 21.1
      vertex -1.16901 1.36873 0
      vertex -1.05801 1.45623 0
    endloop
  endfacet
  facet normal 0.271477 0.962445 -0
    outer loop
      vertex -0.420201 -1.75027 0
      vertex -0.556231 -1.7119 21.1
      vertex -0.420201 -1.75027 21.1
    endloop
  endfacet
  facet normal 0.271477 0.962445 0
    outer loop
      vertex -0.556231 -1.7119 21.1
      vertex -0.420201 -1.75027 0
      vertex -0.556231 -1.7119 0
    endloop
  endfacet
  facet normal -0.962445 -0.271477 0
    outer loop
      vertex 1.75027 0.420201 0
      vertex 1.7119 0.556231 21.1
      vertex 1.7119 0.556231 0
    endloop
  endfacet
  facet normal -0.962445 -0.271477 0
    outer loop
      vertex 1.7119 0.556231 21.1
      vertex 1.75027 0.420201 0
      vertex 1.75027 0.420201 21.1
    endloop
  endfacet
  facet normal 0.34613 -0.938187 0
    outer loop
      vertex -0.688829 1.66298 0
      vertex -0.556231 1.7119 21.1
      vertex -0.688829 1.66298 21.1
    endloop
  endfacet
  facet normal 0.34613 -0.938187 0
    outer loop
      vertex -0.556231 1.7119 21.1
      vertex -0.688829 1.66298 0
      vertex -0.556231 1.7119 0
    endloop
  endfacet
  facet normal -0.872493 -0.488626 0
    outer loop
      vertex 1.60381 0.817183 0
      vertex 1.53475 0.940497 21.1
      vertex 1.53475 0.940497 0
    endloop
  endfacet
  facet normal -0.872493 -0.488626 0
    outer loop
      vertex 1.53475 0.940497 21.1
      vertex 1.60381 0.817183 0
      vertex 1.60381 0.817183 21.1
    endloop
  endfacet
  facet normal 0.734299 -0.678827 0
    outer loop
      vertex -1.36873 1.16901 21.1
      vertex -1.27279 1.27279 0
      vertex -1.27279 1.27279 21.1
    endloop
  endfacet
  facet normal 0.734299 -0.678827 0
    outer loop
      vertex -1.27279 1.27279 0
      vertex -1.36873 1.16901 21.1
      vertex -1.36873 1.16901 0
    endloop
  endfacet
  facet normal 0.831469 -0.555572 0
    outer loop
      vertex -1.53475 0.940497 21.1
      vertex -1.45623 1.05801 0
      vertex -1.45623 1.05801 21.1
    endloop
  endfacet
  facet normal 0.831469 -0.555572 0
    outer loop
      vertex -1.45623 1.05801 0
      vertex -1.53475 0.940497 21.1
      vertex -1.53475 0.940497 0
    endloop
  endfacet
  facet normal -0.980777 0.195132 0
    outer loop
      vertex 1.77784 -0.281582 0
      vertex 1.75428 -0.4 16.1
      vertex 1.77784 -0.281582 16.1
    endloop
  endfacet
  facet normal -0.980862 0.194706 0
    outer loop
      vertex 1.75428 -0.4 16.1
      vertex 1.75027 -0.420201 0
      vertex 1.75428 -0.4 18.1
    endloop
  endfacet
  facet normal -0.980789 0.19507 -4.74353e-07
    outer loop
      vertex 1.75027 -0.420201 0
      vertex 1.75428 -0.4 16.1
      vertex 1.77784 -0.281582 0
    endloop
  endfacet
  facet normal -0.980777 0.195132 0
    outer loop
      vertex 1.75428 -0.4 18.1
      vertex 1.77784 -0.281582 21.1
      vertex 1.77784 -0.281582 18.1
    endloop
  endfacet
  facet normal -0.980789 0.19507 2.54569e-06
    outer loop
      vertex 1.75428 -0.4 18.1
      vertex 1.75027 -0.420201 21.1
      vertex 1.77784 -0.281582 21.1
    endloop
  endfacet
  facet normal -0.980862 0.194706 0
    outer loop
      vertex 1.75027 -0.420201 21.1
      vertex 1.75428 -0.4 18.1
      vertex 1.75027 -0.420201 0
    endloop
  endfacet
  facet normal 0.0392684 -0.999229 0
    outer loop
      vertex -0.141226 1.79445 18.1
      vertex 0 1.8 21.1
      vertex -0.141226 1.79445 21.1
    endloop
  endfacet
  facet normal 0.0392684 -0.999229 0
    outer loop
      vertex 0 1.8 21.1
      vertex -0.141226 1.79445 18.1
      vertex 0 1.8 18.1
    endloop
  endfacet
  facet normal 0.0392684 -0.999229 0
    outer loop
      vertex -0.141226 1.79445 0
      vertex 0 1.8 16.1
      vertex -0.141226 1.79445 16.1
    endloop
  endfacet
  facet normal 0.0392684 -0.999229 0
    outer loop
      vertex 0 1.8 16.1
      vertex -0.141226 1.79445 0
      vertex 0 1.8 0
    endloop
  endfacet
  facet normal 0.962445 0.271477 0
    outer loop
      vertex -1.7119 -0.556231 21.1
      vertex -1.75027 -0.420201 0
      vertex -1.75027 -0.420201 21.1
    endloop
  endfacet
  facet normal 0.962445 0.271477 0
    outer loop
      vertex -1.75027 -0.420201 0
      vertex -1.7119 -0.556231 21.1
      vertex -1.7119 -0.556231 0
    endloop
  endfacet
  facet normal -0.418648 0.908149 0
    outer loop
      vertex 0.817183 -1.60381 0
      vertex 0.688829 -1.66298 21.1
      vertex 0.817183 -1.60381 21.1
    endloop
  endfacet
  facet normal -0.418648 0.908149 0
    outer loop
      vertex 0.688829 -1.66298 21.1
      vertex 0.817183 -1.60381 0
      vertex 0.688829 -1.66298 0
    endloop
  endfacet
  facet normal -0.34613 -0.938187 0
    outer loop
      vertex 0.556231 1.7119 0
      vertex 0.688829 1.66298 21.1
      vertex 0.556231 1.7119 21.1
    endloop
  endfacet
  facet normal -0.34613 -0.938187 -0
    outer loop
      vertex 0.688829 1.66298 21.1
      vertex 0.556231 1.7119 0
      vertex 0.688829 1.66298 0
    endloop
  endfacet
  facet normal 0.271477 -0.962445 0
    outer loop
      vertex -0.556231 1.7119 0
      vertex -0.420201 1.75027 21.1
      vertex -0.556231 1.7119 21.1
    endloop
  endfacet
  facet normal 0.271477 -0.962445 0
    outer loop
      vertex -0.420201 1.75027 21.1
      vertex -0.556231 1.7119 0
      vertex -0.420201 1.75027 0
    endloop
  endfacet
  facet normal -0.785335 0.619071 0
    outer loop
      vertex 1.36873 -1.16901 0
      vertex 1.45623 -1.05801 21.1
      vertex 1.45623 -1.05801 0
    endloop
  endfacet
  facet normal -0.785335 0.619071 0
    outer loop
      vertex 1.45623 -1.05801 21.1
      vertex 1.36873 -1.16901 0
      vertex 1.36873 -1.16901 21.1
    endloop
  endfacet
  facet normal -0.555572 0.831469 0
    outer loop
      vertex 1.05801 -1.45623 0
      vertex 0.940497 -1.53475 21.1
      vertex 1.05801 -1.45623 21.1
    endloop
  endfacet
  facet normal -0.555572 0.831469 0
    outer loop
      vertex 0.940497 -1.53475 21.1
      vertex 1.05801 -1.45623 0
      vertex 0.940497 -1.53475 0
    endloop
  endfacet
  facet normal 0.962445 -0.271477 0
    outer loop
      vertex -1.75027 0.420201 21.1
      vertex -1.7119 0.556231 0
      vertex -1.7119 0.556231 21.1
    endloop
  endfacet
  facet normal 0.962445 -0.271477 0
    outer loop
      vertex -1.7119 0.556231 0
      vertex -1.75027 0.420201 21.1
      vertex -1.75027 0.420201 0
    endloop
  endfacet
  facet normal -0.117522 -0.99307 0
    outer loop
      vertex 0.141226 1.79445 18.1
      vertex 0.281582 1.77784 21.1
      vertex 0.141226 1.79445 21.1
    endloop
  endfacet
  facet normal -0.117522 -0.99307 -0
    outer loop
      vertex 0.281582 1.77784 21.1
      vertex 0.141226 1.79445 18.1
      vertex 0.281582 1.77784 18.1
    endloop
  endfacet
  facet normal -0.117522 -0.99307 0
    outer loop
      vertex 0.141226 1.79445 0
      vertex 0.281582 1.77784 16.1
      vertex 0.141226 1.79445 16.1
    endloop
  endfacet
  facet normal -0.117522 -0.99307 -0
    outer loop
      vertex 0.281582 1.77784 16.1
      vertex 0.141226 1.79445 0
      vertex 0.281582 1.77784 0
    endloop
  endfacet
  facet normal -0.0392684 -0.999229 0
    outer loop
      vertex 0 1.8 18.1
      vertex 0.141226 1.79445 21.1
      vertex 0 1.8 21.1
    endloop
  endfacet
  facet normal -0.0392684 -0.999229 -0
    outer loop
      vertex 0.141226 1.79445 21.1
      vertex 0 1.8 18.1
      vertex 0.141226 1.79445 18.1
    endloop
  endfacet
  facet normal -0.0392684 -0.999229 0
    outer loop
      vertex 0 1.8 0
      vertex 0.141226 1.79445 16.1
      vertex 0 1.8 16.1
    endloop
  endfacet
  facet normal -0.0392684 -0.999229 -0
    outer loop
      vertex 0.141226 1.79445 16.1
      vertex 0 1.8 0
      vertex 0.141226 1.79445 0
    endloop
  endfacet
  facet normal -0.734299 -0.678827 0
    outer loop
      vertex 1.36873 1.16901 0
      vertex 1.27279 1.27279 21.1
      vertex 1.27279 1.27279 0
    endloop
  endfacet
  facet normal -0.734299 -0.678827 0
    outer loop
      vertex 1.27279 1.27279 21.1
      vertex 1.36873 1.16901 0
      vertex 1.36873 1.16901 21.1
    endloop
  endfacet
  facet normal -0.19507 0.980789 2.54569e-06
    outer loop
      vertex 0.420201 -1.75027 21.1
      vertex 0.4 -1.75428 18.1
      vertex 0.281582 -1.77784 21.1
    endloop
  endfacet
  facet normal -0.194706 0.980862 0
    outer loop
      vertex 0.420201 -1.75027 21.1
      vertex 0.4 -1.75428 16.1
      vertex 0.4 -1.75428 18.1
    endloop
  endfacet
  facet normal -0.194706 0.980862 0
    outer loop
      vertex 0.420201 -1.75027 0
      vertex 0.4 -1.75428 16.1
      vertex 0.420201 -1.75027 21.1
    endloop
  endfacet
  facet normal -0.195132 0.980777 -5.55266e-07
    outer loop
      vertex 0.420201 -1.75027 0
      vertex 0.281582 -1.77784 16.1
      vertex 0.4 -1.75428 16.1
    endloop
  endfacet
  facet normal -0.19507 0.980789 0
    outer loop
      vertex 0.281582 -1.77784 16.1
      vertex 0.420201 -1.75027 0
      vertex 0.281582 -1.77784 0
    endloop
  endfacet
  facet normal -0.195132 0.980777 0
    outer loop
      vertex 0.281582 -1.77784 21.1
      vertex 0.4 -1.75428 18.1
      vertex 0.281582 -1.77784 18.1
    endloop
  endfacet
  facet normal -0.734299 0.678827 0
    outer loop
      vertex 1.27279 -1.27279 0
      vertex 1.36873 -1.16901 21.1
      vertex 1.36873 -1.16901 0
    endloop
  endfacet
  facet normal -0.734299 0.678827 0
    outer loop
      vertex 1.36873 -1.16901 21.1
      vertex 1.27279 -1.27279 0
      vertex 1.27279 -1.27279 21.1
    endloop
  endfacet
  facet normal 0.488626 -0.872493 0
    outer loop
      vertex -0.940497 1.53475 0
      vertex -0.817183 1.60381 21.1
      vertex -0.940497 1.53475 21.1
    endloop
  endfacet
  facet normal 0.488626 -0.872493 0
    outer loop
      vertex -0.817183 1.60381 21.1
      vertex -0.940497 1.53475 0
      vertex -0.817183 1.60381 0
    endloop
  endfacet
  facet normal 0.980777 0.195132 0
    outer loop
      vertex -1.77784 -0.281582 21.1
      vertex -1.75428 -0.4 18.1
      vertex -1.77784 -0.281582 18.1
    endloop
  endfacet
  facet normal 0.980862 0.194706 0
    outer loop
      vertex -1.75428 -0.4 18.1
      vertex -1.75027 -0.420201 21.1
      vertex -1.75428 -0.4 16.1
    endloop
  endfacet
  facet normal 0.980789 0.19507 2.54569e-06
    outer loop
      vertex -1.75027 -0.420201 21.1
      vertex -1.75428 -0.4 18.1
      vertex -1.77784 -0.281582 21.1
    endloop
  endfacet
  facet normal 0.980777 0.195132 0
    outer loop
      vertex -1.75428 -0.4 16.1
      vertex -1.77784 -0.281582 0
      vertex -1.77784 -0.281582 16.1
    endloop
  endfacet
  facet normal 0.980789 0.19507 -4.74353e-07
    outer loop
      vertex -1.75428 -0.4 16.1
      vertex -1.75027 -0.420201 0
      vertex -1.77784 -0.281582 0
    endloop
  endfacet
  facet normal 0.980862 0.194706 -0
    outer loop
      vertex -1.75027 -0.420201 0
      vertex -1.75428 -0.4 16.1
      vertex -1.75027 -0.420201 21.1
    endloop
  endfacet
  facet normal -0.831469 -0.555572 0
    outer loop
      vertex 1.53475 0.940497 0
      vertex 1.45623 1.05801 21.1
      vertex 1.45623 1.05801 0
    endloop
  endfacet
  facet normal -0.831469 -0.555572 0
    outer loop
      vertex 1.45623 1.05801 21.1
      vertex 1.53475 0.940497 0
      vertex 1.53475 0.940497 21.1
    endloop
  endfacet
  facet normal -0.980862 -0.194706 0
    outer loop
      vertex 1.75027 0.420201 0
      vertex 1.75428 0.4 16.1
      vertex 1.75027 0.420201 21.1
    endloop
  endfacet
  facet normal -0.980789 -0.19507 -4.74353e-07
    outer loop
      vertex 1.77784 0.281582 0
      vertex 1.75428 0.4 16.1
      vertex 1.75027 0.420201 0
    endloop
  endfacet
  facet normal -0.980777 -0.195132 0
    outer loop
      vertex 1.75428 0.4 16.1
      vertex 1.77784 0.281582 0
      vertex 1.77784 0.281582 16.1
    endloop
  endfacet
  facet normal -0.980862 -0.194706 -0
    outer loop
      vertex 1.75428 0.4 18.1
      vertex 1.75027 0.420201 21.1
      vertex 1.75428 0.4 16.1
    endloop
  endfacet
  facet normal -0.980777 -0.195132 2.97993e-06
    outer loop
      vertex 1.77784 0.281582 18.1
      vertex 1.75027 0.420201 21.1
      vertex 1.75428 0.4 18.1
    endloop
  endfacet
  facet normal -0.980789 -0.19507 0
    outer loop
      vertex 1.75027 0.420201 21.1
      vertex 1.77784 0.281582 18.1
      vertex 1.77784 0.281582 21.1
    endloop
  endfacet
  facet normal 0.99307 -0.117522 0
    outer loop
      vertex -1.79445 0.141226 21.1
      vertex -1.77784 0.281582 18.1
      vertex -1.77784 0.281582 21.1
    endloop
  endfacet
  facet normal 0.99307 -0.117522 0
    outer loop
      vertex -1.77784 0.281582 18.1
      vertex -1.79445 0.141226 21.1
      vertex -1.79445 0.141226 18.1
    endloop
  endfacet
  facet normal 0.99307 -0.117522 0
    outer loop
      vertex -1.79445 0.141226 16.1
      vertex -1.77784 0.281582 0
      vertex -1.77784 0.281582 16.1
    endloop
  endfacet
  facet normal 0.99307 -0.117522 0
    outer loop
      vertex -1.77784 0.281582 0
      vertex -1.79445 0.141226 16.1
      vertex -1.79445 0.141226 0
    endloop
  endfacet
  facet normal 0.678827 0.734299 -0
    outer loop
      vertex -1.16901 -1.36873 0
      vertex -1.27279 -1.27279 21.1
      vertex -1.16901 -1.36873 21.1
    endloop
  endfacet
  facet normal 0.678827 0.734299 0
    outer loop
      vertex -1.27279 -1.27279 21.1
      vertex -1.16901 -1.36873 0
      vertex -1.27279 -1.27279 0
    endloop
  endfacet
  facet normal 0.19507 -0.980789 2.54569e-06
    outer loop
      vertex -0.420201 1.75027 21.1
      vertex -0.4 1.75428 18.1
      vertex -0.281582 1.77784 21.1
    endloop
  endfacet
  facet normal 0.194706 -0.980862 0
    outer loop
      vertex -0.420201 1.75027 21.1
      vertex -0.4 1.75428 16.1
      vertex -0.4 1.75428 18.1
    endloop
  endfacet
  facet normal 0.194706 -0.980862 0
    outer loop
      vertex -0.420201 1.75027 0
      vertex -0.4 1.75428 16.1
      vertex -0.420201 1.75027 21.1
    endloop
  endfacet
  facet normal 0.195132 -0.980777 -5.55266e-07
    outer loop
      vertex -0.420201 1.75027 0
      vertex -0.281582 1.77784 16.1
      vertex -0.4 1.75428 16.1
    endloop
  endfacet
  facet normal 0.19507 -0.980789 0
    outer loop
      vertex -0.281582 1.77784 16.1
      vertex -0.420201 1.75027 0
      vertex -0.281582 1.77784 0
    endloop
  endfacet
  facet normal 0.195132 -0.980777 0
    outer loop
      vertex -0.281582 1.77784 21.1
      vertex -0.4 1.75428 18.1
      vertex -0.281582 1.77784 18.1
    endloop
  endfacet
  facet normal -0.195132 -0.980777 -0
    outer loop
      vertex 0.281582 1.77784 16.1
      vertex 0.281582 1.77784 0
      vertex 0.4 1.75428 16.1
    endloop
  endfacet
  facet normal -0.19507 -0.980789 0
    outer loop
      vertex 0.281582 1.77784 18.1
      vertex 0.420201 1.75027 21.1
      vertex 0.281582 1.77784 21.1
    endloop
  endfacet
  facet normal -0.195132 -0.980777 2.97993e-06
    outer loop
      vertex 0.4 1.75428 18.1
      vertex 0.420201 1.75027 21.1
      vertex 0.281582 1.77784 18.1
    endloop
  endfacet
  facet normal -0.194706 -0.980862 0
    outer loop
      vertex 0.4 1.75428 16.1
      vertex 0.420201 1.75027 21.1
      vertex 0.4 1.75428 18.1
    endloop
  endfacet
  facet normal -0.194706 -0.980862 0
    outer loop
      vertex 0.4 1.75428 16.1
      vertex 0.420201 1.75027 0
      vertex 0.420201 1.75027 21.1
    endloop
  endfacet
  facet normal -0.19507 -0.980789 -4.74353e-07
    outer loop
      vertex 0.420201 1.75027 0
      vertex 0.4 1.75428 16.1
      vertex 0.281582 1.77784 0
    endloop
  endfacet
  facet normal 0.999229 -0.0392684 0
    outer loop
      vertex -1.8 0 21.1
      vertex -1.79445 0.141226 18.1
      vertex -1.79445 0.141226 21.1
    endloop
  endfacet
  facet normal 0.999229 -0.0392684 0
    outer loop
      vertex -1.79445 0.141226 18.1
      vertex -1.8 0 21.1
      vertex -1.8 0 18.1
    endloop
  endfacet
  facet normal 0.999229 -0.0392684 0
    outer loop
      vertex -1.8 0 16.1
      vertex -1.79445 0.141226 0
      vertex -1.79445 0.141226 16.1
    endloop
  endfacet
  facet normal 0.999229 -0.0392684 0
    outer loop
      vertex -1.79445 0.141226 0
      vertex -1.8 0 16.1
      vertex -1.8 0 0
    endloop
  endfacet
  facet normal 0.938187 0.34613 0
    outer loop
      vertex -1.66298 -0.688829 21.1
      vertex -1.7119 -0.556231 0
      vertex -1.7119 -0.556231 21.1
    endloop
  endfacet
  facet normal 0.938187 0.34613 0
    outer loop
      vertex -1.7119 -0.556231 0
      vertex -1.66298 -0.688829 21.1
      vertex -1.66298 -0.688829 0
    endloop
  endfacet
  facet normal 0.734299 0.678827 0
    outer loop
      vertex -1.27279 -1.27279 21.1
      vertex -1.36873 -1.16901 0
      vertex -1.36873 -1.16901 21.1
    endloop
  endfacet
  facet normal 0.734299 0.678827 0
    outer loop
      vertex -1.36873 -1.16901 0
      vertex -1.27279 -1.27279 21.1
      vertex -1.27279 -1.27279 0
    endloop
  endfacet
  facet normal 0.619071 0.785335 -0
    outer loop
      vertex -1.05801 -1.45623 0
      vertex -1.16901 -1.36873 21.1
      vertex -1.05801 -1.45623 21.1
    endloop
  endfacet
  facet normal 0.619071 0.785335 0
    outer loop
      vertex -1.16901 -1.36873 21.1
      vertex -1.05801 -1.45623 0
      vertex -1.16901 -1.36873 0
    endloop
  endfacet
  facet normal 0.908149 0.418648 0
    outer loop
      vertex -1.60381 -0.817183 21.1
      vertex -1.66298 -0.688829 0
      vertex -1.66298 -0.688829 21.1
    endloop
  endfacet
  facet normal 0.908149 0.418648 0
    outer loop
      vertex -1.66298 -0.688829 0
      vertex -1.60381 -0.817183 21.1
      vertex -1.60381 -0.817183 0
    endloop
  endfacet
  facet normal 0.938187 -0.34613 0
    outer loop
      vertex -1.7119 0.556231 21.1
      vertex -1.66298 0.688829 0
      vertex -1.66298 0.688829 21.1
    endloop
  endfacet
  facet normal 0.938187 -0.34613 0
    outer loop
      vertex -1.66298 0.688829 0
      vertex -1.7119 0.556231 21.1
      vertex -1.7119 0.556231 0
    endloop
  endfacet
  facet normal -0.999 -0.0392594 -0.0214071
    outer loop
      vertex 1.79445 0.141226 21.1
      vertex 1.8 0 21.1
      vertex 1.5 0 35.1
    endloop
  endfacet
  facet normal 0.734149 0.678651 -0.0214069
    outer loop
      vertex -1.14061 -0.974172 35.1
      vertex -1.06066 -1.06066 35.1
      vertex -1.27279 -1.27279 21.1
    endloop
  endfacet
  facet normal -0.0392594 -0.999 -0.0214071
    outer loop
      vertex 0 1.8 21.1
      vertex 0.141226 1.79445 21.1
      vertex 0 1.5 35.1
    endloop
  endfacet
  facet normal -0.785163 0.618919 -0.0214072
    outer loop
      vertex 1.21352 -0.881678 35.1
      vertex 1.36873 -1.16901 21.1
      vertex 1.14061 -0.974172 35.1
    endloop
  endfacet
  facet normal 0.488509 -0.872296 -0.021407
    outer loop
      vertex -0.680985 1.33651 35.1
      vertex -0.783748 1.27896 35.1
      vertex -0.940497 1.53475 21.1
    endloop
  endfacet
  facet normal -0.678671 -0.73413 -0.0214072
    outer loop
      vertex 1.16901 1.36873 21.1
      vertex 1.27279 1.27279 21.1
      vertex 0.974172 1.14061 35.1
    endloop
  endfacet
  facet normal 0.937991 0.345999 -0.0214068
    outer loop
      vertex -1.42658 -0.463525 35.1
      vertex -1.38582 -0.574024 35.1
      vertex -1.66298 -0.688829 21.1
    endloop
  endfacet
  facet normal 0.962224 0.271415 -0.0214077
    outer loop
      vertex -1.45855 -0.350167 35.1
      vertex -1.7119 -0.556231 21.1
      vertex -1.75027 -0.420201 21.1
    endloop
  endfacet
  facet normal -0.678651 0.734149 -0.0214069
    outer loop
      vertex 1.06066 -1.06066 35.1
      vertex 1.27279 -1.27279 21.1
      vertex 0.974172 -1.14061 35.1
    endloop
  endfacet
  facet normal -0.34605 -0.937972 -0.0214074
    outer loop
      vertex 0.556231 1.7119 21.1
      vertex 0.688829 1.66298 21.1
      vertex 0.463525 1.42658 35.1
    endloop
  endfacet
  facet normal -0.937972 -0.34605 -0.0214074
    outer loop
      vertex 1.66298 0.688829 21.1
      vertex 1.7119 0.556231 21.1
      vertex 1.42658 0.463525 35.1
    endloop
  endfacet
  facet normal -0.271415 0.962224 -0.0214077
    outer loop
      vertex 0.556231 -1.7119 21.1
      vertex 0.420201 -1.75027 21.1
      vertex 0.350167 -1.45855 35.1
    endloop
  endfacet
  facet normal 0.907934 0.418566 -0.0214069
    outer loop
      vertex -1.38582 -0.574024 35.1
      vertex -1.33651 -0.680985 35.1
      vertex -1.66298 -0.688829 21.1
    endloop
  endfacet
  facet normal 0.992843 -0.117495 -0.0214068
    outer loop
      vertex -1.77784 0.281582 21.1
      vertex -1.49538 0.117688 35.1
      vertex -1.79445 0.141226 21.1
    endloop
  endfacet
  facet normal 0.962235 -0.271376 -0.0214074
    outer loop
      vertex -1.42658 0.463525 35.1
      vertex -1.45855 0.350167 35.1
      vertex -1.7119 0.556231 21.1
    endloop
  endfacet
  facet normal -0.980565 0.195025 -0.0214078
    outer loop
      vertex 1.77784 -0.281582 21.1
      vertex 1.75027 -0.420201 21.1
      vertex 1.45855 -0.350167 35.1
    endloop
  endfacet
  facet normal 0.992835 -0.117564 -0.0214074
    outer loop
      vertex -1.48153 0.234652 35.1
      vertex -1.49538 0.117688 35.1
      vertex -1.77784 0.281582 21.1
    endloop
  endfacet
  facet normal -0.117564 0.992835 -0.0214074
    outer loop
      vertex 0.234652 -1.48153 35.1
      vertex 0.281582 -1.77784 21.1
      vertex 0.117688 -1.49538 35.1
    endloop
  endfacet
  facet normal -0.992843 -0.117495 -0.0214068
    outer loop
      vertex 1.77784 0.281582 21.1
      vertex 1.79445 0.141226 21.1
      vertex 1.49538 0.117688 35.1
    endloop
  endfacet
  facet normal 0.999001 0.0392171 -0.0214067
    outer loop
      vertex -1.5 0 35.1
      vertex -1.49538 -0.117688 35.1
      vertex -1.79445 -0.141226 21.1
    endloop
  endfacet
  facet normal -0.90794 0.418552 -0.021407
    outer loop
      vertex 1.66298 -0.688829 21.1
      vertex 1.60381 -0.817183 21.1
      vertex 1.33651 -0.680985 35.1
    endloop
  endfacet
  facet normal 0.734149 -0.678651 -0.0214069
    outer loop
      vertex -1.06066 1.06066 35.1
      vertex -1.14061 0.974172 35.1
      vertex -1.27279 1.27279 21.1
    endloop
  endfacet
  facet normal -0.831278 0.555445 -0.021407
    outer loop
      vertex 1.53475 -0.940497 21.1
      vertex 1.45623 -1.05801 21.1
      vertex 1.27896 -0.783748 35.1
    endloop
  endfacet
  facet normal -0.980556 -0.195067 -0.0214074
    outer loop
      vertex 1.77784 0.281582 21.1
      vertex 1.48153 0.234652 35.1
      vertex 1.45855 0.350167 35.1
    endloop
  endfacet
  facet normal -0.872294 0.488514 -0.021407
    outer loop
      vertex 1.60381 -0.817183 21.1
      vertex 1.53475 -0.940497 21.1
      vertex 1.33651 -0.680985 35.1
    endloop
  endfacet
  facet normal -0.117495 0.992843 -0.0214068
    outer loop
      vertex 0.281582 -1.77784 21.1
      vertex 0.141226 -1.79445 21.1
      vertex 0.117688 -1.49538 35.1
    endloop
  endfacet
  facet normal 0.555474 -0.831258 -0.0214073
    outer loop
      vertex -0.783748 1.27896 35.1
      vertex -0.881678 1.21352 35.1
      vertex -1.05801 1.45623 21.1
    endloop
  endfacet
  facet normal 0.73413 -0.678671 -0.0214072
    outer loop
      vertex -1.27279 1.27279 21.1
      vertex -1.14061 0.974172 35.1
      vertex -1.36873 1.16901 21.1
    endloop
  endfacet
  facet normal -0.907934 0.418566 -0.0214069
    outer loop
      vertex 1.38582 -0.574024 35.1
      vertex 1.66298 -0.688829 21.1
      vertex 1.33651 -0.680985 35.1
    endloop
  endfacet
  facet normal -0.73413 0.678671 -0.0214072
    outer loop
      vertex 1.36873 -1.16901 21.1
      vertex 1.27279 -1.27279 21.1
      vertex 1.14061 -0.974172 35.1
    endloop
  endfacet
  facet normal -0.937972 0.34605 -0.0214074
    outer loop
      vertex 1.7119 -0.556231 21.1
      vertex 1.66298 -0.688829 21.1
      vertex 1.42658 -0.463525 35.1
    endloop
  endfacet
  facet normal 0.831278 -0.555445 -0.021407
    outer loop
      vertex -1.45623 1.05801 21.1
      vertex -1.27896 0.783748 35.1
      vertex -1.53475 0.940497 21.1
    endloop
  endfacet
  facet normal -0.117495 -0.992843 -0.0214068
    outer loop
      vertex 0.141226 1.79445 21.1
      vertex 0.281582 1.77784 21.1
      vertex 0.117688 1.49538 35.1
    endloop
  endfacet
  facet normal -0.345999 -0.937991 -0.0214068
    outer loop
      vertex 0.688829 1.66298 21.1
      vertex 0.574024 1.38582 35.1
      vertex 0.463525 1.42658 35.1
    endloop
  endfacet
  facet normal 0.872296 -0.488509 -0.021407
    outer loop
      vertex -1.27896 0.783748 35.1
      vertex -1.33651 0.680985 35.1
      vertex -1.53475 0.940497 21.1
    endloop
  endfacet
  facet normal -0.555445 -0.831278 -0.021407
    outer loop
      vertex 0.940497 1.53475 21.1
      vertex 1.05801 1.45623 21.1
      vertex 0.783748 1.27896 35.1
    endloop
  endfacet
  facet normal 0.34605 -0.937972 -0.0214074
    outer loop
      vertex -0.556231 1.7119 21.1
      vertex -0.463525 1.42658 35.1
      vertex -0.688829 1.66298 21.1
    endloop
  endfacet
  facet normal -0.831278 -0.555445 -0.021407
    outer loop
      vertex 1.45623 1.05801 21.1
      vertex 1.53475 0.940497 21.1
      vertex 1.27896 0.783748 35.1
    endloop
  endfacet
  facet normal -0.999 0.0392594 -0.0214071
    outer loop
      vertex 1.8 0 21.1
      vertex 1.79445 -0.141226 21.1
      vertex 1.5 0 35.1
    endloop
  endfacet
  facet normal 0.785155 -0.618929 -0.0214073
    outer loop
      vertex -1.36873 1.16901 21.1
      vertex -1.21352 0.881678 35.1
      vertex -1.45623 1.05801 21.1
    endloop
  endfacet
  facet normal -0.271376 -0.962235 -0.0214074
    outer loop
      vertex 0.556231 1.7119 21.1
      vertex 0.463525 1.42658 35.1
      vertex 0.350167 1.45855 35.1
    endloop
  endfacet
  facet normal -0.555445 0.831278 -0.021407
    outer loop
      vertex 1.05801 -1.45623 21.1
      vertex 0.940497 -1.53475 21.1
      vertex 0.783748 -1.27896 35.1
    endloop
  endfacet
  facet normal 0.999001 -0.0392171 -0.0214067
    outer loop
      vertex -1.49538 0.117688 35.1
      vertex -1.5 0 35.1
      vertex -1.79445 0.141226 21.1
    endloop
  endfacet
  facet normal -0.345999 0.937991 -0.0214068
    outer loop
      vertex 0.574024 -1.38582 35.1
      vertex 0.688829 -1.66298 21.1
      vertex 0.463525 -1.42658 35.1
    endloop
  endfacet
  facet normal -0.785163 -0.618919 -0.0214072
    outer loop
      vertex 1.36873 1.16901 21.1
      vertex 1.21352 0.881678 35.1
      vertex 1.14061 0.974172 35.1
    endloop
  endfacet
  facet normal 0.488514 -0.872294 -0.021407
    outer loop
      vertex -0.817183 1.60381 21.1
      vertex -0.680985 1.33651 35.1
      vertex -0.940497 1.53475 21.1
    endloop
  endfacet
  facet normal 0.999 -0.0392594 -0.0214071
    outer loop
      vertex -1.79445 0.141226 21.1
      vertex -1.5 0 35.1
      vertex -1.8 0 21.1
    endloop
  endfacet
  facet normal 0.555445 -0.831278 -0.021407
    outer loop
      vertex -0.940497 1.53475 21.1
      vertex -0.783748 1.27896 35.1
      vertex -1.05801 1.45623 21.1
    endloop
  endfacet
  facet normal -0.73413 -0.678671 -0.0214072
    outer loop
      vertex 1.27279 1.27279 21.1
      vertex 1.36873 1.16901 21.1
      vertex 1.14061 0.974172 35.1
    endloop
  endfacet
  facet normal 0.678651 0.734149 -0.0214069
    outer loop
      vertex -1.06066 -1.06066 35.1
      vertex -0.974172 -1.14061 35.1
      vertex -1.27279 -1.27279 21.1
    endloop
  endfacet
  facet normal -0.271376 0.962235 -0.0214074
    outer loop
      vertex 0.463525 -1.42658 35.1
      vertex 0.556231 -1.7119 21.1
      vertex 0.350167 -1.45855 35.1
    endloop
  endfacet
  facet normal 0.678651 -0.734149 -0.0214069
    outer loop
      vertex -0.974172 1.14061 35.1
      vertex -1.06066 1.06066 35.1
      vertex -1.27279 1.27279 21.1
    endloop
  endfacet
  facet normal -0.962235 -0.271376 -0.0214074
    outer loop
      vertex 1.7119 0.556231 21.1
      vertex 1.45855 0.350167 35.1
      vertex 1.42658 0.463525 35.1
    endloop
  endfacet
  facet normal 0.618929 -0.785155 -0.0214073
    outer loop
      vertex -1.05801 1.45623 21.1
      vertex -0.881678 1.21352 35.1
      vertex -1.16901 1.36873 21.1
    endloop
  endfacet
  facet normal -0.555474 -0.831258 -0.0214073
    outer loop
      vertex 1.05801 1.45623 21.1
      vertex 0.881678 1.21352 35.1
      vertex 0.783748 1.27896 35.1
    endloop
  endfacet
  facet normal 0.831258 -0.555474 -0.0214073
    outer loop
      vertex -1.21352 0.881678 35.1
      vertex -1.27896 0.783748 35.1
      vertex -1.45623 1.05801 21.1
    endloop
  endfacet
  facet normal -0.872294 -0.488514 -0.021407
    outer loop
      vertex 1.53475 0.940497 21.1
      vertex 1.60381 0.817183 21.1
      vertex 1.33651 0.680985 35.1
    endloop
  endfacet
  facet normal 0.678671 0.73413 -0.0214072
    outer loop
      vertex -0.974172 -1.14061 35.1
      vertex -1.16901 -1.36873 21.1
      vertex -1.27279 -1.27279 21.1
    endloop
  endfacet
  facet normal -0.0392594 0.999 -0.0214071
    outer loop
      vertex 0 -1.5 35.1
      vertex 0.141226 -1.79445 21.1
      vertex 0 -1.8 21.1
    endloop
  endfacet
  facet normal -0.872296 0.488509 -0.021407
    outer loop
      vertex 1.33651 -0.680985 35.1
      vertex 1.53475 -0.940497 21.1
      vertex 1.27896 -0.783748 35.1
    endloop
  endfacet
  facet normal 0.271376 -0.962235 -0.0214074
    outer loop
      vertex -0.350167 1.45855 35.1
      vertex -0.463525 1.42658 35.1
      vertex -0.556231 1.7119 21.1
    endloop
  endfacet
  facet normal -0.90794 -0.418552 -0.021407
    outer loop
      vertex 1.60381 0.817183 21.1
      vertex 1.66298 0.688829 21.1
      vertex 1.33651 0.680985 35.1
    endloop
  endfacet
  facet normal -0.195025 -0.980565 -0.0214078
    outer loop
      vertex 0.420201 1.75027 21.1
      vertex 0.350167 1.45855 35.1
      vertex 0.281582 1.77784 21.1
    endloop
  endfacet
  facet normal 0.271415 0.962224 -0.0214077
    outer loop
      vertex -0.350167 -1.45855 35.1
      vertex -0.420201 -1.75027 21.1
      vertex -0.556231 -1.7119 21.1
    endloop
  endfacet
  facet normal -0.980556 0.195067 -0.0214074
    outer loop
      vertex 1.48153 -0.234652 35.1
      vertex 1.77784 -0.281582 21.1
      vertex 1.45855 -0.350167 35.1
    endloop
  endfacet
  facet normal 0.937972 0.34605 -0.0214074
    outer loop
      vertex -1.42658 -0.463525 35.1
      vertex -1.66298 -0.688829 21.1
      vertex -1.7119 -0.556231 21.1
    endloop
  endfacet
  facet normal 0.195025 0.980565 -0.0214078
    outer loop
      vertex -0.350167 -1.45855 35.1
      vertex -0.281582 -1.77784 21.1
      vertex -0.420201 -1.75027 21.1
    endloop
  endfacet
  facet normal -0.418566 0.907934 -0.0214069
    outer loop
      vertex 0.680985 -1.33651 35.1
      vertex 0.688829 -1.66298 21.1
      vertex 0.574024 -1.38582 35.1
    endloop
  endfacet
  facet normal 0.418566 0.907934 -0.0214069
    outer loop
      vertex -0.680985 -1.33651 35.1
      vertex -0.574024 -1.38582 35.1
      vertex -0.688829 -1.66298 21.1
    endloop
  endfacet
  facet normal -0.418566 -0.907934 -0.0214069
    outer loop
      vertex 0.688829 1.66298 21.1
      vertex 0.680985 1.33651 35.1
      vertex 0.574024 1.38582 35.1
    endloop
  endfacet
  facet normal 0.418566 -0.907934 -0.0214069
    outer loop
      vertex -0.574024 1.38582 35.1
      vertex -0.680985 1.33651 35.1
      vertex -0.688829 1.66298 21.1
    endloop
  endfacet
  facet normal 0.117495 -0.992843 -0.0214068
    outer loop
      vertex -0.141226 1.79445 21.1
      vertex -0.117688 1.49538 35.1
      vertex -0.281582 1.77784 21.1
    endloop
  endfacet
  facet normal -0.0392171 0.999001 -0.0214067
    outer loop
      vertex 0.117688 -1.49538 35.1
      vertex 0.141226 -1.79445 21.1
      vertex 0 -1.5 35.1
    endloop
  endfacet
  facet normal 0.488509 0.872296 -0.021407
    outer loop
      vertex -0.783748 -1.27896 35.1
      vertex -0.680985 -1.33651 35.1
      vertex -0.940497 -1.53475 21.1
    endloop
  endfacet
  facet normal -0.992843 0.117495 -0.0214068
    outer loop
      vertex 1.79445 -0.141226 21.1
      vertex 1.77784 -0.281582 21.1
      vertex 1.49538 -0.117688 35.1
    endloop
  endfacet
  facet normal -0.999001 0.0392171 -0.0214067
    outer loop
      vertex 1.5 0 35.1
      vertex 1.79445 -0.141226 21.1
      vertex 1.49538 -0.117688 35.1
    endloop
  endfacet
  facet normal 0.555474 0.831258 -0.0214073
    outer loop
      vertex -0.881678 -1.21352 35.1
      vertex -0.783748 -1.27896 35.1
      vertex -1.05801 -1.45623 21.1
    endloop
  endfacet
  facet normal 0.999 0.0392594 -0.0214071
    outer loop
      vertex -1.5 0 35.1
      vertex -1.79445 -0.141226 21.1
      vertex -1.8 0 21.1
    endloop
  endfacet
  facet normal -0.785155 0.618929 -0.0214073
    outer loop
      vertex 1.45623 -1.05801 21.1
      vertex 1.36873 -1.16901 21.1
      vertex 1.21352 -0.881678 35.1
    endloop
  endfacet
  facet normal 0.34605 0.937972 -0.0214074
    outer loop
      vertex -0.463525 -1.42658 35.1
      vertex -0.556231 -1.7119 21.1
      vertex -0.688829 -1.66298 21.1
    endloop
  endfacet
  facet normal -0.734149 -0.678651 -0.0214069
    outer loop
      vertex 1.27279 1.27279 21.1
      vertex 1.14061 0.974172 35.1
      vertex 1.06066 1.06066 35.1
    endloop
  endfacet
  facet normal -0.488514 0.872294 -0.021407
    outer loop
      vertex 0.940497 -1.53475 21.1
      vertex 0.817183 -1.60381 21.1
      vertex 0.680985 -1.33651 35.1
    endloop
  endfacet
  facet normal 0.785163 -0.618919 -0.0214072
    outer loop
      vertex -1.14061 0.974172 35.1
      vertex -1.21352 0.881678 35.1
      vertex -1.36873 1.16901 21.1
    endloop
  endfacet
  facet normal 0.980565 0.195025 -0.0214078
    outer loop
      vertex -1.45855 -0.350167 35.1
      vertex -1.75027 -0.420201 21.1
      vertex -1.77784 -0.281582 21.1
    endloop
  endfacet
  facet normal 0.195025 -0.980565 -0.0214078
    outer loop
      vertex -0.281582 1.77784 21.1
      vertex -0.350167 1.45855 35.1
      vertex -0.420201 1.75027 21.1
    endloop
  endfacet
  facet normal 0.73413 0.678671 -0.0214072
    outer loop
      vertex -1.14061 -0.974172 35.1
      vertex -1.27279 -1.27279 21.1
      vertex -1.36873 -1.16901 21.1
    endloop
  endfacet
  facet normal -0.734149 0.678651 -0.0214069
    outer loop
      vertex 1.14061 -0.974172 35.1
      vertex 1.27279 -1.27279 21.1
      vertex 1.06066 -1.06066 35.1
    endloop
  endfacet
  facet normal 0.872294 0.488514 -0.021407
    outer loop
      vertex -1.33651 -0.680985 35.1
      vertex -1.53475 -0.940497 21.1
      vertex -1.60381 -0.817183 21.1
    endloop
  endfacet
  facet normal 0.90794 0.418552 -0.021407
    outer loop
      vertex -1.33651 -0.680985 35.1
      vertex -1.60381 -0.817183 21.1
      vertex -1.66298 -0.688829 21.1
    endloop
  endfacet
  facet normal -0.907934 -0.418566 -0.0214069
    outer loop
      vertex 1.66298 0.688829 21.1
      vertex 1.38582 0.574024 35.1
      vertex 1.33651 0.680985 35.1
    endloop
  endfacet
  facet normal -0.678651 -0.734149 -0.0214069
    outer loop
      vertex 1.27279 1.27279 21.1
      vertex 1.06066 1.06066 35.1
      vertex 0.974172 1.14061 35.1
    endloop
  endfacet
  facet normal -0.618919 -0.785163 -0.0214072
    outer loop
      vertex 1.16901 1.36873 21.1
      vertex 0.974172 1.14061 35.1
      vertex 0.881678 1.21352 35.1
    endloop
  endfacet
  facet normal -0.618919 0.785163 -0.0214072
    outer loop
      vertex 0.974172 -1.14061 35.1
      vertex 1.16901 -1.36873 21.1
      vertex 0.881678 -1.21352 35.1
    endloop
  endfacet
  facet normal -0.618929 -0.785155 -0.0214073
    outer loop
      vertex 1.05801 1.45623 21.1
      vertex 1.16901 1.36873 21.1
      vertex 0.881678 1.21352 35.1
    endloop
  endfacet
  facet normal -0.962224 -0.271415 -0.0214077
    outer loop
      vertex 1.7119 0.556231 21.1
      vertex 1.75027 0.420201 21.1
      vertex 1.45855 0.350167 35.1
    endloop
  endfacet
  facet normal 0.0392594 -0.999 -0.0214071
    outer loop
      vertex 0 1.8 21.1
      vertex 0 1.5 35.1
      vertex -0.141226 1.79445 21.1
    endloop
  endfacet
  facet normal -0.678671 0.73413 -0.0214072
    outer loop
      vertex 1.27279 -1.27279 21.1
      vertex 1.16901 -1.36873 21.1
      vertex 0.974172 -1.14061 35.1
    endloop
  endfacet
  facet normal 0.907934 -0.418566 -0.0214069
    outer loop
      vertex -1.33651 0.680985 35.1
      vertex -1.38582 0.574024 35.1
      vertex -1.66298 0.688829 21.1
    endloop
  endfacet
  facet normal 0.618919 0.785163 -0.0214072
    outer loop
      vertex -0.974172 -1.14061 35.1
      vertex -0.881678 -1.21352 35.1
      vertex -1.16901 -1.36873 21.1
    endloop
  endfacet
  facet normal 0.345999 0.937991 -0.0214068
    outer loop
      vertex -0.574024 -1.38582 35.1
      vertex -0.463525 -1.42658 35.1
      vertex -0.688829 -1.66298 21.1
    endloop
  endfacet
  facet normal 0.937991 -0.345999 -0.0214068
    outer loop
      vertex -1.38582 0.574024 35.1
      vertex -1.42658 0.463525 35.1
      vertex -1.66298 0.688829 21.1
    endloop
  endfacet
  facet normal 0.117564 -0.992835 -0.0214074
    outer loop
      vertex -0.117688 1.49538 35.1
      vertex -0.234652 1.48153 35.1
      vertex -0.281582 1.77784 21.1
    endloop
  endfacet
  facet normal 0.937972 -0.34605 -0.0214074
    outer loop
      vertex -1.66298 0.688829 21.1
      vertex -1.42658 0.463525 35.1
      vertex -1.7119 0.556231 21.1
    endloop
  endfacet
  facet normal -0.937991 0.345999 -0.0214068
    outer loop
      vertex 1.42658 -0.463525 35.1
      vertex 1.66298 -0.688829 21.1
      vertex 1.38582 -0.574024 35.1
    endloop
  endfacet
  facet normal 0.0392594 0.999 -0.0214071
    outer loop
      vertex 0 -1.5 35.1
      vertex 0 -1.8 21.1
      vertex -0.141226 -1.79445 21.1
    endloop
  endfacet
  facet normal 0.418552 -0.90794 -0.021407
    outer loop
      vertex -0.688829 1.66298 21.1
      vertex -0.680985 1.33651 35.1
      vertex -0.817183 1.60381 21.1
    endloop
  endfacet
  facet normal 0.117495 0.992843 -0.0214068
    outer loop
      vertex -0.117688 -1.49538 35.1
      vertex -0.141226 -1.79445 21.1
      vertex -0.281582 -1.77784 21.1
    endloop
  endfacet
  facet normal -0.937991 -0.345999 -0.0214068
    outer loop
      vertex 1.66298 0.688829 21.1
      vertex 1.42658 0.463525 35.1
      vertex 1.38582 0.574024 35.1
    endloop
  endfacet
  facet normal 0.618929 0.785155 -0.0214073
    outer loop
      vertex -0.881678 -1.21352 35.1
      vertex -1.05801 -1.45623 21.1
      vertex -1.16901 -1.36873 21.1
    endloop
  endfacet
  facet normal -0.992835 -0.117564 -0.0214074
    outer loop
      vertex 1.77784 0.281582 21.1
      vertex 1.49538 0.117688 35.1
      vertex 1.48153 0.234652 35.1
    endloop
  endfacet
  facet normal -0.980565 -0.195025 -0.0214078
    outer loop
      vertex 1.75027 0.420201 21.1
      vertex 1.77784 0.281582 21.1
      vertex 1.45855 0.350167 35.1
    endloop
  endfacet
  facet normal 0.678671 -0.73413 -0.0214072
    outer loop
      vertex -1.16901 1.36873 21.1
      vertex -0.974172 1.14061 35.1
      vertex -1.27279 1.27279 21.1
    endloop
  endfacet
  facet normal -0.992835 0.117564 -0.0214074
    outer loop
      vertex 1.49538 -0.117688 35.1
      vertex 1.77784 -0.281582 21.1
      vertex 1.48153 -0.234652 35.1
    endloop
  endfacet
  facet normal 0.992835 0.117564 -0.0214074
    outer loop
      vertex -1.49538 -0.117688 35.1
      vertex -1.48153 -0.234652 35.1
      vertex -1.77784 -0.281582 21.1
    endloop
  endfacet
  facet normal 0.418552 0.90794 -0.021407
    outer loop
      vertex -0.680985 -1.33651 35.1
      vertex -0.688829 -1.66298 21.1
      vertex -0.817183 -1.60381 21.1
    endloop
  endfacet
  facet normal 0.488514 0.872294 -0.021407
    outer loop
      vertex -0.680985 -1.33651 35.1
      vertex -0.817183 -1.60381 21.1
      vertex -0.940497 -1.53475 21.1
    endloop
  endfacet
  facet normal -0.271415 -0.962224 -0.0214077
    outer loop
      vertex 0.420201 1.75027 21.1
      vertex 0.556231 1.7119 21.1
      vertex 0.350167 1.45855 35.1
    endloop
  endfacet
  facet normal -0.195067 -0.980556 -0.0214074
    outer loop
      vertex 0.281582 1.77784 21.1
      vertex 0.350167 1.45855 35.1
      vertex 0.234652 1.48153 35.1
    endloop
  endfacet
  facet normal 0.785155 0.618929 -0.0214073
    outer loop
      vertex -1.21352 -0.881678 35.1
      vertex -1.36873 -1.16901 21.1
      vertex -1.45623 -1.05801 21.1
    endloop
  endfacet
  facet normal 0.0392171 -0.999001 -0.0214067
    outer loop
      vertex 0 1.5 35.1
      vertex -0.117688 1.49538 35.1
      vertex -0.141226 1.79445 21.1
    endloop
  endfacet
  facet normal -0.117564 -0.992835 -0.0214074
    outer loop
      vertex 0.281582 1.77784 21.1
      vertex 0.234652 1.48153 35.1
      vertex 0.117688 1.49538 35.1
    endloop
  endfacet
  facet normal -0.0392171 -0.999001 -0.0214067
    outer loop
      vertex 0.141226 1.79445 21.1
      vertex 0.117688 1.49538 35.1
      vertex 0 1.5 35.1
    endloop
  endfacet
  facet normal -0.488514 -0.872294 -0.021407
    outer loop
      vertex 0.817183 1.60381 21.1
      vertex 0.940497 1.53475 21.1
      vertex 0.680985 1.33651 35.1
    endloop
  endfacet
  facet normal 0.271415 -0.962224 -0.0214077
    outer loop
      vertex -0.420201 1.75027 21.1
      vertex -0.350167 1.45855 35.1
      vertex -0.556231 1.7119 21.1
    endloop
  endfacet
  facet normal 0.962224 -0.271415 -0.0214077
    outer loop
      vertex -1.7119 0.556231 21.1
      vertex -1.45855 0.350167 35.1
      vertex -1.75027 0.420201 21.1
    endloop
  endfacet
  facet normal 0.195067 -0.980556 -0.0214074
    outer loop
      vertex -0.281582 1.77784 21.1
      vertex -0.234652 1.48153 35.1
      vertex -0.350167 1.45855 35.1
    endloop
  endfacet
  facet normal -0.34605 0.937972 -0.0214074
    outer loop
      vertex 0.688829 -1.66298 21.1
      vertex 0.556231 -1.7119 21.1
      vertex 0.463525 -1.42658 35.1
    endloop
  endfacet
  facet normal -0.555474 0.831258 -0.0214073
    outer loop
      vertex 0.881678 -1.21352 35.1
      vertex 1.05801 -1.45623 21.1
      vertex 0.783748 -1.27896 35.1
    endloop
  endfacet
  facet normal 0.345999 -0.937991 -0.0214068
    outer loop
      vertex -0.463525 1.42658 35.1
      vertex -0.574024 1.38582 35.1
      vertex -0.688829 1.66298 21.1
    endloop
  endfacet
  facet normal 0.980565 -0.195025 -0.0214078
    outer loop
      vertex -1.75027 0.420201 21.1
      vertex -1.45855 0.350167 35.1
      vertex -1.77784 0.281582 21.1
    endloop
  endfacet
  facet normal 0.980556 -0.195067 -0.0214074
    outer loop
      vertex -1.45855 0.350167 35.1
      vertex -1.48153 0.234652 35.1
      vertex -1.77784 0.281582 21.1
    endloop
  endfacet
  facet normal 0.117564 0.992835 -0.0214074
    outer loop
      vertex -0.234652 -1.48153 35.1
      vertex -0.117688 -1.49538 35.1
      vertex -0.281582 -1.77784 21.1
    endloop
  endfacet
  facet normal 0.980556 0.195067 -0.0214074
    outer loop
      vertex -1.48153 -0.234652 35.1
      vertex -1.45855 -0.350167 35.1
      vertex -1.77784 -0.281582 21.1
    endloop
  endfacet
  facet normal 0.992843 0.117495 -0.0214068
    outer loop
      vertex -1.49538 -0.117688 35.1
      vertex -1.77784 -0.281582 21.1
      vertex -1.79445 -0.141226 21.1
    endloop
  endfacet
  facet normal -0.195067 0.980556 -0.0214074
    outer loop
      vertex 0.350167 -1.45855 35.1
      vertex 0.281582 -1.77784 21.1
      vertex 0.234652 -1.48153 35.1
    endloop
  endfacet
  facet normal -0.785155 -0.618929 -0.0214073
    outer loop
      vertex 1.36873 1.16901 21.1
      vertex 1.45623 1.05801 21.1
      vertex 1.21352 0.881678 35.1
    endloop
  endfacet
  facet normal 0.831258 0.555474 -0.0214073
    outer loop
      vertex -1.27896 -0.783748 35.1
      vertex -1.21352 -0.881678 35.1
      vertex -1.45623 -1.05801 21.1
    endloop
  endfacet
  facet normal 0.962235 0.271376 -0.0214074
    outer loop
      vertex -1.45855 -0.350167 35.1
      vertex -1.42658 -0.463525 35.1
      vertex -1.7119 -0.556231 21.1
    endloop
  endfacet
  facet normal 0.872294 -0.488514 -0.021407
    outer loop
      vertex -1.53475 0.940497 21.1
      vertex -1.33651 0.680985 35.1
      vertex -1.60381 0.817183 21.1
    endloop
  endfacet
  facet normal 0.872296 0.488509 -0.021407
    outer loop
      vertex -1.33651 -0.680985 35.1
      vertex -1.27896 -0.783748 35.1
      vertex -1.53475 -0.940497 21.1
    endloop
  endfacet
  facet normal 0.195067 0.980556 -0.0214074
    outer loop
      vertex -0.234652 -1.48153 35.1
      vertex -0.281582 -1.77784 21.1
      vertex -0.350167 -1.45855 35.1
    endloop
  endfacet
  facet normal -0.418552 -0.90794 -0.021407
    outer loop
      vertex 0.688829 1.66298 21.1
      vertex 0.817183 1.60381 21.1
      vertex 0.680985 1.33651 35.1
    endloop
  endfacet
  facet normal -0.488509 -0.872296 -0.021407
    outer loop
      vertex 0.940497 1.53475 21.1
      vertex 0.783748 1.27896 35.1
      vertex 0.680985 1.33651 35.1
    endloop
  endfacet
  facet normal 0.618919 -0.785163 -0.0214072
    outer loop
      vertex -0.881678 1.21352 35.1
      vertex -0.974172 1.14061 35.1
      vertex -1.16901 1.36873 21.1
    endloop
  endfacet
  facet normal -0.488509 0.872296 -0.021407
    outer loop
      vertex 0.783748 -1.27896 35.1
      vertex 0.940497 -1.53475 21.1
      vertex 0.680985 -1.33651 35.1
    endloop
  endfacet
  facet normal -0.831258 -0.555474 -0.0214073
    outer loop
      vertex 1.45623 1.05801 21.1
      vertex 1.27896 0.783748 35.1
      vertex 1.21352 0.881678 35.1
    endloop
  endfacet
  facet normal -0.999001 -0.0392171 -0.0214067
    outer loop
      vertex 1.79445 0.141226 21.1
      vertex 1.5 0 35.1
      vertex 1.49538 0.117688 35.1
    endloop
  endfacet
  facet normal -0.962224 0.271415 -0.0214077
    outer loop
      vertex 1.75027 -0.420201 21.1
      vertex 1.7119 -0.556231 21.1
      vertex 1.45855 -0.350167 35.1
    endloop
  endfacet
  facet normal 0.785163 0.618919 -0.0214072
    outer loop
      vertex -1.21352 -0.881678 35.1
      vertex -1.14061 -0.974172 35.1
      vertex -1.36873 -1.16901 21.1
    endloop
  endfacet
  facet normal 0.90794 -0.418552 -0.021407
    outer loop
      vertex -1.60381 0.817183 21.1
      vertex -1.33651 0.680985 35.1
      vertex -1.66298 0.688829 21.1
    endloop
  endfacet
  facet normal 0.555445 0.831278 -0.021407
    outer loop
      vertex -0.783748 -1.27896 35.1
      vertex -0.940497 -1.53475 21.1
      vertex -1.05801 -1.45623 21.1
    endloop
  endfacet
  facet normal 0.831278 0.555445 -0.021407
    outer loop
      vertex -1.27896 -0.783748 35.1
      vertex -1.45623 -1.05801 21.1
      vertex -1.53475 -0.940497 21.1
    endloop
  endfacet
  facet normal 0.0392171 0.999001 -0.0214067
    outer loop
      vertex -0.117688 -1.49538 35.1
      vertex 0 -1.5 35.1
      vertex -0.141226 -1.79445 21.1
    endloop
  endfacet
  facet normal -0.962235 0.271376 -0.0214074
    outer loop
      vertex 1.45855 -0.350167 35.1
      vertex 1.7119 -0.556231 21.1
      vertex 1.42658 -0.463525 35.1
    endloop
  endfacet
  facet normal -0.872296 -0.488509 -0.021407
    outer loop
      vertex 1.53475 0.940497 21.1
      vertex 1.33651 0.680985 35.1
      vertex 1.27896 0.783748 35.1
    endloop
  endfacet
  facet normal -0.418552 0.90794 -0.021407
    outer loop
      vertex 0.817183 -1.60381 21.1
      vertex 0.688829 -1.66298 21.1
      vertex 0.680985 -1.33651 35.1
    endloop
  endfacet
  facet normal 0.271376 0.962235 -0.0214074
    outer loop
      vertex -0.463525 -1.42658 35.1
      vertex -0.350167 -1.45855 35.1
      vertex -0.556231 -1.7119 21.1
    endloop
  endfacet
  facet normal -0.618929 0.785155 -0.0214073
    outer loop
      vertex 1.16901 -1.36873 21.1
      vertex 1.05801 -1.45623 21.1
      vertex 0.881678 -1.21352 35.1
    endloop
  endfacet
  facet normal -0.831258 0.555474 -0.0214073
    outer loop
      vertex 1.27896 -0.783748 35.1
      vertex 1.45623 -1.05801 21.1
      vertex 1.21352 -0.881678 35.1
    endloop
  endfacet
  facet normal -0.195025 0.980565 -0.0214078
    outer loop
      vertex 0.350167 -1.45855 35.1
      vertex 0.420201 -1.75027 21.1
      vertex 0.281582 -1.77784 21.1
    endloop
  endfacet
  facet normal 0.555601 0.831449 -0
    outer loop
      vertex -0.783748 -1.27896 35.1
      vertex -0.881678 -1.21352 39.6
      vertex -0.783748 -1.27896 39.6
    endloop
  endfacet
  facet normal 0.555601 0.831449 0
    outer loop
      vertex -0.881678 -1.21352 39.6
      vertex -0.783748 -1.27896 35.1
      vertex -0.881678 -1.21352 35.1
    endloop
  endfacet
  facet normal -0.993062 -0.117591 0
    outer loop
      vertex 1.49538 0.117688 35.1
      vertex 1.48153 0.234652 39.6
      vertex 1.48153 0.234652 35.1
    endloop
  endfacet
  facet normal -0.993062 -0.117591 0
    outer loop
      vertex 1.48153 0.234652 39.6
      vertex 1.49538 0.117688 35.1
      vertex 1.49538 0.117688 39.6
    endloop
  endfacet
  facet normal -0.99923 -0.0392261 0
    outer loop
      vertex 1.5 0 35.1
      vertex 1.49538 0.117688 39.6
      vertex 1.49538 0.117688 35.1
    endloop
  endfacet
  facet normal -0.99923 -0.0392261 0
    outer loop
      vertex 1.49538 0.117688 39.6
      vertex 1.5 0 35.1
      vertex 1.5 0 39.6
    endloop
  endfacet
  facet normal 0.488621 0.872496 -0
    outer loop
      vertex -0.680985 -1.33651 35.1
      vertex -0.783748 -1.27896 39.6
      vertex -0.680985 -1.33651 39.6
    endloop
  endfacet
  facet normal 0.488621 0.872496 0
    outer loop
      vertex -0.783748 -1.27896 39.6
      vertex -0.680985 -1.33651 35.1
      vertex -0.783748 -1.27896 35.1
    endloop
  endfacet
  facet normal 0.117591 0.993062 -0
    outer loop
      vertex -0.117688 -1.49538 35.1
      vertex -0.234652 -1.48153 39.6
      vertex -0.117688 -1.49538 39.6
    endloop
  endfacet
  facet normal 0.117591 0.993062 0
    outer loop
      vertex -0.234652 -1.48153 39.6
      vertex -0.117688 -1.49538 35.1
      vertex -0.234652 -1.48153 35.1
    endloop
  endfacet
  facet normal -0.734317 0.678807 0
    outer loop
      vertex 1.06066 -1.06066 35.1
      vertex 1.14061 -0.974172 39.6
      vertex 1.14061 -0.974172 35.1
    endloop
  endfacet
  facet normal -0.734317 0.678807 0
    outer loop
      vertex 1.14061 -0.974172 39.6
      vertex 1.06066 -1.06066 35.1
      vertex 1.06066 -1.06066 39.6
    endloop
  endfacet
  facet normal -0.117591 -0.993062 0
    outer loop
      vertex 0.117688 1.49538 35.1
      vertex 0.234652 1.48153 39.6
      vertex 0.117688 1.49538 39.6
    endloop
  endfacet
  facet normal -0.117591 -0.993062 -0
    outer loop
      vertex 0.234652 1.48153 39.6
      vertex 0.117688 1.49538 35.1
      vertex 0.234652 1.48153 35.1
    endloop
  endfacet
  facet normal -0.195112 0.980781 0
    outer loop
      vertex 0.350167 -1.45855 35.1
      vertex 0.234652 -1.48153 39.6
      vertex 0.350167 -1.45855 39.6
    endloop
  endfacet
  facet normal -0.195112 0.980781 0
    outer loop
      vertex 0.234652 -1.48153 39.6
      vertex 0.350167 -1.45855 35.1
      vertex 0.234652 -1.48153 35.1
    endloop
  endfacet
  facet normal 0.678807 -0.734317 0
    outer loop
      vertex -1.06066 1.06066 35.1
      vertex -0.974172 1.14061 39.6
      vertex -1.06066 1.06066 39.6
    endloop
  endfacet
  facet normal 0.678807 -0.734317 0
    outer loop
      vertex -0.974172 1.14061 39.6
      vertex -1.06066 1.06066 35.1
      vertex -0.974172 1.14061 35.1
    endloop
  endfacet
  facet normal 0.61906 0.785343 -0
    outer loop
      vertex -0.881678 -1.21352 35.1
      vertex -0.974172 -1.14061 39.6
      vertex -0.881678 -1.21352 39.6
    endloop
  endfacet
  facet normal 0.61906 0.785343 0
    outer loop
      vertex -0.974172 -1.14061 39.6
      vertex -0.881678 -1.21352 35.1
      vertex -0.974172 -1.14061 35.1
    endloop
  endfacet
  facet normal -0.962456 -0.271438 0
    outer loop
      vertex 1.45855 0.350167 35.1
      vertex 1.42658 0.463525 39.6
      vertex 1.42658 0.463525 35.1
    endloop
  endfacet
  facet normal -0.962456 -0.271438 0
    outer loop
      vertex 1.42658 0.463525 39.6
      vertex 1.45855 0.350167 35.1
      vertex 1.45855 0.350167 39.6
    endloop
  endfacet
  facet normal 0.346078 -0.938206 0
    outer loop
      vertex -0.574024 1.38582 35.1
      vertex -0.463525 1.42658 39.6
      vertex -0.574024 1.38582 39.6
    endloop
  endfacet
  facet normal 0.346078 -0.938206 0
    outer loop
      vertex -0.463525 1.42658 39.6
      vertex -0.574024 1.38582 35.1
      vertex -0.463525 1.42658 35.1
    endloop
  endfacet
  facet normal -0.785343 0.61906 0
    outer loop
      vertex 1.14061 -0.974172 35.1
      vertex 1.21352 -0.881678 39.6
      vertex 1.21352 -0.881678 35.1
    endloop
  endfacet
  facet normal -0.785343 0.61906 0
    outer loop
      vertex 1.21352 -0.881678 39.6
      vertex 1.14061 -0.974172 35.1
      vertex 1.14061 -0.974172 39.6
    endloop
  endfacet
  facet normal -0.962456 0.271438 0
    outer loop
      vertex 1.42658 -0.463525 35.1
      vertex 1.45855 -0.350167 39.6
      vertex 1.45855 -0.350167 35.1
    endloop
  endfacet
  facet normal -0.962456 0.271438 0
    outer loop
      vertex 1.45855 -0.350167 39.6
      vertex 1.42658 -0.463525 35.1
      vertex 1.42658 -0.463525 39.6
    endloop
  endfacet
  facet normal -0.0392261 0.99923 0
    outer loop
      vertex 0.117688 -1.49538 35.1
      vertex 0 -1.5 39.6
      vertex 0.117688 -1.49538 39.6
    endloop
  endfacet
  facet normal -0.0392261 0.99923 0
    outer loop
      vertex 0 -1.5 39.6
      vertex 0.117688 -1.49538 35.1
      vertex 0 -1.5 35.1
    endloop
  endfacet
  facet normal 0.993062 0.117591 0
    outer loop
      vertex -1.48153 -0.234652 39.6
      vertex -1.49538 -0.117688 35.1
      vertex -1.49538 -0.117688 39.6
    endloop
  endfacet
  facet normal 0.993062 0.117591 0
    outer loop
      vertex -1.49538 -0.117688 35.1
      vertex -1.48153 -0.234652 39.6
      vertex -1.48153 -0.234652 35.1
    endloop
  endfacet
  facet normal 0.785343 0.61906 0
    outer loop
      vertex -1.14061 -0.974172 39.6
      vertex -1.21352 -0.881678 35.1
      vertex -1.21352 -0.881678 39.6
    endloop
  endfacet
  facet normal 0.785343 0.61906 0
    outer loop
      vertex -1.21352 -0.881678 35.1
      vertex -1.14061 -0.974172 39.6
      vertex -1.14061 -0.974172 35.1
    endloop
  endfacet
  facet normal -0.938206 0.346078 0
    outer loop
      vertex 1.38582 -0.574024 35.1
      vertex 1.42658 -0.463525 39.6
      vertex 1.42658 -0.463525 35.1
    endloop
  endfacet
  facet normal -0.938206 0.346078 0
    outer loop
      vertex 1.42658 -0.463525 39.6
      vertex 1.38582 -0.574024 35.1
      vertex 1.38582 -0.574024 39.6
    endloop
  endfacet
  facet normal -0.938206 -0.346078 0
    outer loop
      vertex 1.42658 0.463525 35.1
      vertex 1.38582 0.574024 39.6
      vertex 1.38582 0.574024 35.1
    endloop
  endfacet
  facet normal -0.938206 -0.346078 0
    outer loop
      vertex 1.38582 0.574024 39.6
      vertex 1.42658 0.463525 35.1
      vertex 1.42658 0.463525 39.6
    endloop
  endfacet
  facet normal -0.488621 -0.872496 0
    outer loop
      vertex 0.680985 1.33651 35.1
      vertex 0.783748 1.27896 39.6
      vertex 0.680985 1.33651 39.6
    endloop
  endfacet
  facet normal -0.488621 -0.872496 -0
    outer loop
      vertex 0.783748 1.27896 39.6
      vertex 0.680985 1.33651 35.1
      vertex 0.783748 1.27896 35.1
    endloop
  endfacet
  facet normal -0.61906 -0.785343 0
    outer loop
      vertex 0.881678 1.21352 35.1
      vertex 0.974172 1.14061 39.6
      vertex 0.881678 1.21352 39.6
    endloop
  endfacet
  facet normal -0.61906 -0.785343 -0
    outer loop
      vertex 0.974172 1.14061 39.6
      vertex 0.881678 1.21352 35.1
      vertex 0.974172 1.14061 35.1
    endloop
  endfacet
  facet normal -0.555601 -0.831449 0
    outer loop
      vertex 0.783748 1.27896 35.1
      vertex 0.881678 1.21352 39.6
      vertex 0.783748 1.27896 39.6
    endloop
  endfacet
  facet normal -0.555601 -0.831449 -0
    outer loop
      vertex 0.881678 1.21352 39.6
      vertex 0.783748 1.27896 35.1
      vertex 0.881678 1.21352 35.1
    endloop
  endfacet
  facet normal 0.346078 0.938206 -0
    outer loop
      vertex -0.463525 -1.42658 35.1
      vertex -0.574024 -1.38582 39.6
      vertex -0.463525 -1.42658 39.6
    endloop
  endfacet
  facet normal 0.346078 0.938206 0
    outer loop
      vertex -0.574024 -1.38582 39.6
      vertex -0.463525 -1.42658 35.1
      vertex -0.574024 -1.38582 35.1
    endloop
  endfacet
  facet normal -0.734317 -0.678807 0
    outer loop
      vertex 1.14061 0.974172 35.1
      vertex 1.06066 1.06066 39.6
      vertex 1.06066 1.06066 35.1
    endloop
  endfacet
  facet normal -0.734317 -0.678807 0
    outer loop
      vertex 1.06066 1.06066 39.6
      vertex 1.14061 0.974172 35.1
      vertex 1.14061 0.974172 39.6
    endloop
  endfacet
  facet normal 0.418662 -0.908142 0
    outer loop
      vertex -0.680985 1.33651 35.1
      vertex -0.574024 1.38582 39.6
      vertex -0.680985 1.33651 39.6
    endloop
  endfacet
  facet normal 0.418662 -0.908142 0
    outer loop
      vertex -0.574024 1.38582 39.6
      vertex -0.680985 1.33651 35.1
      vertex -0.574024 1.38582 35.1
    endloop
  endfacet
  facet normal -0.271438 -0.962456 0
    outer loop
      vertex 0.350167 1.45855 35.1
      vertex 0.463525 1.42658 39.6
      vertex 0.350167 1.45855 39.6
    endloop
  endfacet
  facet normal -0.271438 -0.962456 -0
    outer loop
      vertex 0.463525 1.42658 39.6
      vertex 0.350167 1.45855 35.1
      vertex 0.463525 1.42658 35.1
    endloop
  endfacet
  facet normal 0.908142 0.418662 0
    outer loop
      vertex -1.33651 -0.680985 39.6
      vertex -1.38582 -0.574024 35.1
      vertex -1.38582 -0.574024 39.6
    endloop
  endfacet
  facet normal 0.908142 0.418662 0
    outer loop
      vertex -1.38582 -0.574024 35.1
      vertex -1.33651 -0.680985 39.6
      vertex -1.33651 -0.680985 35.1
    endloop
  endfacet
  facet normal 0.938206 0.346078 0
    outer loop
      vertex -1.38582 -0.574024 39.6
      vertex -1.42658 -0.463525 35.1
      vertex -1.42658 -0.463525 39.6
    endloop
  endfacet
  facet normal 0.938206 0.346078 0
    outer loop
      vertex -1.42658 -0.463525 35.1
      vertex -1.38582 -0.574024 39.6
      vertex -1.38582 -0.574024 35.1
    endloop
  endfacet
  facet normal -0.785343 -0.61906 0
    outer loop
      vertex 1.21352 0.881678 35.1
      vertex 1.14061 0.974172 39.6
      vertex 1.14061 0.974172 35.1
    endloop
  endfacet
  facet normal -0.785343 -0.61906 0
    outer loop
      vertex 1.14061 0.974172 39.6
      vertex 1.21352 0.881678 35.1
      vertex 1.21352 0.881678 39.6
    endloop
  endfacet
  facet normal -0.980781 -0.195112 0
    outer loop
      vertex 1.48153 0.234652 35.1
      vertex 1.45855 0.350167 39.6
      vertex 1.45855 0.350167 35.1
    endloop
  endfacet
  facet normal -0.980781 -0.195112 0
    outer loop
      vertex 1.45855 0.350167 39.6
      vertex 1.48153 0.234652 35.1
      vertex 1.48153 0.234652 39.6
    endloop
  endfacet
  facet normal -0.488621 0.872496 0
    outer loop
      vertex 0.783748 -1.27896 35.1
      vertex 0.680985 -1.33651 39.6
      vertex 0.783748 -1.27896 39.6
    endloop
  endfacet
  facet normal -0.488621 0.872496 0
    outer loop
      vertex 0.680985 -1.33651 39.6
      vertex 0.783748 -1.27896 35.1
      vertex 0.680985 -1.33651 35.1
    endloop
  endfacet
  facet normal 0.0392261 -0.99923 0
    outer loop
      vertex -0.117688 1.49538 35.1
      vertex 0 1.5 39.6
      vertex -0.117688 1.49538 39.6
    endloop
  endfacet
  facet normal 0.0392261 -0.99923 0
    outer loop
      vertex 0 1.5 39.6
      vertex -0.117688 1.49538 35.1
      vertex 0 1.5 35.1
    endloop
  endfacet
  facet normal 0.938206 -0.346078 0
    outer loop
      vertex -1.42658 0.463525 39.6
      vertex -1.38582 0.574024 35.1
      vertex -1.38582 0.574024 39.6
    endloop
  endfacet
  facet normal 0.938206 -0.346078 0
    outer loop
      vertex -1.38582 0.574024 35.1
      vertex -1.42658 0.463525 39.6
      vertex -1.42658 0.463525 35.1
    endloop
  endfacet
  facet normal -0.980781 0.195112 0
    outer loop
      vertex 1.45855 -0.350167 35.1
      vertex 1.48153 -0.234652 39.6
      vertex 1.48153 -0.234652 35.1
    endloop
  endfacet
  facet normal -0.980781 0.195112 0
    outer loop
      vertex 1.48153 -0.234652 39.6
      vertex 1.45855 -0.350167 35.1
      vertex 1.45855 -0.350167 39.6
    endloop
  endfacet
  facet normal -0.346078 -0.938206 0
    outer loop
      vertex 0.463525 1.42658 35.1
      vertex 0.574024 1.38582 39.6
      vertex 0.463525 1.42658 39.6
    endloop
  endfacet
  facet normal -0.346078 -0.938206 -0
    outer loop
      vertex 0.574024 1.38582 39.6
      vertex 0.463525 1.42658 35.1
      vertex 0.574024 1.38582 35.1
    endloop
  endfacet
  facet normal -0.117591 0.993062 0
    outer loop
      vertex 0.234652 -1.48153 35.1
      vertex 0.117688 -1.49538 39.6
      vertex 0.234652 -1.48153 39.6
    endloop
  endfacet
  facet normal -0.117591 0.993062 0
    outer loop
      vertex 0.117688 -1.49538 39.6
      vertex 0.234652 -1.48153 35.1
      vertex 0.117688 -1.49538 35.1
    endloop
  endfacet
  facet normal 0.962456 -0.271438 0
    outer loop
      vertex -1.45855 0.350167 39.6
      vertex -1.42658 0.463525 35.1
      vertex -1.42658 0.463525 39.6
    endloop
  endfacet
  facet normal 0.962456 -0.271438 0
    outer loop
      vertex -1.42658 0.463525 35.1
      vertex -1.45855 0.350167 39.6
      vertex -1.45855 0.350167 35.1
    endloop
  endfacet
  facet normal -0.831449 0.555601 0
    outer loop
      vertex 1.21352 -0.881678 35.1
      vertex 1.27896 -0.783748 39.6
      vertex 1.27896 -0.783748 35.1
    endloop
  endfacet
  facet normal -0.831449 0.555601 0
    outer loop
      vertex 1.27896 -0.783748 39.6
      vertex 1.21352 -0.881678 35.1
      vertex 1.21352 -0.881678 39.6
    endloop
  endfacet
  facet normal -0.993062 0.117591 0
    outer loop
      vertex 1.48153 -0.234652 35.1
      vertex 1.49538 -0.117688 39.6
      vertex 1.49538 -0.117688 35.1
    endloop
  endfacet
  facet normal -0.993062 0.117591 0
    outer loop
      vertex 1.49538 -0.117688 39.6
      vertex 1.48153 -0.234652 35.1
      vertex 1.48153 -0.234652 39.6
    endloop
  endfacet
  facet normal -0.61906 0.785343 0
    outer loop
      vertex 0.974172 -1.14061 35.1
      vertex 0.881678 -1.21352 39.6
      vertex 0.974172 -1.14061 39.6
    endloop
  endfacet
  facet normal -0.61906 0.785343 0
    outer loop
      vertex 0.881678 -1.21352 39.6
      vertex 0.974172 -1.14061 35.1
      vertex 0.881678 -1.21352 35.1
    endloop
  endfacet
  facet normal 0.271438 -0.962456 0
    outer loop
      vertex -0.463525 1.42658 35.1
      vertex -0.350167 1.45855 39.6
      vertex -0.463525 1.42658 39.6
    endloop
  endfacet
  facet normal 0.271438 -0.962456 0
    outer loop
      vertex -0.350167 1.45855 39.6
      vertex -0.463525 1.42658 35.1
      vertex -0.350167 1.45855 35.1
    endloop
  endfacet
  facet normal 0.785343 -0.61906 0
    outer loop
      vertex -1.21352 0.881678 39.6
      vertex -1.14061 0.974172 35.1
      vertex -1.14061 0.974172 39.6
    endloop
  endfacet
  facet normal 0.785343 -0.61906 0
    outer loop
      vertex -1.14061 0.974172 35.1
      vertex -1.21352 0.881678 39.6
      vertex -1.21352 0.881678 35.1
    endloop
  endfacet
  facet normal -0.0392261 -0.99923 0
    outer loop
      vertex 0 1.5 35.1
      vertex 0.117688 1.49538 39.6
      vertex 0 1.5 39.6
    endloop
  endfacet
  facet normal -0.0392261 -0.99923 -0
    outer loop
      vertex 0.117688 1.49538 39.6
      vertex 0 1.5 35.1
      vertex 0.117688 1.49538 35.1
    endloop
  endfacet
  facet normal -0.908142 -0.418662 0
    outer loop
      vertex 1.38582 0.574024 35.1
      vertex 1.33651 0.680985 39.6
      vertex 1.33651 0.680985 35.1
    endloop
  endfacet
  facet normal -0.908142 -0.418662 0
    outer loop
      vertex 1.33651 0.680985 39.6
      vertex 1.38582 0.574024 35.1
      vertex 1.38582 0.574024 39.6
    endloop
  endfacet
  facet normal -0.99923 0.0392261 0
    outer loop
      vertex 1.49538 -0.117688 35.1
      vertex 1.5 0 39.6
      vertex 1.5 0 35.1
    endloop
  endfacet
  facet normal -0.99923 0.0392261 0
    outer loop
      vertex 1.5 0 39.6
      vertex 1.49538 -0.117688 35.1
      vertex 1.49538 -0.117688 39.6
    endloop
  endfacet
  facet normal -0.872496 -0.488621 0
    outer loop
      vertex 1.33651 0.680985 35.1
      vertex 1.27896 0.783748 39.6
      vertex 1.27896 0.783748 35.1
    endloop
  endfacet
  facet normal -0.872496 -0.488621 0
    outer loop
      vertex 1.27896 0.783748 39.6
      vertex 1.33651 0.680985 35.1
      vertex 1.33651 0.680985 39.6
    endloop
  endfacet
  facet normal 0.195112 -0.980781 0
    outer loop
      vertex -0.350167 1.45855 35.1
      vertex -0.234652 1.48153 39.6
      vertex -0.350167 1.45855 39.6
    endloop
  endfacet
  facet normal 0.195112 -0.980781 0
    outer loop
      vertex -0.234652 1.48153 39.6
      vertex -0.350167 1.45855 35.1
      vertex -0.234652 1.48153 35.1
    endloop
  endfacet
  facet normal 0.99923 -0.0392261 0
    outer loop
      vertex -1.5 0 39.6
      vertex -1.49538 0.117688 35.1
      vertex -1.49538 0.117688 39.6
    endloop
  endfacet
  facet normal 0.99923 -0.0392261 0
    outer loop
      vertex -1.49538 0.117688 35.1
      vertex -1.5 0 39.6
      vertex -1.5 0 35.1
    endloop
  endfacet
  facet normal -0.271438 0.962456 0
    outer loop
      vertex 0.463525 -1.42658 35.1
      vertex 0.350167 -1.45855 39.6
      vertex 0.463525 -1.42658 39.6
    endloop
  endfacet
  facet normal -0.271438 0.962456 0
    outer loop
      vertex 0.350167 -1.45855 39.6
      vertex 0.463525 -1.42658 35.1
      vertex 0.350167 -1.45855 35.1
    endloop
  endfacet
  facet normal 0.831449 -0.555601 0
    outer loop
      vertex -1.27896 0.783748 39.6
      vertex -1.21352 0.881678 35.1
      vertex -1.21352 0.881678 39.6
    endloop
  endfacet
  facet normal 0.831449 -0.555601 0
    outer loop
      vertex -1.21352 0.881678 35.1
      vertex -1.27896 0.783748 39.6
      vertex -1.27896 0.783748 35.1
    endloop
  endfacet
  facet normal 0.872496 -0.488621 0
    outer loop
      vertex -1.33651 0.680985 39.6
      vertex -1.27896 0.783748 35.1
      vertex -1.27896 0.783748 39.6
    endloop
  endfacet
  facet normal 0.872496 -0.488621 0
    outer loop
      vertex -1.27896 0.783748 35.1
      vertex -1.33651 0.680985 39.6
      vertex -1.33651 0.680985 35.1
    endloop
  endfacet
  facet normal 0.734317 -0.678807 0
    outer loop
      vertex -1.14061 0.974172 39.6
      vertex -1.06066 1.06066 35.1
      vertex -1.06066 1.06066 39.6
    endloop
  endfacet
  facet normal 0.734317 -0.678807 0
    outer loop
      vertex -1.06066 1.06066 35.1
      vertex -1.14061 0.974172 39.6
      vertex -1.14061 0.974172 35.1
    endloop
  endfacet
  facet normal 0.980781 0.195112 0
    outer loop
      vertex -1.45855 -0.350167 39.6
      vertex -1.48153 -0.234652 35.1
      vertex -1.48153 -0.234652 39.6
    endloop
  endfacet
  facet normal 0.980781 0.195112 0
    outer loop
      vertex -1.48153 -0.234652 35.1
      vertex -1.45855 -0.350167 39.6
      vertex -1.45855 -0.350167 35.1
    endloop
  endfacet
  facet normal 0.99923 0.0392261 0
    outer loop
      vertex -1.49538 -0.117688 39.6
      vertex -1.5 0 35.1
      vertex -1.5 0 39.6
    endloop
  endfacet
  facet normal 0.99923 0.0392261 0
    outer loop
      vertex -1.5 0 35.1
      vertex -1.49538 -0.117688 39.6
      vertex -1.49538 -0.117688 35.1
    endloop
  endfacet
  facet normal -0.418662 0.908142 0
    outer loop
      vertex 0.680985 -1.33651 35.1
      vertex 0.574024 -1.38582 39.6
      vertex 0.680985 -1.33651 39.6
    endloop
  endfacet
  facet normal -0.418662 0.908142 0
    outer loop
      vertex 0.574024 -1.38582 39.6
      vertex 0.680985 -1.33651 35.1
      vertex 0.574024 -1.38582 35.1
    endloop
  endfacet
  facet normal 0.117591 -0.993062 0
    outer loop
      vertex -0.234652 1.48153 35.1
      vertex -0.117688 1.49538 39.6
      vertex -0.234652 1.48153 39.6
    endloop
  endfacet
  facet normal 0.117591 -0.993062 0
    outer loop
      vertex -0.117688 1.49538 39.6
      vertex -0.234652 1.48153 35.1
      vertex -0.117688 1.49538 35.1
    endloop
  endfacet
  facet normal 0.61906 -0.785343 0
    outer loop
      vertex -0.974172 1.14061 35.1
      vertex -0.881678 1.21352 39.6
      vertex -0.974172 1.14061 39.6
    endloop
  endfacet
  facet normal 0.61906 -0.785343 0
    outer loop
      vertex -0.881678 1.21352 39.6
      vertex -0.974172 1.14061 35.1
      vertex -0.881678 1.21352 35.1
    endloop
  endfacet
  facet normal 0.488621 -0.872496 0
    outer loop
      vertex -0.783748 1.27896 35.1
      vertex -0.680985 1.33651 39.6
      vertex -0.783748 1.27896 39.6
    endloop
  endfacet
  facet normal 0.488621 -0.872496 0
    outer loop
      vertex -0.680985 1.33651 39.6
      vertex -0.783748 1.27896 35.1
      vertex -0.680985 1.33651 35.1
    endloop
  endfacet
  facet normal -0.195112 -0.980781 0
    outer loop
      vertex 0.234652 1.48153 35.1
      vertex 0.350167 1.45855 39.6
      vertex 0.234652 1.48153 39.6
    endloop
  endfacet
  facet normal -0.195112 -0.980781 -0
    outer loop
      vertex 0.350167 1.45855 39.6
      vertex 0.234652 1.48153 35.1
      vertex 0.350167 1.45855 35.1
    endloop
  endfacet
  facet normal -0.555601 0.831449 0
    outer loop
      vertex 0.881678 -1.21352 35.1
      vertex 0.783748 -1.27896 39.6
      vertex 0.881678 -1.21352 39.6
    endloop
  endfacet
  facet normal -0.555601 0.831449 0
    outer loop
      vertex 0.783748 -1.27896 39.6
      vertex 0.881678 -1.21352 35.1
      vertex 0.783748 -1.27896 35.1
    endloop
  endfacet
  facet normal 0.734317 0.678807 0
    outer loop
      vertex -1.06066 -1.06066 39.6
      vertex -1.14061 -0.974172 35.1
      vertex -1.14061 -0.974172 39.6
    endloop
  endfacet
  facet normal 0.734317 0.678807 0
    outer loop
      vertex -1.14061 -0.974172 35.1
      vertex -1.06066 -1.06066 39.6
      vertex -1.06066 -1.06066 35.1
    endloop
  endfacet
  facet normal -0.872496 0.488621 0
    outer loop
      vertex 1.27896 -0.783748 35.1
      vertex 1.33651 -0.680985 39.6
      vertex 1.33651 -0.680985 35.1
    endloop
  endfacet
  facet normal -0.872496 0.488621 0
    outer loop
      vertex 1.33651 -0.680985 39.6
      vertex 1.27896 -0.783748 35.1
      vertex 1.27896 -0.783748 39.6
    endloop
  endfacet
  facet normal 0.0392261 0.99923 -0
    outer loop
      vertex 0 -1.5 35.1
      vertex -0.117688 -1.49538 39.6
      vertex 0 -1.5 39.6
    endloop
  endfacet
  facet normal 0.0392261 0.99923 0
    outer loop
      vertex -0.117688 -1.49538 39.6
      vertex 0 -1.5 35.1
      vertex -0.117688 -1.49538 35.1
    endloop
  endfacet
  facet normal -0.678807 -0.734317 0
    outer loop
      vertex 0.974172 1.14061 35.1
      vertex 1.06066 1.06066 39.6
      vertex 0.974172 1.14061 39.6
    endloop
  endfacet
  facet normal -0.678807 -0.734317 -0
    outer loop
      vertex 1.06066 1.06066 39.6
      vertex 0.974172 1.14061 35.1
      vertex 1.06066 1.06066 35.1
    endloop
  endfacet
  facet normal -0.418662 -0.908142 0
    outer loop
      vertex 0.574024 1.38582 35.1
      vertex 0.680985 1.33651 39.6
      vertex 0.574024 1.38582 39.6
    endloop
  endfacet
  facet normal -0.418662 -0.908142 -0
    outer loop
      vertex 0.680985 1.33651 39.6
      vertex 0.574024 1.38582 35.1
      vertex 0.680985 1.33651 35.1
    endloop
  endfacet
  facet normal -0.831449 -0.555601 0
    outer loop
      vertex 1.27896 0.783748 35.1
      vertex 1.21352 0.881678 39.6
      vertex 1.21352 0.881678 35.1
    endloop
  endfacet
  facet normal -0.831449 -0.555601 0
    outer loop
      vertex 1.21352 0.881678 39.6
      vertex 1.27896 0.783748 35.1
      vertex 1.27896 0.783748 39.6
    endloop
  endfacet
  facet normal 0.962456 0.271438 0
    outer loop
      vertex -1.42658 -0.463525 39.6
      vertex -1.45855 -0.350167 35.1
      vertex -1.45855 -0.350167 39.6
    endloop
  endfacet
  facet normal 0.962456 0.271438 0
    outer loop
      vertex -1.45855 -0.350167 35.1
      vertex -1.42658 -0.463525 39.6
      vertex -1.42658 -0.463525 35.1
    endloop
  endfacet
  facet normal 0.831449 0.555601 0
    outer loop
      vertex -1.21352 -0.881678 39.6
      vertex -1.27896 -0.783748 35.1
      vertex -1.27896 -0.783748 39.6
    endloop
  endfacet
  facet normal 0.831449 0.555601 0
    outer loop
      vertex -1.27896 -0.783748 35.1
      vertex -1.21352 -0.881678 39.6
      vertex -1.21352 -0.881678 35.1
    endloop
  endfacet
  facet normal 0.872496 0.488621 0
    outer loop
      vertex -1.27896 -0.783748 39.6
      vertex -1.33651 -0.680985 35.1
      vertex -1.33651 -0.680985 39.6
    endloop
  endfacet
  facet normal 0.872496 0.488621 0
    outer loop
      vertex -1.33651 -0.680985 35.1
      vertex -1.27896 -0.783748 39.6
      vertex -1.27896 -0.783748 35.1
    endloop
  endfacet
  facet normal 0.993062 -0.117591 0
    outer loop
      vertex -1.49538 0.117688 39.6
      vertex -1.48153 0.234652 35.1
      vertex -1.48153 0.234652 39.6
    endloop
  endfacet
  facet normal 0.993062 -0.117591 0
    outer loop
      vertex -1.48153 0.234652 35.1
      vertex -1.49538 0.117688 39.6
      vertex -1.49538 0.117688 35.1
    endloop
  endfacet
  facet normal 0.908142 -0.418662 0
    outer loop
      vertex -1.38582 0.574024 39.6
      vertex -1.33651 0.680985 35.1
      vertex -1.33651 0.680985 39.6
    endloop
  endfacet
  facet normal 0.908142 -0.418662 0
    outer loop
      vertex -1.33651 0.680985 35.1
      vertex -1.38582 0.574024 39.6
      vertex -1.38582 0.574024 35.1
    endloop
  endfacet
  facet normal 0.418662 0.908142 -0
    outer loop
      vertex -0.574024 -1.38582 35.1
      vertex -0.680985 -1.33651 39.6
      vertex -0.574024 -1.38582 39.6
    endloop
  endfacet
  facet normal 0.418662 0.908142 0
    outer loop
      vertex -0.680985 -1.33651 39.6
      vertex -0.574024 -1.38582 35.1
      vertex -0.680985 -1.33651 35.1
    endloop
  endfacet
  facet normal 0.555601 -0.831449 0
    outer loop
      vertex -0.881678 1.21352 35.1
      vertex -0.783748 1.27896 39.6
      vertex -0.881678 1.21352 39.6
    endloop
  endfacet
  facet normal 0.555601 -0.831449 0
    outer loop
      vertex -0.783748 1.27896 39.6
      vertex -0.881678 1.21352 35.1
      vertex -0.783748 1.27896 35.1
    endloop
  endfacet
  facet normal -0.678807 0.734317 0
    outer loop
      vertex 1.06066 -1.06066 35.1
      vertex 0.974172 -1.14061 39.6
      vertex 1.06066 -1.06066 39.6
    endloop
  endfacet
  facet normal -0.678807 0.734317 0
    outer loop
      vertex 0.974172 -1.14061 39.6
      vertex 1.06066 -1.06066 35.1
      vertex 0.974172 -1.14061 35.1
    endloop
  endfacet
  facet normal -0.346078 0.938206 0
    outer loop
      vertex 0.574024 -1.38582 35.1
      vertex 0.463525 -1.42658 39.6
      vertex 0.574024 -1.38582 39.6
    endloop
  endfacet
  facet normal -0.346078 0.938206 0
    outer loop
      vertex 0.463525 -1.42658 39.6
      vertex 0.574024 -1.38582 35.1
      vertex 0.463525 -1.42658 35.1
    endloop
  endfacet
  facet normal 0.678807 0.734317 -0
    outer loop
      vertex -0.974172 -1.14061 35.1
      vertex -1.06066 -1.06066 39.6
      vertex -0.974172 -1.14061 39.6
    endloop
  endfacet
  facet normal 0.678807 0.734317 0
    outer loop
      vertex -1.06066 -1.06066 39.6
      vertex -0.974172 -1.14061 35.1
      vertex -1.06066 -1.06066 35.1
    endloop
  endfacet
  facet normal 0.195112 0.980781 -0
    outer loop
      vertex -0.234652 -1.48153 35.1
      vertex -0.350167 -1.45855 39.6
      vertex -0.234652 -1.48153 39.6
    endloop
  endfacet
  facet normal 0.195112 0.980781 0
    outer loop
      vertex -0.350167 -1.45855 39.6
      vertex -0.234652 -1.48153 35.1
      vertex -0.350167 -1.45855 35.1
    endloop
  endfacet
  facet normal 0.271438 0.962456 -0
    outer loop
      vertex -0.350167 -1.45855 35.1
      vertex -0.463525 -1.42658 39.6
      vertex -0.350167 -1.45855 39.6
    endloop
  endfacet
  facet normal 0.271438 0.962456 0
    outer loop
      vertex -0.463525 -1.42658 39.6
      vertex -0.350167 -1.45855 35.1
      vertex -0.463525 -1.42658 35.1
    endloop
  endfacet
  facet normal 0.980781 -0.195112 0
    outer loop
      vertex -1.48153 0.234652 39.6
      vertex -1.45855 0.350167 35.1
      vertex -1.45855 0.350167 39.6
    endloop
  endfacet
  facet normal 0.980781 -0.195112 0
    outer loop
      vertex -1.45855 0.350167 35.1
      vertex -1.48153 0.234652 39.6
      vertex -1.48153 0.234652 35.1
    endloop
  endfacet
  facet normal -0.908142 0.418662 0
    outer loop
      vertex 1.33651 -0.680985 35.1
      vertex 1.38582 -0.574024 39.6
      vertex 1.38582 -0.574024 35.1
    endloop
  endfacet
  facet normal -0.908142 0.418662 0
    outer loop
      vertex 1.38582 -0.574024 39.6
      vertex 1.33651 -0.680985 35.1
      vertex 1.33651 -0.680985 39.6
    endloop
  endfacet
  facet normal 1 -0 0
    outer loop
      vertex 0.4 0.4 18.1
      vertex 0.4 1.75428 16.1
      vertex 0.4 1.75428 18.1
    endloop
  endfacet
  facet normal 1 0 0
    outer loop
      vertex 0.4 1.75428 16.1
      vertex 0.4 0.4 18.1
      vertex 0.4 0.4 16.1
    endloop
  endfacet
  facet normal 1 -0 0
    outer loop
      vertex 0.4 -1.75428 18.1
      vertex 0.4 -0.4 16.1
      vertex 0.4 -0.4 18.1
    endloop
  endfacet
  facet normal 1 0 0
    outer loop
      vertex 0.4 -0.4 16.1
      vertex 0.4 -1.75428 18.1
      vertex 0.4 -1.75428 16.1
    endloop
  endfacet
  facet normal 0 0 1
    outer loop
      vertex -1.77784 0.281582 18.1
      vertex -0.4 0.4 18.1
      vertex -1.75428 0.4 18.1
    endloop
  endfacet
  facet normal 0 0 1
    outer loop
      vertex -1.79445 0.141226 18.1
      vertex -0.4 0.4 18.1
      vertex -1.77784 0.281582 18.1
    endloop
  endfacet
  facet normal 0 0 1
    outer loop
      vertex -1.8 0 18.1
      vertex -0.4 0.4 18.1
      vertex -1.79445 0.141226 18.1
    endloop
  endfacet
  facet normal 0 0 1
    outer loop
      vertex -0.4 -0.4 18.1
      vertex -1.77784 -0.281582 18.1
      vertex -1.75428 -0.4 18.1
    endloop
  endfacet
  facet normal 0 0 1
    outer loop
      vertex -0.4 0.4 18.1
      vertex -1.8 0 18.1
      vertex -0.4 -0.4 18.1
    endloop
  endfacet
  facet normal 0 0 1
    outer loop
      vertex -0.4 -0.4 18.1
      vertex -1.79445 -0.141226 18.1
      vertex -1.77784 -0.281582 18.1
    endloop
  endfacet
  facet normal 0 0 1
    outer loop
      vertex -0.4 -0.4 18.1
      vertex -1.8 0 18.1
      vertex -1.79445 -0.141226 18.1
    endloop
  endfacet
  facet normal 0 0 1
    outer loop
      vertex 0.281582 1.77784 18.1
      vertex 0.4 0.4 18.1
      vertex 0.4 1.75428 18.1
    endloop
  endfacet
  facet normal 0 0 1
    outer loop
      vertex 0.4 0.4 18.1
      vertex -0.4 0.4 18.1
      vertex 0.4 -0.4 18.1
    endloop
  endfacet
  facet normal 0 0 1
    outer loop
      vertex 0.141226 1.79445 18.1
      vertex 0.4 0.4 18.1
      vertex 0.281582 1.77784 18.1
    endloop
  endfacet
  facet normal 0 0 1
    outer loop
      vertex -0.4 -0.4 18.1
      vertex 0.4 -0.4 18.1
      vertex -0.4 0.4 18.1
    endloop
  endfacet
  facet normal 0 0 1
    outer loop
      vertex 0 1.8 18.1
      vertex 0.4 0.4 18.1
      vertex 0.141226 1.79445 18.1
    endloop
  endfacet
  facet normal 0 -0 1
    outer loop
      vertex 0 -1.8 18.1
      vertex 0.4 -0.4 18.1
      vertex -0.4 -0.4 18.1
    endloop
  endfacet
  facet normal 0 0 1
    outer loop
      vertex 0.4 0.4 18.1
      vertex 0 1.8 18.1
      vertex -0.4 0.4 18.1
    endloop
  endfacet
  facet normal 0 0 1
    outer loop
      vertex 0.4 -0.4 18.1
      vertex 0.281582 -1.77784 18.1
      vertex 0.4 -1.75428 18.1
    endloop
  endfacet
  facet normal 0 0 1
    outer loop
      vertex -0.4 0.4 18.1
      vertex 0 1.8 18.1
      vertex -0.141226 1.79445 18.1
    endloop
  endfacet
  facet normal 0 0 1
    outer loop
      vertex 0.4 -0.4 18.1
      vertex 0.141226 -1.79445 18.1
      vertex 0.281582 -1.77784 18.1
    endloop
  endfacet
  facet normal 0 0 1
    outer loop
      vertex -0.4 0.4 18.1
      vertex -0.141226 1.79445 18.1
      vertex -0.281582 1.77784 18.1
    endloop
  endfacet
  facet normal 0 0 1
    outer loop
      vertex 0.4 -0.4 18.1
      vertex 0 -1.8 18.1
      vertex 0.141226 -1.79445 18.1
    endloop
  endfacet
  facet normal 0 0 1
    outer loop
      vertex -0.4 0.4 18.1
      vertex -0.281582 1.77784 18.1
      vertex -0.4 1.75428 18.1
    endloop
  endfacet
  facet normal 0 0 1
    outer loop
      vertex 0 -1.8 18.1
      vertex -0.4 -0.4 18.1
      vertex -0.141226 -1.79445 18.1
    endloop
  endfacet
  facet normal 0 0 1
    outer loop
      vertex -0.141226 -1.79445 18.1
      vertex -0.4 -0.4 18.1
      vertex -0.281582 -1.77784 18.1
    endloop
  endfacet
  facet normal 0 0 1
    outer loop
      vertex -0.281582 -1.77784 18.1
      vertex -0.4 -0.4 18.1
      vertex -0.4 -1.75428 18.1
    endloop
  endfacet
  facet normal 0 0 1
    outer loop
      vertex 0.4 0.4 18.1
      vertex 1.8 0 18.1
      vertex 1.79445 0.141226 18.1
    endloop
  endfacet
  facet normal 0 0 1
    outer loop
      vertex 0.4 0.4 18.1
      vertex 1.79445 0.141226 18.1
      vertex 1.77784 0.281582 18.1
    endloop
  endfacet
  facet normal 0 0 1
    outer loop
      vertex 0.4 -0.4 18.1
      vertex 1.8 0 18.1
      vertex 0.4 0.4 18.1
    endloop
  endfacet
  facet normal -0 0 1
    outer loop
      vertex 0.4 0.4 18.1
      vertex 1.77784 0.281582 18.1
      vertex 1.75428 0.4 18.1
    endloop
  endfacet
  facet normal 0 0 1
    outer loop
      vertex 1.8 0 18.1
      vertex 0.4 -0.4 18.1
      vertex 1.79445 -0.141226 18.1
    endloop
  endfacet
  facet normal 0 0 1
    outer loop
      vertex 1.79445 -0.141226 18.1
      vertex 0.4 -0.4 18.1
      vertex 1.77784 -0.281582 18.1
    endloop
  endfacet
  facet normal 0 0 1
    outer loop
      vertex 1.77784 -0.281582 18.1
      vertex 0.4 -0.4 18.1
      vertex 1.75428 -0.4 18.1
    endloop
  endfacet
  facet normal 0 0 -1
    outer loop
      vertex -1.77784 -0.281582 16.1
      vertex -0.4 -0.4 16.1
      vertex -1.75428 -0.4 16.1
    endloop
  endfacet
  facet normal 0 0 -1
    outer loop
      vertex -1.79445 -0.141226 16.1
      vertex -0.4 -0.4 16.1
      vertex -1.77784 -0.281582 16.1
    endloop
  endfacet
  facet normal 0 0 -1
    outer loop
      vertex -1.8 0 16.1
      vertex -0.4 -0.4 16.1
      vertex -1.79445 -0.141226 16.1
    endloop
  endfacet
  facet normal -0 0 -1
    outer loop
      vertex -0.4 0.4 16.1
      vertex -1.77784 0.281582 16.1
      vertex -1.75428 0.4 16.1
    endloop
  endfacet
  facet normal 0 0 -1
    outer loop
      vertex -0.4 -0.4 16.1
      vertex -1.8 0 16.1
      vertex -0.4 0.4 16.1
    endloop
  endfacet
  facet normal 0 0 -1
    outer loop
      vertex -0.4 0.4 16.1
      vertex -1.79445 0.141226 16.1
      vertex -1.77784 0.281582 16.1
    endloop
  endfacet
  facet normal 0 0 -1
    outer loop
      vertex -0.4 0.4 16.1
      vertex -1.8 0 16.1
      vertex -1.79445 0.141226 16.1
    endloop
  endfacet
  facet normal 0 0 -1
    outer loop
      vertex 0.281582 -1.77784 16.1
      vertex 0.4 -0.4 16.1
      vertex 0.4 -1.75428 16.1
    endloop
  endfacet
  facet normal 0 0 -1
    outer loop
      vertex 0.4 -0.4 16.1
      vertex -0.4 -0.4 16.1
      vertex 0.4 0.4 16.1
    endloop
  endfacet
  facet normal 0 0 -1
    outer loop
      vertex 0.141226 -1.79445 16.1
      vertex 0.4 -0.4 16.1
      vertex 0.281582 -1.77784 16.1
    endloop
  endfacet
  facet normal 0 0 -1
    outer loop
      vertex -0.4 0.4 16.1
      vertex 0.4 0.4 16.1
      vertex -0.4 -0.4 16.1
    endloop
  endfacet
  facet normal 0 0 -1
    outer loop
      vertex 0 -1.8 16.1
      vertex 0.4 -0.4 16.1
      vertex 0.141226 -1.79445 16.1
    endloop
  endfacet
  facet normal 0 -0 -1
    outer loop
      vertex 0 1.8 16.1
      vertex 0.4 0.4 16.1
      vertex -0.4 0.4 16.1
    endloop
  endfacet
  facet normal -0 0 -1
    outer loop
      vertex 0.4 -0.4 16.1
      vertex 0 -1.8 16.1
      vertex -0.4 -0.4 16.1
    endloop
  endfacet
  facet normal 0 0 -1
    outer loop
      vertex 0.4 0.4 16.1
      vertex 0.281582 1.77784 16.1
      vertex 0.4 1.75428 16.1
    endloop
  endfacet
  facet normal 0 0 -1
    outer loop
      vertex -0.4 -0.4 16.1
      vertex 0 -1.8 16.1
      vertex -0.141226 -1.79445 16.1
    endloop
  endfacet
  facet normal 0 0 -1
    outer loop
      vertex 0.4 0.4 16.1
      vertex 0.141226 1.79445 16.1
      vertex 0.281582 1.77784 16.1
    endloop
  endfacet
  facet normal 0 0 -1
    outer loop
      vertex -0.4 -0.4 16.1
      vertex -0.141226 -1.79445 16.1
      vertex -0.281582 -1.77784 16.1
    endloop
  endfacet
  facet normal 0 0 -1
    outer loop
      vertex 0.4 0.4 16.1
      vertex 0 1.8 16.1
      vertex 0.141226 1.79445 16.1
    endloop
  endfacet
  facet normal 0 0 -1
    outer loop
      vertex -0.4 -0.4 16.1
      vertex -0.281582 -1.77784 16.1
      vertex -0.4 -1.75428 16.1
    endloop
  endfacet
  facet normal 0 0 -1
    outer loop
      vertex 0 1.8 16.1
      vertex -0.4 0.4 16.1
      vertex -0.141226 1.79445 16.1
    endloop
  endfacet
  facet normal 0 0 -1
    outer loop
      vertex -0.141226 1.79445 16.1
      vertex -0.4 0.4 16.1
      vertex -0.281582 1.77784 16.1
    endloop
  endfacet
  facet normal 0 0 -1
    outer loop
      vertex -0.281582 1.77784 16.1
      vertex -0.4 0.4 16.1
      vertex -0.4 1.75428 16.1
    endloop
  endfacet
  facet normal 0 0 -1
    outer loop
      vertex 0.4 -0.4 16.1
      vertex 1.8 0 16.1
      vertex 1.79445 -0.141226 16.1
    endloop
  endfacet
  facet normal 0 0 -1
    outer loop
      vertex 0.4 -0.4 16.1
      vertex 1.79445 -0.141226 16.1
      vertex 1.77784 -0.281582 16.1
    endloop
  endfacet
  facet normal 0 0 -1
    outer loop
      vertex 0.4 0.4 16.1
      vertex 1.8 0 16.1
      vertex 0.4 -0.4 16.1
    endloop
  endfacet
  facet normal 0 0 -1
    outer loop
      vertex 0.4 -0.4 16.1
      vertex 1.77784 -0.281582 16.1
      vertex 1.75428 -0.4 16.1
    endloop
  endfacet
  facet normal 0 0 -1
    outer loop
      vertex 1.8 0 16.1
      vertex 0.4 0.4 16.1
      vertex 1.79445 0.141226 16.1
    endloop
  endfacet
  facet normal 0 0 -1
    outer loop
      vertex 1.79445 0.141226 16.1
      vertex 0.4 0.4 16.1
      vertex 1.77784 0.281582 16.1
    endloop
  endfacet
  facet normal 0 0 -1
    outer loop
      vertex 1.77784 0.281582 16.1
      vertex 0.4 0.4 16.1
      vertex 1.75428 0.4 16.1
    endloop
  endfacet
  facet normal -1 0 0
    outer loop
      vertex -0.4 0.4 16.1
      vertex -0.4 1.75428 18.1
      vertex -0.4 1.75428 16.1
    endloop
  endfacet
  facet normal -1 -0 0
    outer loop
      vertex -0.4 1.75428 18.1
      vertex -0.4 0.4 16.1
      vertex -0.4 0.4 18.1
    endloop
  endfacet
  facet normal -1 0 0
    outer loop
      vertex -0.4 -1.75428 16.1
      vertex -0.4 -0.4 18.1
      vertex -0.4 -0.4 16.1
    endloop
  endfacet
  facet normal -1 -0 0
    outer loop
      vertex -0.4 -0.4 18.1
      vertex -0.4 -1.75428 16.1
      vertex -0.4 -1.75428 18.1
    endloop
  endfacet
  facet normal 0 1 -0
    outer loop
      vertex -0.4 0.4 16.1
      vertex -1.75428 0.4 18.1
      vertex -0.4 0.4 18.1
    endloop
  endfacet
  facet normal 0 1 0
    outer loop
      vertex -1.75428 0.4 18.1
      vertex -0.4 0.4 16.1
      vertex -1.75428 0.4 16.1
    endloop
  endfacet
  facet normal 0 1 -0
    outer loop
      vertex 1.75428 0.4 16.1
      vertex 0.4 0.4 18.1
      vertex 1.75428 0.4 18.1
    endloop
  endfacet
  facet normal 0 1 0
    outer loop
      vertex 0.4 0.4 18.1
      vertex 1.75428 0.4 16.1
      vertex 0.4 0.4 16.1
    endloop
  endfacet
  facet normal 0 -1 0
    outer loop
      vertex -1.75428 -0.4 16.1
      vertex -0.4 -0.4 18.1
      vertex -1.75428 -0.4 18.1
    endloop
  endfacet
  facet normal 0 -1 -0
    outer loop
      vertex -0.4 -0.4 18.1
      vertex -1.75428 -0.4 16.1
      vertex -0.4 -0.4 16.1
    endloop
  endfacet
  facet normal 0 -1 0
    outer loop
      vertex 0.4 -0.4 16.1
      vertex 1.75428 -0.4 18.1
      vertex 0.4 -0.4 18.1
    endloop
  endfacet
  facet normal 0 -1 -0
    outer loop
      vertex 1.75428 -0.4 18.1
      vertex 0.4 -0.4 16.1
      vertex 1.75428 -0.4 16.1
    endloop
  endfacet
endsolid OpenSCAD_Model
