solid OpenSCAD_Model
  facet normal -1 0 0
    outer loop
      vertex 0 3 0
      vertex 0 37.7 36.4
      vertex 0 37.7 0
    endloop
  endfacet
  facet normal -1 -0 0
    outer loop
      vertex 0 37.7 36.4
      vertex 0 3 0
      vertex 0 3 36.4
    endloop
  endfacet
  facet normal -0.94694 -0.321412 0
    outer loop
      vertex 0.228348 1.85194 0
      vertex 0.102219 2.22354 36.4
      vertex 0.102219 2.22354 0
    endloop
  endfacet
  facet normal -0.94694 -0.321412 0
    outer loop
      vertex 0.102219 2.22354 36.4
      vertex 0.228348 1.85194 0
      vertex 0.228348 1.85194 36.4
    endloop
  endfacet
  facet normal 1 -0 0
    outer loop
      vertex 85.3 23.5722 16.6242
      vertex 85.3 37.7 0
      vertex 85.3 37.7 36.4
    endloop
  endfacet
  facet normal 1 0 0
    outer loop
      vertex 85.3 37.7 0
      vertex 85.3 23.5722 16.6242
      vertex 85.3 23.6 16.2
    endloop
  endfacet
  facet normal 1 0 0
    outer loop
      vertex 85.3 37.7 36.4
      vertex 85.3 23.4893 17.0412
      vertex 85.3 23.5722 16.6242
    endloop
  endfacet
  facet normal 1 0 0
    outer loop
      vertex 85.3 37.7 36.4
      vertex 85.3 23.3526 17.4437
      vertex 85.3 23.4893 17.0412
    endloop
  endfacet
  facet normal 1 0 0
    outer loop
      vertex 85.3 37.7 36.4
      vertex 85.3 23.1646 17.825
      vertex 85.3 23.3526 17.4437
    endloop
  endfacet
  facet normal 1 0 0
    outer loop
      vertex 85.3 37.7 36.4
      vertex 85.3 22.9284 18.1785
      vertex 85.3 23.1646 17.825
    endloop
  endfacet
  facet normal 1 0 0
    outer loop
      vertex 85.3 37.7 36.4
      vertex 85.3 22.6481 18.4981
      vertex 85.3 22.9284 18.1785
    endloop
  endfacet
  facet normal 1 0 0
    outer loop
      vertex 85.3 37.7 36.4
      vertex 85.3 22.3285 18.7784
      vertex 85.3 22.6481 18.4981
    endloop
  endfacet
  facet normal 1 0 0
    outer loop
      vertex 85.3 37.7 36.4
      vertex 85.3 21.975 19.0146
      vertex 85.3 22.3285 18.7784
    endloop
  endfacet
  facet normal 1 0 0
    outer loop
      vertex 85.3 37.7 36.4
      vertex 85.3 21.5937 19.2026
      vertex 85.3 21.975 19.0146
    endloop
  endfacet
  facet normal 1 0 0
    outer loop
      vertex 85.3 37.7 36.4
      vertex 85.3 21.1912 19.3393
      vertex 85.3 21.5937 19.2026
    endloop
  endfacet
  facet normal 1 0 0
    outer loop
      vertex 85.3 37.7 36.4
      vertex 85.3 20.7742 19.4222
      vertex 85.3 21.1912 19.3393
    endloop
  endfacet
  facet normal 1 0 0
    outer loop
      vertex 85.3 37.7 36.4
      vertex 85.3 20.35 19.45
      vertex 85.3 20.7742 19.4222
    endloop
  endfacet
  facet normal 1 -0 0
    outer loop
      vertex 85.3 3 36.4
      vertex 85.3 20.35 19.45
      vertex 85.3 37.7 36.4
    endloop
  endfacet
  facet normal 1 0 0
    outer loop
      vertex 85.3 20.35 19.45
      vertex 85.3 3 36.4
      vertex 85.3 19.9258 19.4222
    endloop
  endfacet
  facet normal 1 0 0
    outer loop
      vertex 85.3 19.9258 19.4222
      vertex 85.3 3 36.4
      vertex 85.3 19.5088 19.3393
    endloop
  endfacet
  facet normal 1 0 0
    outer loop
      vertex 85.3 19.5088 19.3393
      vertex 85.3 3 36.4
      vertex 85.3 19.1063 19.2026
    endloop
  endfacet
  facet normal 1 0 0
    outer loop
      vertex 85.3 19.1063 19.2026
      vertex 85.3 3 36.4
      vertex 85.3 18.725 19.0146
    endloop
  endfacet
  facet normal 1 0 0
    outer loop
      vertex 85.3 18.725 19.0146
      vertex 85.3 3 36.4
      vertex 85.3 18.3715 18.7784
    endloop
  endfacet
  facet normal 1 0 0
    outer loop
      vertex 85.3 3 0
      vertex 85.3 17.1278 16.6242
      vertex 85.3 3 36.4
    endloop
  endfacet
  facet normal 1 0 0
    outer loop
      vertex 85.3 17.2107 17.0412
      vertex 85.3 3 36.4
      vertex 85.3 17.1278 16.6242
    endloop
  endfacet
  facet normal 1 0 0
    outer loop
      vertex 85.3 17.3474 17.4437
      vertex 85.3 3 36.4
      vertex 85.3 17.2107 17.0412
    endloop
  endfacet
  facet normal 1 0 0
    outer loop
      vertex 85.3 17.5354 17.825
      vertex 85.3 3 36.4
      vertex 85.3 17.3474 17.4437
    endloop
  endfacet
  facet normal 1 0 0
    outer loop
      vertex 85.3 17.7716 18.1785
      vertex 85.3 3 36.4
      vertex 85.3 17.5354 17.825
    endloop
  endfacet
  facet normal 1 0 0
    outer loop
      vertex 85.3 18.0519 18.4981
      vertex 85.3 3 36.4
      vertex 85.3 17.7716 18.1785
    endloop
  endfacet
  facet normal 1 0 0
    outer loop
      vertex 85.3 18.3715 18.7784
      vertex 85.3 3 36.4
      vertex 85.3 18.0519 18.4981
    endloop
  endfacet
  facet normal 1 -0 0
    outer loop
      vertex 85.3 23.5722 15.7758
      vertex 85.3 37.7 0
      vertex 85.3 23.6 16.2
    endloop
  endfacet
  facet normal 1 -0 0
    outer loop
      vertex 85.3 23.4893 15.3588
      vertex 85.3 37.7 0
      vertex 85.3 23.5722 15.7758
    endloop
  endfacet
  facet normal 1 -0 0
    outer loop
      vertex 85.3 23.3526 14.9563
      vertex 85.3 37.7 0
      vertex 85.3 23.4893 15.3588
    endloop
  endfacet
  facet normal 1 -0 0
    outer loop
      vertex 85.3 23.1646 14.575
      vertex 85.3 37.7 0
      vertex 85.3 23.3526 14.9563
    endloop
  endfacet
  facet normal 1 -0 0
    outer loop
      vertex 85.3 22.9284 14.2215
      vertex 85.3 37.7 0
      vertex 85.3 23.1646 14.575
    endloop
  endfacet
  facet normal 1 -0 0
    outer loop
      vertex 85.3 22.6481 13.9019
      vertex 85.3 37.7 0
      vertex 85.3 22.9284 14.2215
    endloop
  endfacet
  facet normal 1 -0 0
    outer loop
      vertex 85.3 22.3285 13.6216
      vertex 85.3 37.7 0
      vertex 85.3 22.6481 13.9019
    endloop
  endfacet
  facet normal 1 -0 0
    outer loop
      vertex 85.3 21.975 13.3854
      vertex 85.3 37.7 0
      vertex 85.3 22.3285 13.6216
    endloop
  endfacet
  facet normal 1 -0 0
    outer loop
      vertex 85.3 21.5937 13.1974
      vertex 85.3 37.7 0
      vertex 85.3 21.975 13.3854
    endloop
  endfacet
  facet normal 1 -0 0
    outer loop
      vertex 85.3 21.1912 13.0607
      vertex 85.3 37.7 0
      vertex 85.3 21.5937 13.1974
    endloop
  endfacet
  facet normal 1 -0 0
    outer loop
      vertex 85.3 20.7742 12.9778
      vertex 85.3 37.7 0
      vertex 85.3 21.1912 13.0607
    endloop
  endfacet
  facet normal 1 -0 0
    outer loop
      vertex 85.3 20.35 12.95
      vertex 85.3 37.7 0
      vertex 85.3 20.7742 12.9778
    endloop
  endfacet
  facet normal 1 0 0
    outer loop
      vertex 85.3 3 0
      vertex 85.3 20.35 12.95
      vertex 85.3 19.9258 12.9778
    endloop
  endfacet
  facet normal 1 0 0
    outer loop
      vertex 85.3 3 0
      vertex 85.3 19.9258 12.9778
      vertex 85.3 19.5088 13.0607
    endloop
  endfacet
  facet normal 1 0 0
    outer loop
      vertex 85.3 3 0
      vertex 85.3 19.5088 13.0607
      vertex 85.3 19.1063 13.1974
    endloop
  endfacet
  facet normal 1 0 0
    outer loop
      vertex 85.3 3 0
      vertex 85.3 19.1063 13.1974
      vertex 85.3 18.725 13.3854
    endloop
  endfacet
  facet normal 1 0 0
    outer loop
      vertex 85.3 3 0
      vertex 85.3 18.725 13.3854
      vertex 85.3 18.3715 13.6216
    endloop
  endfacet
  facet normal 1 0 0
    outer loop
      vertex 85.3 17.1278 16.6242
      vertex 85.3 3 0
      vertex 85.3 17.1 16.2
    endloop
  endfacet
  facet normal 1 0 0
    outer loop
      vertex 85.3 17.1 16.2
      vertex 85.3 3 0
      vertex 85.3 17.1278 15.7758
    endloop
  endfacet
  facet normal 1 0 0
    outer loop
      vertex 85.3 17.1278 15.7758
      vertex 85.3 3 0
      vertex 85.3 17.2107 15.3588
    endloop
  endfacet
  facet normal 1 0 0
    outer loop
      vertex 85.3 17.2107 15.3588
      vertex 85.3 3 0
      vertex 85.3 17.3474 14.9563
    endloop
  endfacet
  facet normal 1 0 0
    outer loop
      vertex 85.3 20.35 12.95
      vertex 85.3 3 0
      vertex 85.3 37.7 0
    endloop
  endfacet
  facet normal 1 0 0
    outer loop
      vertex 85.3 18.0519 13.9019
      vertex 85.3 3 0
      vertex 85.3 18.3715 13.6216
    endloop
  endfacet
  facet normal 1 0 0
    outer loop
      vertex 85.3 17.7716 14.2215
      vertex 85.3 3 0
      vertex 85.3 18.0519 13.9019
    endloop
  endfacet
  facet normal 1 0 0
    outer loop
      vertex 85.3 17.5354 14.575
      vertex 85.3 3 0
      vertex 85.3 17.7716 14.2215
    endloop
  endfacet
  facet normal 1 0 0
    outer loop
      vertex 85.3 17.3474 14.9563
      vertex 85.3 3 0
      vertex 85.3 17.5354 14.575
    endloop
  endfacet
  facet normal 0.831501 0.555523 0
    outer loop
      vertex 84.8981 39.2 36.4
      vertex 84.6801 39.5263 0
      vertex 84.6801 39.5263 36.4
    endloop
  endfacet
  facet normal 0.831501 0.555523 0
    outer loop
      vertex 84.6801 39.5263 0
      vertex 84.8981 39.2 36.4
      vertex 84.8981 39.2 0
    endloop
  endfacet
  facet normal 0.896961 0.44211 0
    outer loop
      vertex 85.0716 38.848 36.4
      vertex 84.8981 39.2 0
      vertex 84.8981 39.2 36.4
    endloop
  endfacet
  facet normal 0.896961 0.44211 0
    outer loop
      vertex 84.8981 39.2 0
      vertex 85.0716 38.848 36.4
      vertex 85.0716 38.848 0
    endloop
  endfacet
  facet normal -0.195086 -0.980786 0
    outer loop
      vertex 2.22354 0.102219 0
      vertex 2.60841 0.0256653 36.4
      vertex 2.22354 0.102219 36.4
    endloop
  endfacet
  facet normal -0.195086 -0.980786 -0
    outer loop
      vertex 2.60841 0.0256653 36.4
      vertex 2.22354 0.102219 0
      vertex 2.60841 0.0256653 0
    endloop
  endfacet
  facet normal -0.751796 0.659396 0
    outer loop
      vertex 0.619934 39.5263 0
      vertex 0.878677 39.8213 36.4
      vertex 0.878677 39.8213 0
    endloop
  endfacet
  facet normal -0.751796 0.659396 0
    outer loop
      vertex 0.878677 39.8213 36.4
      vertex 0.619934 39.5263 0
      vertex 0.619934 39.5263 36.4
    endloop
  endfacet
  facet normal 0 1 0
    outer loop
      vertex 82.3 40.7 36.4
      vertex 53.65 40.7 29.408
      vertex 3 40.7 36.4
    endloop
  endfacet
  facet normal 0 1 0
    outer loop
      vertex 82.3 40.7 36.4
      vertex 53.65 40.7 26.208
      vertex 53.65 40.7 29.408
    endloop
  endfacet
  facet normal 0 1 0
    outer loop
      vertex 53.65 40.7 26.208
      vertex 53.65 40.7 13.392
      vertex 31.65 40.7 26.208
    endloop
  endfacet
  facet normal 0 1 0
    outer loop
      vertex 82.3 40.7 36.4
      vertex 53.65 40.7 13.392
      vertex 53.65 40.7 26.208
    endloop
  endfacet
  facet normal 0 1 -0
    outer loop
      vertex 82.3 40.7 0
      vertex 53.65 40.7 13.392
      vertex 82.3 40.7 36.4
    endloop
  endfacet
  facet normal 0 1 0
    outer loop
      vertex 53.65 40.7 10.192
      vertex 82.3 40.7 0
      vertex 31.65 40.7 10.192
    endloop
  endfacet
  facet normal 0 1 0
    outer loop
      vertex 53.65 40.7 13.392
      vertex 82.3 40.7 0
      vertex 53.65 40.7 10.192
    endloop
  endfacet
  facet normal 0 1 -0
    outer loop
      vertex 31.65 40.7 29.408
      vertex 3 40.7 36.4
      vertex 53.65 40.7 29.408
    endloop
  endfacet
  facet normal 0 1 -0
    outer loop
      vertex 31.65 40.7 26.208
      vertex 3 40.7 36.4
      vertex 31.65 40.7 29.408
    endloop
  endfacet
  facet normal 0 1 0
    outer loop
      vertex 31.65 40.7 13.392
      vertex 31.65 40.7 26.208
      vertex 53.65 40.7 13.392
    endloop
  endfacet
  facet normal 0 1 0
    outer loop
      vertex 31.65 40.7 26.208
      vertex 31.65 40.7 13.392
      vertex 3 40.7 36.4
    endloop
  endfacet
  facet normal 0 1 0
    outer loop
      vertex 3 40.7 0
      vertex 31.65 40.7 13.392
      vertex 31.65 40.7 10.192
    endloop
  endfacet
  facet normal 0 1 0
    outer loop
      vertex 31.65 40.7 13.392
      vertex 3 40.7 0
      vertex 3 40.7 36.4
    endloop
  endfacet
  facet normal 0 1 0
    outer loop
      vertex 3 40.7 0
      vertex 31.65 40.7 10.192
      vertex 82.3 40.7 0
    endloop
  endfacet
  facet normal -0.980786 -0.195086 0
    outer loop
      vertex 0.102219 2.22354 0
      vertex 0.0256653 2.60841 36.4
      vertex 0.0256653 2.60841 0
    endloop
  endfacet
  facet normal -0.980786 -0.195086 0
    outer loop
      vertex 0.0256653 2.60841 36.4
      vertex 0.102219 2.22354 0
      vertex 0.102219 2.22354 36.4
    endloop
  endfacet
  facet normal -0.980789 0.195072 0
    outer loop
      vertex 0.0256653 38.0916 0
      vertex 0.102219 38.4765 36.4
      vertex 0.102219 38.4765 0
    endloop
  endfacet
  facet normal -0.980789 0.195072 0
    outer loop
      vertex 0.102219 38.4765 36.4
      vertex 0.0256653 38.0916 0
      vertex 0.0256653 38.0916 36.4
    endloop
  endfacet
  facet normal 0.980815 0.19494 0
    outer loop
      vertex 85.2743 38.0916 36.4
      vertex 85.1978 38.4765 0
      vertex 85.1978 38.4765 36.4
    endloop
  endfacet
  facet normal 0.980815 0.19494 0
    outer loop
      vertex 85.1978 38.4765 0
      vertex 85.2743 38.0916 36.4
      vertex 85.2743 38.0916 0
    endloop
  endfacet
  facet normal 0.0654873 0.997853 -0
    outer loop
      vertex 82.6916 40.6743 0
      vertex 82.3 40.7 36.4
      vertex 82.6916 40.6743 36.4
    endloop
  endfacet
  facet normal 0.0654873 0.997853 0
    outer loop
      vertex 82.3 40.7 36.4
      vertex 82.6916 40.6743 0
      vertex 82.3 40.7 0
    endloop
  endfacet
  facet normal 0.997853 0.0654873 0
    outer loop
      vertex 85.3 37.7 36.4
      vertex 85.2743 38.0916 0
      vertex 85.2743 38.0916 36.4
    endloop
  endfacet
  facet normal 0.997853 0.0654873 0
    outer loop
      vertex 85.2743 38.0916 0
      vertex 85.3 37.7 36.4
      vertex 85.3 37.7 0
    endloop
  endfacet
  facet normal 0.831493 -0.555535 0
    outer loop
      vertex 84.6801 1.17371 36.4
      vertex 84.8981 1.5 0
      vertex 84.8981 1.5 36.4
    endloop
  endfacet
  facet normal 0.831493 -0.555535 0
    outer loop
      vertex 84.8981 1.5 0
      vertex 84.6801 1.17371 36.4
      vertex 84.6801 1.17371 0
    endloop
  endfacet
  facet normal -0.997859 -0.0654009 0
    outer loop
      vertex 0.0256653 2.60841 0
      vertex 0 3 36.4
      vertex 0 3 0
    endloop
  endfacet
  facet normal -0.997859 -0.0654009 0
    outer loop
      vertex 0 3 36.4
      vertex 0.0256653 2.60841 0
      vertex 0.0256653 2.60841 36.4
    endloop
  endfacet
  facet normal 0.997853 -0.065489 0
    outer loop
      vertex 85.2743 2.60841 36.4
      vertex 85.3 3 0
      vertex 85.3 3 36.4
    endloop
  endfacet
  facet normal 0.997853 -0.065489 0
    outer loop
      vertex 85.3 3 0
      vertex 85.2743 2.60841 36.4
      vertex 85.2743 2.60841 0
    endloop
  endfacet
  facet normal -0.065489 0.997853 0
    outer loop
      vertex 3 40.7 0
      vertex 2.60841 40.6743 36.4
      vertex 3 40.7 36.4
    endloop
  endfacet
  facet normal -0.065489 0.997853 0
    outer loop
      vertex 2.60841 40.6743 36.4
      vertex 3 40.7 0
      vertex 2.60841 40.6743 0
    endloop
  endfacet
  facet normal 0 -1 0
    outer loop
      vertex 3 0 36.4
      vertex 34.51 0 24.15
      vertex 82.3 0 36.4
    endloop
  endfacet
  facet normal 0 -1 0
    outer loop
      vertex 3 0 36.4
      vertex 34.51 0 12.65
      vertex 34.51 0 24.15
    endloop
  endfacet
  facet normal 0 -1 -0
    outer loop
      vertex 34.51 0 12.65
      vertex 3 0 0
      vertex 50.79 0 12.65
    endloop
  endfacet
  facet normal 0 -1 0
    outer loop
      vertex 3 0 0
      vertex 34.51 0 12.65
      vertex 3 0 36.4
    endloop
  endfacet
  facet normal 0 -1 0
    outer loop
      vertex 50.79 0 24.15
      vertex 82.3 0 36.4
      vertex 34.51 0 24.15
    endloop
  endfacet
  facet normal 0 -1 0
    outer loop
      vertex 50.79 0 12.65
      vertex 82.3 0 36.4
      vertex 50.79 0 24.15
    endloop
  endfacet
  facet normal 0 -1 0
    outer loop
      vertex 50.79 0 12.65
      vertex 82.3 0 0
      vertex 82.3 0 36.4
    endloop
  endfacet
  facet normal 0 -1 0
    outer loop
      vertex 82.3 0 0
      vertex 50.79 0 12.65
      vertex 3 0 0
    endloop
  endfacet
  facet normal -0.321574 0.946885 0
    outer loop
      vertex 2.22354 40.5978 0
      vertex 1.85194 40.4716 36.4
      vertex 2.22354 40.5978 36.4
    endloop
  endfacet
  facet normal -0.321574 0.946885 0
    outer loop
      vertex 1.85194 40.4716 36.4
      vertex 2.22354 40.5978 0
      vertex 1.85194 40.4716 0
    endloop
  endfacet
  facet normal 0.946885 -0.321574 0
    outer loop
      vertex 85.0716 1.85194 36.4
      vertex 85.1978 2.22354 0
      vertex 85.1978 2.22354 36.4
    endloop
  endfacet
  facet normal 0.946885 -0.321574 0
    outer loop
      vertex 85.1978 2.22354 0
      vertex 85.0716 1.85194 36.4
      vertex 85.0716 1.85194 0
    endloop
  endfacet
  facet normal -0.896861 -0.442312 0
    outer loop
      vertex 0.401917 1.5 0
      vertex 0.228348 1.85194 36.4
      vertex 0.228348 1.85194 0
    endloop
  endfacet
  facet normal -0.896861 -0.442312 0
    outer loop
      vertex 0.228348 1.85194 36.4
      vertex 0.401917 1.5 0
      vertex 0.401917 1.5 36.4
    endloop
  endfacet
  facet normal 0.75176 -0.659437 0
    outer loop
      vertex 84.4213 0.878677 36.4
      vertex 84.6801 1.17371 0
      vertex 84.6801 1.17371 36.4
    endloop
  endfacet
  facet normal 0.75176 -0.659437 0
    outer loop
      vertex 84.6801 1.17371 0
      vertex 84.4213 0.878677 36.4
      vertex 84.4213 0.878677 0
    endloop
  endfacet
  facet normal -0.321412 -0.94694 0
    outer loop
      vertex 1.85194 0.228348 0
      vertex 2.22354 0.102219 36.4
      vertex 1.85194 0.228348 36.4
    endloop
  endfacet
  facet normal -0.321412 -0.94694 -0
    outer loop
      vertex 2.22354 0.102219 36.4
      vertex 1.85194 0.228348 0
      vertex 2.22354 0.102219 0
    endloop
  endfacet
  facet normal -0.946913 0.321489 0
    outer loop
      vertex 0.102219 38.4765 0
      vertex 0.228348 38.848 36.4
      vertex 0.228348 38.848 0
    endloop
  endfacet
  facet normal -0.946913 0.321489 0
    outer loop
      vertex 0.228348 38.848 36.4
      vertex 0.102219 38.4765 0
      vertex 0.102219 38.4765 36.4
    endloop
  endfacet
  facet normal 0.321412 -0.94694 0
    outer loop
      vertex 83.0764 0.102219 0
      vertex 83.448 0.228348 36.4
      vertex 83.0764 0.102219 36.4
    endloop
  endfacet
  facet normal 0.321412 -0.94694 0
    outer loop
      vertex 83.448 0.228348 36.4
      vertex 83.0764 0.102219 0
      vertex 83.448 0.228348 0
    endloop
  endfacet
  facet normal 0.19512 -0.980779 0
    outer loop
      vertex 82.6916 0.0256653 0
      vertex 83.0764 0.102219 36.4
      vertex 82.6916 0.0256653 36.4
    endloop
  endfacet
  facet normal 0.19512 -0.980779 0
    outer loop
      vertex 83.0764 0.102219 36.4
      vertex 82.6916 0.0256653 0
      vertex 83.0764 0.102219 0
    endloop
  endfacet
  facet normal -0.659293 0.751887 0
    outer loop
      vertex 1.17371 40.08 0
      vertex 0.878677 39.8213 36.4
      vertex 1.17371 40.08 36.4
    endloop
  endfacet
  facet normal -0.659293 0.751887 0
    outer loop
      vertex 0.878677 39.8213 36.4
      vertex 1.17371 40.08 0
      vertex 0.878677 39.8213 0
    endloop
  endfacet
  facet normal -0.751832 -0.659354 0
    outer loop
      vertex 0.878677 0.878677 0
      vertex 0.619934 1.17371 36.4
      vertex 0.619934 1.17371 0
    endloop
  endfacet
  facet normal -0.751832 -0.659354 0
    outer loop
      vertex 0.619934 1.17371 36.4
      vertex 0.878677 0.878677 0
      vertex 0.878677 0.878677 36.4
    endloop
  endfacet
  facet normal 0.659396 -0.751796 0
    outer loop
      vertex 84.1263 0.619934 0
      vertex 84.4213 0.878677 36.4
      vertex 84.1263 0.619934 36.4
    endloop
  endfacet
  facet normal 0.659396 -0.751796 0
    outer loop
      vertex 84.4213 0.878677 36.4
      vertex 84.1263 0.619934 0
      vertex 84.4213 0.878677 0
    endloop
  endfacet
  facet normal -0.0654009 -0.997859 0
    outer loop
      vertex 2.60841 0.0256653 0
      vertex 3 0 36.4
      vertex 2.60841 0.0256653 36.4
    endloop
  endfacet
  facet normal -0.0654009 -0.997859 -0
    outer loop
      vertex 3 0 36.4
      vertex 2.60841 0.0256653 0
      vertex 3 0 0
    endloop
  endfacet
  facet normal 0.555553 -0.831481 0
    outer loop
      vertex 83.8 0.401917 0
      vertex 84.1263 0.619934 36.4
      vertex 83.8 0.401917 36.4
    endloop
  endfacet
  facet normal 0.555553 -0.831481 0
    outer loop
      vertex 84.1263 0.619934 36.4
      vertex 83.8 0.401917 0
      vertex 84.1263 0.619934 0
    endloop
  endfacet
  facet normal -0.659354 -0.751832 0
    outer loop
      vertex 0.878677 0.878677 0
      vertex 1.17371 0.619934 36.4
      vertex 0.878677 0.878677 36.4
    endloop
  endfacet
  facet normal -0.659354 -0.751832 -0
    outer loop
      vertex 1.17371 0.619934 36.4
      vertex 0.878677 0.878677 0
      vertex 1.17371 0.619934 0
    endloop
  endfacet
  facet normal -0.997859 0.0653993 0
    outer loop
      vertex 0 37.7 0
      vertex 0.0256653 38.0916 36.4
      vertex 0.0256653 38.0916 0
    endloop
  endfacet
  facet normal -0.997859 0.0653993 0
    outer loop
      vertex 0.0256653 38.0916 36.4
      vertex 0 37.7 0
      vertex 0 37.7 36.4
    endloop
  endfacet
  facet normal -0.896891 0.442251 0
    outer loop
      vertex 0.228348 38.848 0
      vertex 0.401917 39.2 36.4
      vertex 0.401917 39.2 0
    endloop
  endfacet
  facet normal -0.896891 0.442251 0
    outer loop
      vertex 0.401917 39.2 36.4
      vertex 0.228348 38.848 0
      vertex 0.228348 38.848 36.4
    endloop
  endfacet
  facet normal 0.946858 0.321651 0
    outer loop
      vertex 85.1978 38.4765 36.4
      vertex 85.0716 38.848 0
      vertex 85.0716 38.848 36.4
    endloop
  endfacet
  facet normal 0.946858 0.321651 0
    outer loop
      vertex 85.0716 38.848 0
      vertex 85.1978 38.4765 36.4
      vertex 85.1978 38.4765 0
    endloop
  endfacet
  facet normal -0.555565 -0.831473 0
    outer loop
      vertex 1.17371 0.619934 0
      vertex 1.5 0.401917 36.4
      vertex 1.17371 0.619934 36.4
    endloop
  endfacet
  facet normal -0.555565 -0.831473 -0
    outer loop
      vertex 1.5 0.401917 36.4
      vertex 1.17371 0.619934 0
      vertex 1.5 0.401917 0
    endloop
  endfacet
  facet normal -0.442312 -0.896861 0
    outer loop
      vertex 1.5 0.401917 0
      vertex 1.85194 0.228348 36.4
      vertex 1.5 0.401917 36.4
    endloop
  endfacet
  facet normal -0.442312 -0.896861 -0
    outer loop
      vertex 1.85194 0.228348 36.4
      vertex 1.5 0.401917 0
      vertex 1.85194 0.228348 0
    endloop
  endfacet
  facet normal 0.194989 0.980806 -0
    outer loop
      vertex 83.0764 40.5978 0
      vertex 82.6916 40.6743 36.4
      vertex 83.0764 40.5978 36.4
    endloop
  endfacet
  facet normal 0.194989 0.980806 0
    outer loop
      vertex 82.6916 40.6743 36.4
      vertex 83.0764 40.5978 0
      vertex 82.6916 40.6743 0
    endloop
  endfacet
  facet normal -0.194955 0.980812 0
    outer loop
      vertex 2.60841 40.6743 0
      vertex 2.22354 40.5978 36.4
      vertex 2.60841 40.6743 36.4
    endloop
  endfacet
  facet normal -0.194955 0.980812 0
    outer loop
      vertex 2.22354 40.5978 36.4
      vertex 2.60841 40.6743 0
      vertex 2.22354 40.5978 0
    endloop
  endfacet
  facet normal 0.442251 -0.896891 0
    outer loop
      vertex 83.448 0.228348 0
      vertex 83.8 0.401917 36.4
      vertex 83.448 0.228348 36.4
    endloop
  endfacet
  facet normal 0.442251 -0.896891 0
    outer loop
      vertex 83.8 0.401917 36.4
      vertex 83.448 0.228348 0
      vertex 83.8 0.401917 0
    endloop
  endfacet
  facet normal -0.442171 0.896931 0
    outer loop
      vertex 1.85194 40.4716 0
      vertex 1.5 40.2981 36.4
      vertex 1.85194 40.4716 36.4
    endloop
  endfacet
  facet normal -0.442171 0.896931 0
    outer loop
      vertex 1.5 40.2981 36.4
      vertex 1.85194 40.4716 0
      vertex 1.5 40.2981 0
    endloop
  endfacet
  facet normal 0.555699 0.831383 -0
    outer loop
      vertex 84.1263 40.08 0
      vertex 83.8 40.2981 36.4
      vertex 84.1263 40.08 36.4
    endloop
  endfacet
  facet normal 0.555699 0.831383 0
    outer loop
      vertex 83.8 40.2981 36.4
      vertex 84.1263 40.08 0
      vertex 83.8 40.2981 0
    endloop
  endfacet
  facet normal 0.321574 0.946885 -0
    outer loop
      vertex 83.448 40.4716 0
      vertex 83.0764 40.5978 36.4
      vertex 83.448 40.4716 36.4
    endloop
  endfacet
  facet normal 0.321574 0.946885 0
    outer loop
      vertex 83.0764 40.5978 36.4
      vertex 83.448 40.4716 0
      vertex 83.0764 40.5978 0
    endloop
  endfacet
  facet normal 0.896931 -0.442171 0
    outer loop
      vertex 84.8981 1.5 36.4
      vertex 85.0716 1.85194 0
      vertex 85.0716 1.85194 36.4
    endloop
  endfacet
  facet normal 0.896931 -0.442171 0
    outer loop
      vertex 85.0716 1.85194 0
      vertex 84.8981 1.5 36.4
      vertex 84.8981 1.5 0
    endloop
  endfacet
  facet normal 0.0653993 -0.997859 0
    outer loop
      vertex 82.3 0 0
      vertex 82.6916 0.0256653 36.4
      vertex 82.3 0 36.4
    endloop
  endfacet
  facet normal 0.0653993 -0.997859 0
    outer loop
      vertex 82.6916 0.0256653 36.4
      vertex 82.3 0 0
      vertex 82.6916 0.0256653 0
    endloop
  endfacet
  facet normal 0.659334 0.75185 -0
    outer loop
      vertex 84.4213 39.8213 0
      vertex 84.1263 40.08 36.4
      vertex 84.4213 39.8213 36.4
    endloop
  endfacet
  facet normal 0.659334 0.75185 0
    outer loop
      vertex 84.1263 40.08 36.4
      vertex 84.4213 39.8213 0
      vertex 84.1263 40.08 0
    endloop
  endfacet
  facet normal -0.831473 -0.555565 0
    outer loop
      vertex 0.619934 1.17371 0
      vertex 0.401917 1.5 36.4
      vertex 0.401917 1.5 0
    endloop
  endfacet
  facet normal -0.831473 -0.555565 0
    outer loop
      vertex 0.401917 1.5 36.4
      vertex 0.619934 1.17371 0
      vertex 0.619934 1.17371 36.4
    endloop
  endfacet
  facet normal 0.980812 -0.194955 0
    outer loop
      vertex 85.1978 2.22354 36.4
      vertex 85.2743 2.60841 0
      vertex 85.2743 2.60841 36.4
    endloop
  endfacet
  facet normal 0.980812 -0.194955 0
    outer loop
      vertex 85.2743 2.60841 0
      vertex 85.1978 2.22354 36.4
      vertex 85.1978 2.22354 0
    endloop
  endfacet
  facet normal -0.555711 0.831375 0
    outer loop
      vertex 1.5 40.2981 0
      vertex 1.17371 40.08 36.4
      vertex 1.5 40.2981 36.4
    endloop
  endfacet
  facet normal -0.555711 0.831375 0
    outer loop
      vertex 1.17371 40.08 36.4
      vertex 1.5 40.2981 0
      vertex 1.17371 40.08 0
    endloop
  endfacet
  facet normal -0 0 1
    outer loop
      vertex 83.35 37.95 36.4
      vertex 85.3 37.7 36.4
      vertex 85.2743 38.0916 36.4
    endloop
  endfacet
  facet normal 0 0 1
    outer loop
      vertex 85.3 37.7 36.4
      vertex 83.35 37.95 36.4
      vertex 85.3 3 36.4
    endloop
  endfacet
  facet normal 0 0 1
    outer loop
      vertex 83.3431 38.0544 36.4
      vertex 85.2743 38.0916 36.4
      vertex 85.1978 38.4765 36.4
    endloop
  endfacet
  facet normal 0 0 1
    outer loop
      vertex 83.35 2.74999 36.4
      vertex 85.3 3 36.4
      vertex 83.35 37.95 36.4
    endloop
  endfacet
  facet normal 0 0 1
    outer loop
      vertex 83.3227 38.157 36.4
      vertex 85.1978 38.4765 36.4
      vertex 85.0716 38.848 36.4
    endloop
  endfacet
  facet normal 0 0 1
    outer loop
      vertex 85.3 3 36.4
      vertex 83.35 2.74999 36.4
      vertex 85.2743 2.60841 36.4
    endloop
  endfacet
  facet normal 0 0 1
    outer loop
      vertex 83.2891 38.2561 36.4
      vertex 85.0716 38.848 36.4
      vertex 84.8981 39.2 36.4
    endloop
  endfacet
  facet normal -0 0 1
    outer loop
      vertex 83.3431 2.64557 36.4
      vertex 85.2743 2.60841 36.4
      vertex 83.35 2.74999 36.4
    endloop
  endfacet
  facet normal 0 0 1
    outer loop
      vertex 83.2428 38.35 36.4
      vertex 84.8981 39.2 36.4
      vertex 84.6801 39.5263 36.4
    endloop
  endfacet
  facet normal 0 0 1
    outer loop
      vertex 85.2743 2.60841 36.4
      vertex 83.3431 2.64557 36.4
      vertex 85.1978 2.22354 36.4
    endloop
  endfacet
  facet normal 0 0 1
    outer loop
      vertex 83.1847 38.437 36.4
      vertex 84.6801 39.5263 36.4
      vertex 84.4213 39.8213 36.4
    endloop
  endfacet
  facet normal -0 0 1
    outer loop
      vertex 83.3227 2.54294 36.4
      vertex 85.1978 2.22354 36.4
      vertex 83.3431 2.64557 36.4
    endloop
  endfacet
  facet normal 0 0 1
    outer loop
      vertex 83.037 38.5847 36.4
      vertex 84.4213 39.8213 36.4
      vertex 84.1263 40.08 36.4
    endloop
  endfacet
  facet normal 0 0 1
    outer loop
      vertex 85.1978 2.22354 36.4
      vertex 83.3227 2.54294 36.4
      vertex 85.0716 1.85194 36.4
    endloop
  endfacet
  facet normal 0 0 1
    outer loop
      vertex 82.95 38.6428 36.4
      vertex 84.1263 40.08 36.4
      vertex 83.8 40.2981 36.4
    endloop
  endfacet
  facet normal -0 0 1
    outer loop
      vertex 83.2891 2.44385 36.4
      vertex 85.0716 1.85194 36.4
      vertex 83.3227 2.54294 36.4
    endloop
  endfacet
  facet normal 0 0 1
    outer loop
      vertex 82.8561 38.6891 36.4
      vertex 83.8 40.2981 36.4
      vertex 83.448 40.4716 36.4
    endloop
  endfacet
  facet normal 0 0 1
    outer loop
      vertex 85.0716 1.85194 36.4
      vertex 83.2891 2.44385 36.4
      vertex 84.8981 1.5 36.4
    endloop
  endfacet
  facet normal -0 0 1
    outer loop
      vertex 83.2428 2.34999 36.4
      vertex 84.8981 1.5 36.4
      vertex 83.2891 2.44385 36.4
    endloop
  endfacet
  facet normal 0 0 1
    outer loop
      vertex 85.2743 38.0916 36.4
      vertex 83.3431 38.0544 36.4
      vertex 83.35 37.95 36.4
    endloop
  endfacet
  facet normal 0 0 1
    outer loop
      vertex 85.1978 38.4765 36.4
      vertex 83.3227 38.157 36.4
      vertex 83.3431 38.0544 36.4
    endloop
  endfacet
  facet normal 0 0 1
    outer loop
      vertex 85.0716 38.848 36.4
      vertex 83.2891 38.2561 36.4
      vertex 83.3227 38.157 36.4
    endloop
  endfacet
  facet normal 0 0 1
    outer loop
      vertex 84.8981 39.2 36.4
      vertex 83.2428 38.35 36.4
      vertex 83.2891 38.2561 36.4
    endloop
  endfacet
  facet normal 0 0 1
    outer loop
      vertex 84.6801 39.5263 36.4
      vertex 83.1847 38.437 36.4
      vertex 83.2428 38.35 36.4
    endloop
  endfacet
  facet normal 0 0 1
    outer loop
      vertex 84.4213 39.8213 36.4
      vertex 83.1157 38.5157 36.4
      vertex 83.1847 38.437 36.4
    endloop
  endfacet
  facet normal 0 0 1
    outer loop
      vertex 82.757 38.7227 36.4
      vertex 83.448 40.4716 36.4
      vertex 83.0764 40.5978 36.4
    endloop
  endfacet
  facet normal 0 0 1
    outer loop
      vertex 84.4213 39.8213 36.4
      vertex 83.037 38.5847 36.4
      vertex 83.1157 38.5157 36.4
    endloop
  endfacet
  facet normal 0 0 1
    outer loop
      vertex 84.1263 40.08 36.4
      vertex 82.95 38.6428 36.4
      vertex 83.037 38.5847 36.4
    endloop
  endfacet
  facet normal 0 0 1
    outer loop
      vertex 83.8 40.2981 36.4
      vertex 82.8561 38.6891 36.4
      vertex 82.95 38.6428 36.4
    endloop
  endfacet
  facet normal 0 0 1
    outer loop
      vertex 83.448 40.4716 36.4
      vertex 82.757 38.7227 36.4
      vertex 82.8561 38.6891 36.4
    endloop
  endfacet
  facet normal 0 0 1
    outer loop
      vertex 82.6544 38.7432 36.4
      vertex 83.0764 40.5978 36.4
      vertex 82.6916 40.6743 36.4
    endloop
  endfacet
  facet normal 0 0 1
    outer loop
      vertex 83.0764 40.5978 36.4
      vertex 82.6544 38.7432 36.4
      vertex 82.757 38.7227 36.4
    endloop
  endfacet
  facet normal 0 0 1
    outer loop
      vertex 82.6916 40.6743 36.4
      vertex 82.55 38.75 36.4
      vertex 82.6544 38.7432 36.4
    endloop
  endfacet
  facet normal 0 0 1
    outer loop
      vertex 82.3 40.7 36.4
      vertex 82.55 38.75 36.4
      vertex 82.6916 40.6743 36.4
    endloop
  endfacet
  facet normal -0 0 1
    outer loop
      vertex 3 40.7 36.4
      vertex 82.55 38.75 36.4
      vertex 82.3 40.7 36.4
    endloop
  endfacet
  facet normal 0 0 1
    outer loop
      vertex 3 40.7 36.4
      vertex 2.74999 38.75 36.4
      vertex 82.55 38.75 36.4
    endloop
  endfacet
  facet normal -0 0 1
    outer loop
      vertex 2.60841 40.6743 36.4
      vertex 2.74999 38.75 36.4
      vertex 3 40.7 36.4
    endloop
  endfacet
  facet normal 0 0 1
    outer loop
      vertex 2.74999 38.75 36.4
      vertex 2.60841 40.6743 36.4
      vertex 2.64557 38.7432 36.4
    endloop
  endfacet
  facet normal -0 0 1
    outer loop
      vertex 2.22354 40.5978 36.4
      vertex 2.64557 38.7432 36.4
      vertex 2.60841 40.6743 36.4
    endloop
  endfacet
  facet normal 0 0 1
    outer loop
      vertex 2.64557 38.7432 36.4
      vertex 2.22354 40.5978 36.4
      vertex 2.54294 38.7227 36.4
    endloop
  endfacet
  facet normal -0 0 1
    outer loop
      vertex 1.85194 40.4716 36.4
      vertex 2.54294 38.7227 36.4
      vertex 2.22354 40.5978 36.4
    endloop
  endfacet
  facet normal 0 0 1
    outer loop
      vertex 2.54294 38.7227 36.4
      vertex 1.85194 40.4716 36.4
      vertex 2.44385 38.6891 36.4
    endloop
  endfacet
  facet normal -0 0 1
    outer loop
      vertex 1.5 40.2981 36.4
      vertex 2.44385 38.6891 36.4
      vertex 1.85194 40.4716 36.4
    endloop
  endfacet
  facet normal 0 0 1
    outer loop
      vertex 2.44385 38.6891 36.4
      vertex 1.5 40.2981 36.4
      vertex 2.34999 38.6428 36.4
    endloop
  endfacet
  facet normal -0 0 1
    outer loop
      vertex 1.17371 40.08 36.4
      vertex 2.34999 38.6428 36.4
      vertex 1.5 40.2981 36.4
    endloop
  endfacet
  facet normal 0 0 1
    outer loop
      vertex 2.34999 38.6428 36.4
      vertex 1.17371 40.08 36.4
      vertex 2.26299 38.5847 36.4
    endloop
  endfacet
  facet normal -0 0 1
    outer loop
      vertex 0.878677 39.8213 36.4
      vertex 2.26299 38.5847 36.4
      vertex 1.17371 40.08 36.4
    endloop
  endfacet
  facet normal 0 0 1
    outer loop
      vertex 2.26299 38.5847 36.4
      vertex 0.878677 39.8213 36.4
      vertex 2.18431 38.5157 36.4
    endloop
  endfacet
  facet normal 0 0 1
    outer loop
      vertex 2.18431 38.5157 36.4
      vertex 0.878677 39.8213 36.4
      vertex 2.11531 38.437 36.4
    endloop
  endfacet
  facet normal -0 0 1
    outer loop
      vertex 0.401917 39.2 36.4
      vertex 2.05718 38.35 36.4
      vertex 0.619934 39.5263 36.4
    endloop
  endfacet
  facet normal 0 0 1
    outer loop
      vertex 2.11531 38.437 36.4
      vertex 0.619934 39.5263 36.4
      vertex 2.05718 38.35 36.4
    endloop
  endfacet
  facet normal -0 0 1
    outer loop
      vertex 0.619934 39.5263 36.4
      vertex 2.11531 38.437 36.4
      vertex 0.878677 39.8213 36.4
    endloop
  endfacet
  facet normal 0 0 1
    outer loop
      vertex 84.8981 1.5 36.4
      vertex 83.2428 2.34999 36.4
      vertex 84.6801 1.17371 36.4
    endloop
  endfacet
  facet normal -0 0 1
    outer loop
      vertex 83.1847 2.26299 36.4
      vertex 84.6801 1.17371 36.4
      vertex 83.2428 2.34999 36.4
    endloop
  endfacet
  facet normal 0 0 1
    outer loop
      vertex 84.6801 1.17371 36.4
      vertex 83.1847 2.26299 36.4
      vertex 84.4213 0.878677 36.4
    endloop
  endfacet
  facet normal -0 0 1
    outer loop
      vertex 83.1157 2.18431 36.4
      vertex 84.4213 0.878677 36.4
      vertex 83.1847 2.26299 36.4
    endloop
  endfacet
  facet normal -0 0 1
    outer loop
      vertex 83.037 2.11531 36.4
      vertex 84.4213 0.878677 36.4
      vertex 83.1157 2.18431 36.4
    endloop
  endfacet
  facet normal 0 0 1
    outer loop
      vertex 84.4213 0.878677 36.4
      vertex 83.037 2.11531 36.4
      vertex 84.1263 0.619934 36.4
    endloop
  endfacet
  facet normal -0 0 1
    outer loop
      vertex 82.95 2.05718 36.4
      vertex 84.1263 0.619934 36.4
      vertex 83.037 2.11531 36.4
    endloop
  endfacet
  facet normal 0 0 1
    outer loop
      vertex 84.1263 0.619934 36.4
      vertex 82.95 2.05718 36.4
      vertex 83.8 0.401917 36.4
    endloop
  endfacet
  facet normal -0 0 1
    outer loop
      vertex 82.8561 2.01088 36.4
      vertex 83.8 0.401917 36.4
      vertex 82.95 2.05718 36.4
    endloop
  endfacet
  facet normal 0 0 1
    outer loop
      vertex 83.8 0.401917 36.4
      vertex 82.8561 2.01088 36.4
      vertex 83.448 0.228348 36.4
    endloop
  endfacet
  facet normal -0 0 1
    outer loop
      vertex 82.757 1.97725 36.4
      vertex 83.448 0.228348 36.4
      vertex 82.8561 2.01088 36.4
    endloop
  endfacet
  facet normal 0 0 1
    outer loop
      vertex 83.448 0.228348 36.4
      vertex 82.757 1.97725 36.4
      vertex 83.0764 0.102219 36.4
    endloop
  endfacet
  facet normal -0 0 1
    outer loop
      vertex 82.6544 1.95684 36.4
      vertex 83.0764 0.102219 36.4
      vertex 82.757 1.97725 36.4
    endloop
  endfacet
  facet normal 0 0 1
    outer loop
      vertex 83.0764 0.102219 36.4
      vertex 82.6544 1.95684 36.4
      vertex 82.6916 0.0256653 36.4
    endloop
  endfacet
  facet normal -0 0 1
    outer loop
      vertex 82.55 1.95 36.4
      vertex 82.6916 0.0256653 36.4
      vertex 82.6544 1.95684 36.4
    endloop
  endfacet
  facet normal 0 0 1
    outer loop
      vertex 82.55 1.95 36.4
      vertex 82.3 0 36.4
      vertex 82.6916 0.0256653 36.4
    endloop
  endfacet
  facet normal 0 0 1
    outer loop
      vertex 82.55 1.95 36.4
      vertex 3 0 36.4
      vertex 82.3 0 36.4
    endloop
  endfacet
  facet normal -0 0 1
    outer loop
      vertex 2.74999 1.95 36.4
      vertex 3 0 36.4
      vertex 82.55 1.95 36.4
    endloop
  endfacet
  facet normal 0 0 1
    outer loop
      vertex 2.60841 0.0256653 36.4
      vertex 2.74999 1.95 36.4
      vertex 2.64557 1.95684 36.4
    endloop
  endfacet
  facet normal 0 0 1
    outer loop
      vertex 2.74999 1.95 36.4
      vertex 2.60841 0.0256653 36.4
      vertex 3 0 36.4
    endloop
  endfacet
  facet normal 0 0 1
    outer loop
      vertex 2.22354 0.102219 36.4
      vertex 2.64557 1.95684 36.4
      vertex 2.54294 1.97725 36.4
    endloop
  endfacet
  facet normal 0 0 1
    outer loop
      vertex 1.85194 0.228348 36.4
      vertex 2.54294 1.97725 36.4
      vertex 2.44385 2.01088 36.4
    endloop
  endfacet
  facet normal 0 0 1
    outer loop
      vertex 1.5 0.401917 36.4
      vertex 2.44385 2.01088 36.4
      vertex 2.34999 2.05718 36.4
    endloop
  endfacet
  facet normal 0 0 1
    outer loop
      vertex 1.17371 0.619934 36.4
      vertex 2.34999 2.05718 36.4
      vertex 2.26299 2.11531 36.4
    endloop
  endfacet
  facet normal 0 0 1
    outer loop
      vertex 2.64557 1.95684 36.4
      vertex 2.22354 0.102219 36.4
      vertex 2.60841 0.0256653 36.4
    endloop
  endfacet
  facet normal 0 0 1
    outer loop
      vertex 0.878677 0.878677 36.4
      vertex 2.26299 2.11531 36.4
      vertex 2.18431 2.18431 36.4
    endloop
  endfacet
  facet normal 0 0 1
    outer loop
      vertex 0.878677 0.878677 36.4
      vertex 2.18431 2.18431 36.4
      vertex 2.11531 2.26299 36.4
    endloop
  endfacet
  facet normal 0 0 1
    outer loop
      vertex 0.619934 1.17371 36.4
      vertex 2.11531 2.26299 36.4
      vertex 2.05718 2.34999 36.4
    endloop
  endfacet
  facet normal 0 0 1
    outer loop
      vertex 0.401917 1.5 36.4
      vertex 2.05718 2.34999 36.4
      vertex 2.01088 2.44385 36.4
    endloop
  endfacet
  facet normal 0 0 1
    outer loop
      vertex 0.228348 1.85194 36.4
      vertex 2.01088 2.44385 36.4
      vertex 1.97725 2.54294 36.4
    endloop
  endfacet
  facet normal 0 0 1
    outer loop
      vertex 0.102219 2.22354 36.4
      vertex 1.97725 2.54294 36.4
      vertex 1.95684 2.64557 36.4
    endloop
  endfacet
  facet normal 0 0 1
    outer loop
      vertex 2.54294 1.97725 36.4
      vertex 1.85194 0.228348 36.4
      vertex 2.22354 0.102219 36.4
    endloop
  endfacet
  facet normal 0 0 1
    outer loop
      vertex 0.0256653 2.60841 36.4
      vertex 1.95684 2.64557 36.4
      vertex 1.95 2.74999 36.4
    endloop
  endfacet
  facet normal 0 0 1
    outer loop
      vertex 1.95 37.95 36.4
      vertex 0 37.7 36.4
      vertex 1.95 2.74999 36.4
    endloop
  endfacet
  facet normal 0 0 1
    outer loop
      vertex 2.05718 38.35 36.4
      vertex 0.401917 39.2 36.4
      vertex 2.01088 38.2561 36.4
    endloop
  endfacet
  facet normal -0 0 1
    outer loop
      vertex 0 3 36.4
      vertex 1.95 2.74999 36.4
      vertex 0 37.7 36.4
    endloop
  endfacet
  facet normal -0 0 1
    outer loop
      vertex 0.228348 38.848 36.4
      vertex 2.01088 38.2561 36.4
      vertex 0.401917 39.2 36.4
    endloop
  endfacet
  facet normal 0 -0 1
    outer loop
      vertex 0.0256653 2.60841 36.4
      vertex 1.95 2.74999 36.4
      vertex 0 3 36.4
    endloop
  endfacet
  facet normal 0 0 1
    outer loop
      vertex 2.01088 38.2561 36.4
      vertex 0.228348 38.848 36.4
      vertex 1.97725 38.157 36.4
    endloop
  endfacet
  facet normal 0 0 1
    outer loop
      vertex 2.44385 2.01088 36.4
      vertex 1.5 0.401917 36.4
      vertex 1.85194 0.228348 36.4
    endloop
  endfacet
  facet normal -0 0 1
    outer loop
      vertex 0.102219 38.4765 36.4
      vertex 1.97725 38.157 36.4
      vertex 0.228348 38.848 36.4
    endloop
  endfacet
  facet normal 0 0 1
    outer loop
      vertex 2.34999 2.05718 36.4
      vertex 1.17371 0.619934 36.4
      vertex 1.5 0.401917 36.4
    endloop
  endfacet
  facet normal 0 0 1
    outer loop
      vertex 1.97725 38.157 36.4
      vertex 0.102219 38.4765 36.4
      vertex 1.95684 38.0544 36.4
    endloop
  endfacet
  facet normal 0 0 1
    outer loop
      vertex 2.26299 2.11531 36.4
      vertex 0.878677 0.878677 36.4
      vertex 1.17371 0.619934 36.4
    endloop
  endfacet
  facet normal -0 0 1
    outer loop
      vertex 0.0256653 38.0916 36.4
      vertex 1.95684 38.0544 36.4
      vertex 0.102219 38.4765 36.4
    endloop
  endfacet
  facet normal 0 0 1
    outer loop
      vertex 2.11531 2.26299 36.4
      vertex 0.619934 1.17371 36.4
      vertex 0.878677 0.878677 36.4
    endloop
  endfacet
  facet normal 0 0 1
    outer loop
      vertex 1.95684 38.0544 36.4
      vertex 0.0256653 38.0916 36.4
      vertex 1.95 37.95 36.4
    endloop
  endfacet
  facet normal 0 0 1
    outer loop
      vertex 2.05718 2.34999 36.4
      vertex 0.401917 1.5 36.4
      vertex 0.619934 1.17371 36.4
    endloop
  endfacet
  facet normal 0 0 1
    outer loop
      vertex 1.95 37.95 36.4
      vertex 0.0256653 38.0916 36.4
      vertex 0 37.7 36.4
    endloop
  endfacet
  facet normal 0 0 1
    outer loop
      vertex 2.01088 2.44385 36.4
      vertex 0.228348 1.85194 36.4
      vertex 0.401917 1.5 36.4
    endloop
  endfacet
  facet normal 0 0 1
    outer loop
      vertex 1.97725 2.54294 36.4
      vertex 0.102219 2.22354 36.4
      vertex 0.228348 1.85194 36.4
    endloop
  endfacet
  facet normal 0 0 1
    outer loop
      vertex 1.95684 2.64557 36.4
      vertex 0.0256653 2.60841 36.4
      vertex 0.102219 2.22354 36.4
    endloop
  endfacet
  facet normal -0.831481 0.555553 0
    outer loop
      vertex 0.401917 39.2 0
      vertex 0.619934 39.5263 36.4
      vertex 0.619934 39.5263 0
    endloop
  endfacet
  facet normal -0.831481 0.555553 0
    outer loop
      vertex 0.619934 39.5263 36.4
      vertex 0.401917 39.2 0
      vertex 0.401917 39.2 36.4
    endloop
  endfacet
  facet normal 0.44211 0.896961 -0
    outer loop
      vertex 83.8 40.2981 0
      vertex 83.448 40.4716 36.4
      vertex 83.8 40.2981 36.4
    endloop
  endfacet
  facet normal 0.44211 0.896961 0
    outer loop
      vertex 83.448 40.4716 36.4
      vertex 83.8 40.2981 0
      vertex 83.448 40.4716 0
    endloop
  endfacet
  facet normal 0.751724 0.659478 0
    outer loop
      vertex 84.6801 39.5263 36.4
      vertex 84.4213 39.8213 0
      vertex 84.4213 39.8213 36.4
    endloop
  endfacet
  facet normal 0.751724 0.659478 0
    outer loop
      vertex 84.4213 39.8213 0
      vertex 84.6801 39.5263 36.4
      vertex 84.6801 39.5263 0
    endloop
  endfacet
  facet normal 0 0 -1
    outer loop
      vertex 82.3 0 0
      vertex 85.3 3 0
      vertex 85.2743 2.60841 0
    endloop
  endfacet
  facet normal -0 0 -1
    outer loop
      vertex 85.3 3 0
      vertex 82.3 0 0
      vertex 85.3 37.7 0
    endloop
  endfacet
  facet normal 0 0 -1
    outer loop
      vertex 82.3 0 0
      vertex 85.2743 2.60841 0
      vertex 85.1978 2.22354 0
    endloop
  endfacet
  facet normal 0 0 -1
    outer loop
      vertex 82.3 40.7 0
      vertex 85.3 37.7 0
      vertex 82.3 0 0
    endloop
  endfacet
  facet normal 0 0 -1
    outer loop
      vertex 82.3 0 0
      vertex 85.1978 2.22354 0
      vertex 85.0716 1.85194 0
    endloop
  endfacet
  facet normal 0 0 -1
    outer loop
      vertex 85.3 37.7 0
      vertex 82.3 40.7 0
      vertex 85.2743 38.0916 0
    endloop
  endfacet
  facet normal 0 0 -1
    outer loop
      vertex 82.3 0 0
      vertex 85.0716 1.85194 0
      vertex 84.8981 1.5 0
    endloop
  endfacet
  facet normal 0 0 -1
    outer loop
      vertex 85.2743 38.0916 0
      vertex 82.3 40.7 0
      vertex 85.1978 38.4765 0
    endloop
  endfacet
  facet normal 0 0 -1
    outer loop
      vertex 82.3 0 0
      vertex 84.8981 1.5 0
      vertex 84.6801 1.17371 0
    endloop
  endfacet
  facet normal 0 0 -1
    outer loop
      vertex 85.1978 38.4765 0
      vertex 82.3 40.7 0
      vertex 85.0716 38.848 0
    endloop
  endfacet
  facet normal 0 0 -1
    outer loop
      vertex 82.3 0 0
      vertex 84.6801 1.17371 0
      vertex 84.4213 0.878677 0
    endloop
  endfacet
  facet normal 0 0 -1
    outer loop
      vertex 85.0716 38.848 0
      vertex 82.3 40.7 0
      vertex 84.8981 39.2 0
    endloop
  endfacet
  facet normal 0 0 -1
    outer loop
      vertex 82.3 0 0
      vertex 84.4213 0.878677 0
      vertex 84.1263 0.619934 0
    endloop
  endfacet
  facet normal 0 0 -1
    outer loop
      vertex 84.8981 39.2 0
      vertex 82.3 40.7 0
      vertex 84.6801 39.5263 0
    endloop
  endfacet
  facet normal 0 0 -1
    outer loop
      vertex 82.3 0 0
      vertex 84.1263 0.619934 0
      vertex 83.8 0.401917 0
    endloop
  endfacet
  facet normal 0 0 -1
    outer loop
      vertex 84.6801 39.5263 0
      vertex 82.3 40.7 0
      vertex 84.4213 39.8213 0
    endloop
  endfacet
  facet normal 0 0 -1
    outer loop
      vertex 82.3 0 0
      vertex 83.8 0.401917 0
      vertex 83.448 0.228348 0
    endloop
  endfacet
  facet normal 0 0 -1
    outer loop
      vertex 84.4213 39.8213 0
      vertex 82.3 40.7 0
      vertex 84.1263 40.08 0
    endloop
  endfacet
  facet normal 0 0 -1
    outer loop
      vertex 82.3 0 0
      vertex 83.448 0.228348 0
      vertex 83.0764 0.102219 0
    endloop
  endfacet
  facet normal 0 0 -1
    outer loop
      vertex 84.1263 40.08 0
      vertex 82.3 40.7 0
      vertex 83.8 40.2981 0
    endloop
  endfacet
  facet normal 0 0 -1
    outer loop
      vertex 82.3 0 0
      vertex 83.0764 0.102219 0
      vertex 82.6916 0.0256653 0
    endloop
  endfacet
  facet normal 0 0 -1
    outer loop
      vertex 83.8 40.2981 0
      vertex 82.3 40.7 0
      vertex 83.448 40.4716 0
    endloop
  endfacet
  facet normal 0 0 -1
    outer loop
      vertex 83.448 40.4716 0
      vertex 82.3 40.7 0
      vertex 83.0764 40.5978 0
    endloop
  endfacet
  facet normal 0 0 -1
    outer loop
      vertex 83.0764 40.5978 0
      vertex 82.3 40.7 0
      vertex 82.6916 40.6743 0
    endloop
  endfacet
  facet normal 0 0 -1
    outer loop
      vertex 3 0 0
      vertex 82.3 40.7 0
      vertex 82.3 0 0
    endloop
  endfacet
  facet normal 0 0 -1
    outer loop
      vertex 3 0 0
      vertex 3 40.7 0
      vertex 82.3 40.7 0
    endloop
  endfacet
  facet normal 0 0 -1
    outer loop
      vertex 0 3 0
      vertex 3 0 0
      vertex 2.60841 0.0256653 0
    endloop
  endfacet
  facet normal 0 0 -1
    outer loop
      vertex 3 0 0
      vertex 0 3 0
      vertex 3 40.7 0
    endloop
  endfacet
  facet normal 0 0 -1
    outer loop
      vertex 0 3 0
      vertex 2.60841 0.0256653 0
      vertex 2.22354 0.102219 0
    endloop
  endfacet
  facet normal 0 0 -1
    outer loop
      vertex 0 37.7 0
      vertex 3 40.7 0
      vertex 0 3 0
    endloop
  endfacet
  facet normal 0 0 -1
    outer loop
      vertex 0 3 0
      vertex 2.22354 0.102219 0
      vertex 1.85194 0.228348 0
    endloop
  endfacet
  facet normal 0 0 -1
    outer loop
      vertex 3 40.7 0
      vertex 0 37.7 0
      vertex 2.60841 40.6743 0
    endloop
  endfacet
  facet normal 0 0 -1
    outer loop
      vertex 0 3 0
      vertex 1.85194 0.228348 0
      vertex 1.5 0.401917 0
    endloop
  endfacet
  facet normal 0 0 -1
    outer loop
      vertex 2.60841 40.6743 0
      vertex 0 37.7 0
      vertex 2.22354 40.5978 0
    endloop
  endfacet
  facet normal 0 0 -1
    outer loop
      vertex 0 3 0
      vertex 1.5 0.401917 0
      vertex 1.17371 0.619934 0
    endloop
  endfacet
  facet normal 0 0 -1
    outer loop
      vertex 2.22354 40.5978 0
      vertex 0 37.7 0
      vertex 1.85194 40.4716 0
    endloop
  endfacet
  facet normal 0 0 -1
    outer loop
      vertex 0 3 0
      vertex 1.17371 0.619934 0
      vertex 0.878677 0.878677 0
    endloop
  endfacet
  facet normal 0 0 -1
    outer loop
      vertex 1.85194 40.4716 0
      vertex 0 37.7 0
      vertex 1.5 40.2981 0
    endloop
  endfacet
  facet normal 0 0 -1
    outer loop
      vertex 0 3 0
      vertex 0.878677 0.878677 0
      vertex 0.619934 1.17371 0
    endloop
  endfacet
  facet normal 0 0 -1
    outer loop
      vertex 1.5 40.2981 0
      vertex 0 37.7 0
      vertex 1.17371 40.08 0
    endloop
  endfacet
  facet normal 0 0 -1
    outer loop
      vertex 0 3 0
      vertex 0.619934 1.17371 0
      vertex 0.401917 1.5 0
    endloop
  endfacet
  facet normal 0 0 -1
    outer loop
      vertex 1.17371 40.08 0
      vertex 0 37.7 0
      vertex 0.878677 39.8213 0
    endloop
  endfacet
  facet normal 0 0 -1
    outer loop
      vertex 0 3 0
      vertex 0.401917 1.5 0
      vertex 0.228348 1.85194 0
    endloop
  endfacet
  facet normal 0 0 -1
    outer loop
      vertex 0.878677 39.8213 0
      vertex 0 37.7 0
      vertex 0.619934 39.5263 0
    endloop
  endfacet
  facet normal 0 0 -1
    outer loop
      vertex 0 3 0
      vertex 0.228348 1.85194 0
      vertex 0.102219 2.22354 0
    endloop
  endfacet
  facet normal 0 0 -1
    outer loop
      vertex 0.619934 39.5263 0
      vertex 0 37.7 0
      vertex 0.401917 39.2 0
    endloop
  endfacet
  facet normal 0 0 -1
    outer loop
      vertex 0 3 0
      vertex 0.102219 2.22354 0
      vertex 0.0256653 2.60841 0
    endloop
  endfacet
  facet normal 0 0 -1
    outer loop
      vertex 0.401917 39.2 0
      vertex 0 37.7 0
      vertex 0.228348 38.848 0
    endloop
  endfacet
  facet normal 0 0 -1
    outer loop
      vertex 0.228348 38.848 0
      vertex 0 37.7 0
      vertex 0.102219 38.4765 0
    endloop
  endfacet
  facet normal 0 0 -1
    outer loop
      vertex 0.102219 38.4765 0
      vertex 0 37.7 0
      vertex 0.0256653 38.0916 0
    endloop
  endfacet
  facet normal -0.555362 -0.831609 0
    outer loop
      vertex 82.7 38.3928 2.2
      vertex 82.787 38.3347 32.4
      vertex 82.7 38.3928 32.4
    endloop
  endfacet
  facet normal -0.555362 -0.831609 -0
    outer loop
      vertex 82.787 38.3347 32.4
      vertex 82.7 38.3928 2.2
      vertex 82.787 38.3347 2.2
    endloop
  endfacet
  facet normal 0.980793 0.19505 0
    outer loop
      vertex 2.22725 2.79294 32.4
      vertex 2.20684 2.89557 2.2
      vertex 2.20684 2.89557 32.4
    endloop
  endfacet
  facet normal 0.980793 0.19505 0
    outer loop
      vertex 2.20684 2.89557 2.2
      vertex 2.22725 2.79294 32.4
      vertex 2.22725 2.79294 2.2
    endloop
  endfacet
  facet normal -0.195105 0.980782 0
    outer loop
      vertex 82.507 2.22725 2.2
      vertex 82.4044 2.20684 32.4
      vertex 82.507 2.22725 32.4
    endloop
  endfacet
  facet normal -0.195105 0.980782 0
    outer loop
      vertex 82.4044 2.20684 32.4
      vertex 82.507 2.22725 2.2
      vertex 82.4044 2.20684 2.2
    endloop
  endfacet
  facet normal 0.997861 0.0653646 0
    outer loop
      vertex 2.20684 2.89557 32.4
      vertex 2.2 2.99999 2.2
      vertex 2.2 2.99999 32.4
    endloop
  endfacet
  facet normal 0.997861 0.0653646 0
    outer loop
      vertex 2.2 2.99999 2.2
      vertex 2.20684 2.89557 32.4
      vertex 2.20684 2.89557 2.2
    endloop
  endfacet
  facet normal -0.980812 0.194958 0
    outer loop
      vertex 83.0727 2.79294 2.2
      vertex 83.0931 2.89557 32.4
      vertex 83.0931 2.89557 2.2
    endloop
  endfacet
  facet normal -0.980812 0.194958 0
    outer loop
      vertex 83.0931 2.89557 32.4
      vertex 83.0727 2.79294 2.2
      vertex 83.0727 2.79294 32.4
    endloop
  endfacet
  facet normal -1 0 0
    outer loop
      vertex 83.1 37.7 2.2
      vertex 83.1 23.6 16.2
      vertex 83.1 37.7 32.4
    endloop
  endfacet
  facet normal -1 0 0
    outer loop
      vertex 83.1 37.7 2.2
      vertex 83.1 23.5722 15.7758
      vertex 83.1 23.6 16.2
    endloop
  endfacet
  facet normal -1 0 0
    outer loop
      vertex 83.1 37.7 2.2
      vertex 83.1 23.4893 15.3588
      vertex 83.1 23.5722 15.7758
    endloop
  endfacet
  facet normal -1 0 0
    outer loop
      vertex 83.1 37.7 2.2
      vertex 83.1 23.3526 14.9563
      vertex 83.1 23.4893 15.3588
    endloop
  endfacet
  facet normal -1 0 0
    outer loop
      vertex 83.1 37.7 2.2
      vertex 83.1 23.1646 14.575
      vertex 83.1 23.3526 14.9563
    endloop
  endfacet
  facet normal -1 0 0
    outer loop
      vertex 83.1 37.7 2.2
      vertex 83.1 22.9284 14.2215
      vertex 83.1 23.1646 14.575
    endloop
  endfacet
  facet normal -1 0 0
    outer loop
      vertex 83.1 37.7 2.2
      vertex 83.1 22.6481 13.9019
      vertex 83.1 22.9284 14.2215
    endloop
  endfacet
  facet normal -1 0 0
    outer loop
      vertex 83.1 37.7 2.2
      vertex 83.1 22.3285 13.6216
      vertex 83.1 22.6481 13.9019
    endloop
  endfacet
  facet normal -1 0 0
    outer loop
      vertex 83.1 37.7 2.2
      vertex 83.1 21.975 13.3854
      vertex 83.1 22.3285 13.6216
    endloop
  endfacet
  facet normal -1 0 0
    outer loop
      vertex 83.1 37.7 2.2
      vertex 83.1 21.5937 13.1974
      vertex 83.1 21.975 13.3854
    endloop
  endfacet
  facet normal -1 0 0
    outer loop
      vertex 83.1 37.7 2.2
      vertex 83.1 21.1912 13.0607
      vertex 83.1 21.5937 13.1974
    endloop
  endfacet
  facet normal -1 0 0
    outer loop
      vertex 83.1 37.7 2.2
      vertex 83.1 20.7742 12.9778
      vertex 83.1 21.1912 13.0607
    endloop
  endfacet
  facet normal -1 0 0
    outer loop
      vertex 83.1 37.7 2.2
      vertex 83.1 20.35 12.95
      vertex 83.1 20.7742 12.9778
    endloop
  endfacet
  facet normal -1 0 0
    outer loop
      vertex 83.1 2.99999 2.2
      vertex 83.1 20.35 12.95
      vertex 83.1 37.7 2.2
    endloop
  endfacet
  facet normal -1 -0 0
    outer loop
      vertex 83.1 20.35 12.95
      vertex 83.1 2.99999 2.2
      vertex 83.1 19.9258 12.9778
    endloop
  endfacet
  facet normal -1 -0 0
    outer loop
      vertex 83.1 19.9258 12.9778
      vertex 83.1 2.99999 2.2
      vertex 83.1 19.5088 13.0607
    endloop
  endfacet
  facet normal -1 -0 0
    outer loop
      vertex 83.1 19.5088 13.0607
      vertex 83.1 2.99999 2.2
      vertex 83.1 19.1063 13.1974
    endloop
  endfacet
  facet normal -1 -0 0
    outer loop
      vertex 83.1 17.1278 15.7758
      vertex 83.1 2.99999 2.2
      vertex 83.1 17.1 16.2
    endloop
  endfacet
  facet normal -1 -0 0
    outer loop
      vertex 83.1 17.2107 15.3588
      vertex 83.1 2.99999 2.2
      vertex 83.1 17.1278 15.7758
    endloop
  endfacet
  facet normal -1 -0 0
    outer loop
      vertex 83.1 17.3474 14.9563
      vertex 83.1 2.99999 2.2
      vertex 83.1 17.2107 15.3588
    endloop
  endfacet
  facet normal -1 -0 0
    outer loop
      vertex 83.1 17.5354 14.575
      vertex 83.1 2.99999 2.2
      vertex 83.1 17.3474 14.9563
    endloop
  endfacet
  facet normal -1 -0 0
    outer loop
      vertex 83.1 17.7716 14.2215
      vertex 83.1 2.99999 2.2
      vertex 83.1 17.5354 14.575
    endloop
  endfacet
  facet normal -1 -0 0
    outer loop
      vertex 83.1 18.0519 13.9019
      vertex 83.1 2.99999 2.2
      vertex 83.1 17.7716 14.2215
    endloop
  endfacet
  facet normal -1 -0 0
    outer loop
      vertex 83.1 18.3715 13.6216
      vertex 83.1 2.99999 2.2
      vertex 83.1 18.0519 13.9019
    endloop
  endfacet
  facet normal -1 -0 0
    outer loop
      vertex 83.1 18.725 13.3854
      vertex 83.1 2.99999 2.2
      vertex 83.1 18.3715 13.6216
    endloop
  endfacet
  facet normal -1 -0 0
    outer loop
      vertex 83.1 19.1063 13.1974
      vertex 83.1 2.99999 2.2
      vertex 83.1 18.725 13.3854
    endloop
  endfacet
  facet normal -1 0 0
    outer loop
      vertex 83.1 23.5722 16.6242
      vertex 83.1 37.7 32.4
      vertex 83.1 23.6 16.2
    endloop
  endfacet
  facet normal -1 0 0
    outer loop
      vertex 83.1 23.4893 17.0412
      vertex 83.1 37.7 32.4
      vertex 83.1 23.5722 16.6242
    endloop
  endfacet
  facet normal -1 0 0
    outer loop
      vertex 83.1 23.3526 17.4437
      vertex 83.1 37.7 32.4
      vertex 83.1 23.4893 17.0412
    endloop
  endfacet
  facet normal -1 0 0
    outer loop
      vertex 83.1 23.1646 17.825
      vertex 83.1 37.7 32.4
      vertex 83.1 23.3526 17.4437
    endloop
  endfacet
  facet normal -1 0 0
    outer loop
      vertex 83.1 22.9284 18.1785
      vertex 83.1 37.7 32.4
      vertex 83.1 23.1646 17.825
    endloop
  endfacet
  facet normal -1 0 0
    outer loop
      vertex 83.1 22.6481 18.4981
      vertex 83.1 37.7 32.4
      vertex 83.1 22.9284 18.1785
    endloop
  endfacet
  facet normal -1 0 0
    outer loop
      vertex 83.1 22.3285 18.7784
      vertex 83.1 37.7 32.4
      vertex 83.1 22.6481 18.4981
    endloop
  endfacet
  facet normal -1 0 0
    outer loop
      vertex 83.1 21.975 19.0146
      vertex 83.1 37.7 32.4
      vertex 83.1 22.3285 18.7784
    endloop
  endfacet
  facet normal -1 0 0
    outer loop
      vertex 83.1 21.5937 19.2026
      vertex 83.1 37.7 32.4
      vertex 83.1 21.975 19.0146
    endloop
  endfacet
  facet normal -1 0 0
    outer loop
      vertex 83.1 21.1912 19.3393
      vertex 83.1 37.7 32.4
      vertex 83.1 21.5937 19.2026
    endloop
  endfacet
  facet normal -1 0 0
    outer loop
      vertex 83.1 20.7742 19.4222
      vertex 83.1 37.7 32.4
      vertex 83.1 21.1912 19.3393
    endloop
  endfacet
  facet normal -1 0 0
    outer loop
      vertex 83.1 20.35 19.45
      vertex 83.1 37.7 32.4
      vertex 83.1 20.7742 19.4222
    endloop
  endfacet
  facet normal -1 0 0
    outer loop
      vertex 83.1 2.99999 32.4
      vertex 83.1 20.35 19.45
      vertex 83.1 19.9258 19.4222
    endloop
  endfacet
  facet normal -1 0 0
    outer loop
      vertex 83.1 2.99999 32.4
      vertex 83.1 19.9258 19.4222
      vertex 83.1 19.5088 19.3393
    endloop
  endfacet
  facet normal -1 0 0
    outer loop
      vertex 83.1 2.99999 32.4
      vertex 83.1 19.5088 19.3393
      vertex 83.1 19.1063 19.2026
    endloop
  endfacet
  facet normal -1 0 0
    outer loop
      vertex 83.1 2.99999 32.4
      vertex 83.1 19.1063 19.2026
      vertex 83.1 18.725 19.0146
    endloop
  endfacet
  facet normal -1 0 0
    outer loop
      vertex 83.1 2.99999 32.4
      vertex 83.1 18.725 19.0146
      vertex 83.1 18.3715 18.7784
    endloop
  endfacet
  facet normal -1 0 0
    outer loop
      vertex 83.1 2.99999 2.2
      vertex 83.1 17.1278 16.6242
      vertex 83.1 17.1 16.2
    endloop
  endfacet
  facet normal -1 0 0
    outer loop
      vertex 83.1 2.99999 32.4
      vertex 83.1 17.1278 16.6242
      vertex 83.1 2.99999 2.2
    endloop
  endfacet
  facet normal -1 0 0
    outer loop
      vertex 83.1 17.1278 16.6242
      vertex 83.1 2.99999 32.4
      vertex 83.1 17.2107 17.0412
    endloop
  endfacet
  facet normal -1 0 0
    outer loop
      vertex 83.1 17.2107 17.0412
      vertex 83.1 2.99999 32.4
      vertex 83.1 17.3474 17.4437
    endloop
  endfacet
  facet normal -1 0 0
    outer loop
      vertex 83.1 17.3474 17.4437
      vertex 83.1 2.99999 32.4
      vertex 83.1 17.5354 17.825
    endloop
  endfacet
  facet normal -1 0 0
    outer loop
      vertex 83.1 17.5354 17.825
      vertex 83.1 2.99999 32.4
      vertex 83.1 17.7716 18.1785
    endloop
  endfacet
  facet normal -1 0 0
    outer loop
      vertex 83.1 20.35 19.45
      vertex 83.1 2.99999 32.4
      vertex 83.1 37.7 32.4
    endloop
  endfacet
  facet normal -1 0 0
    outer loop
      vertex 83.1 18.0519 18.4981
      vertex 83.1 2.99999 32.4
      vertex 83.1 18.3715 18.7784
    endloop
  endfacet
  facet normal -1 0 0
    outer loop
      vertex 83.1 17.7716 18.1785
      vertex 83.1 2.99999 32.4
      vertex 83.1 18.0519 18.4981
    endloop
  endfacet
  facet normal 0 -1 0
    outer loop
      vertex 2.99999 38.5 32.4
      vertex 31.65 38.5 29.408
      vertex 82.3 38.5 32.4
    endloop
  endfacet
  facet normal 0 -1 0
    outer loop
      vertex 2.99999 38.5 32.4
      vertex 31.65 38.5 26.208
      vertex 31.65 38.5 29.408
    endloop
  endfacet
  facet normal 0 -1 0
    outer loop
      vertex 31.65 38.5 26.208
      vertex 31.65 38.5 13.392
      vertex 53.65 38.5 26.208
    endloop
  endfacet
  facet normal 0 -1 0
    outer loop
      vertex 2.99999 38.5 32.4
      vertex 31.65 38.5 13.392
      vertex 31.65 38.5 26.208
    endloop
  endfacet
  facet normal 0 -1 0
    outer loop
      vertex 2.99999 38.5 2.2
      vertex 31.65 38.5 13.392
      vertex 2.99999 38.5 32.4
    endloop
  endfacet
  facet normal 0 -1 -0
    outer loop
      vertex 31.65 38.5 10.192
      vertex 2.99999 38.5 2.2
      vertex 53.65 38.5 10.192
    endloop
  endfacet
  facet normal 0 -1 -0
    outer loop
      vertex 31.65 38.5 13.392
      vertex 2.99999 38.5 2.2
      vertex 31.65 38.5 10.192
    endloop
  endfacet
  facet normal 0 -1 0
    outer loop
      vertex 53.65 38.5 29.408
      vertex 82.3 38.5 32.4
      vertex 31.65 38.5 29.408
    endloop
  endfacet
  facet normal 0 -1 0
    outer loop
      vertex 53.65 38.5 26.208
      vertex 82.3 38.5 32.4
      vertex 53.65 38.5 29.408
    endloop
  endfacet
  facet normal 0 -1 0
    outer loop
      vertex 53.65 38.5 13.392
      vertex 53.65 38.5 26.208
      vertex 31.65 38.5 13.392
    endloop
  endfacet
  facet normal 0 -1 0
    outer loop
      vertex 53.65 38.5 26.208
      vertex 53.65 38.5 13.392
      vertex 82.3 38.5 32.4
    endloop
  endfacet
  facet normal 0 -1 0
    outer loop
      vertex 82.3 38.5 2.2
      vertex 53.65 38.5 13.392
      vertex 53.65 38.5 10.192
    endloop
  endfacet
  facet normal 0 -1 0
    outer loop
      vertex 53.65 38.5 13.392
      vertex 82.3 38.5 2.2
      vertex 82.3 38.5 32.4
    endloop
  endfacet
  facet normal 0 -1 0
    outer loop
      vertex 82.3 38.5 2.2
      vertex 53.65 38.5 10.192
      vertex 2.99999 38.5 2.2
    endloop
  endfacet
  facet normal -0.831609 0.555362 0
    outer loop
      vertex 82.9347 2.51299 2.2
      vertex 82.9928 2.59999 32.4
      vertex 82.9928 2.59999 2.2
    endloop
  endfacet
  facet normal -0.831609 0.555362 0
    outer loop
      vertex 82.9928 2.59999 32.4
      vertex 82.9347 2.51299 2.2
      vertex 82.9347 2.51299 32.4
    endloop
  endfacet
  facet normal -0.321097 -0.947046 0
    outer loop
      vertex 82.507 38.4727 2.2
      vertex 82.6061 38.4391 32.4
      vertex 82.507 38.4727 32.4
    endloop
  endfacet
  facet normal -0.321097 -0.947046 -0
    outer loop
      vertex 82.6061 38.4391 32.4
      vertex 82.507 38.4727 2.2
      vertex 82.6061 38.4391 2.2
    endloop
  endfacet
  facet normal 1 -0 0
    outer loop
      vertex 2.2 2.99999 32.4
      vertex 2.2 37.7 2.2
      vertex 2.2 37.7 32.4
    endloop
  endfacet
  facet normal 1 0 0
    outer loop
      vertex 2.2 37.7 2.2
      vertex 2.2 2.99999 32.4
      vertex 2.2 2.99999 2.2
    endloop
  endfacet
  facet normal 0 1 0
    outer loop
      vertex 82.3 2.2 32.4
      vertex 49.45 2.2 22.85
      vertex 2.99999 2.2 32.4
    endloop
  endfacet
  facet normal 0 1 0
    outer loop
      vertex 82.3 2.2 32.4
      vertex 49.45 2.2 13.95
      vertex 49.45 2.2 22.85
    endloop
  endfacet
  facet normal 0 1 0
    outer loop
      vertex 49.45 2.2 13.95
      vertex 82.3 2.2 2.2
      vertex 35.85 2.2 13.95
    endloop
  endfacet
  facet normal 0 1 -0
    outer loop
      vertex 82.3 2.2 2.2
      vertex 49.45 2.2 13.95
      vertex 82.3 2.2 32.4
    endloop
  endfacet
  facet normal 0 1 -0
    outer loop
      vertex 35.85 2.2 22.85
      vertex 2.99999 2.2 32.4
      vertex 49.45 2.2 22.85
    endloop
  endfacet
  facet normal 0 1 -0
    outer loop
      vertex 35.85 2.2 13.95
      vertex 2.99999 2.2 32.4
      vertex 35.85 2.2 22.85
    endloop
  endfacet
  facet normal 0 1 0
    outer loop
      vertex 35.85 2.2 13.95
      vertex 2.99999 2.2 2.2
      vertex 2.99999 2.2 32.4
    endloop
  endfacet
  facet normal 0 1 0
    outer loop
      vertex 2.99999 2.2 2.2
      vertex 35.85 2.2 13.95
      vertex 82.3 2.2 2.2
    endloop
  endfacet
  facet normal -0.0649964 -0.997886 0
    outer loop
      vertex 82.3 38.5 2.2
      vertex 82.4044 38.4932 32.4
      vertex 82.3 38.5 32.4
    endloop
  endfacet
  facet normal -0.0649964 -0.997886 -0
    outer loop
      vertex 82.4044 38.4932 32.4
      vertex 82.3 38.5 2.2
      vertex 82.4044 38.4932 2.2
    endloop
  endfacet
  facet normal -0.947046 -0.321097 0
    outer loop
      vertex 83.0727 37.907 2.2
      vertex 83.0391 38.0061 32.4
      vertex 83.0391 38.0061 2.2
    endloop
  endfacet
  facet normal -0.947046 -0.321097 0
    outer loop
      vertex 83.0391 38.0061 32.4
      vertex 83.0727 37.907 2.2
      vertex 83.0727 37.907 32.4
    endloop
  endfacet
  facet normal 0.195877 -0.980628 0
    outer loop
      vertex 2.79294 38.4727 2.2
      vertex 2.89557 38.4932 32.4
      vertex 2.79294 38.4727 32.4
    endloop
  endfacet
  facet normal 0.195877 -0.980628 0
    outer loop
      vertex 2.89557 38.4932 32.4
      vertex 2.79294 38.4727 2.2
      vertex 2.89557 38.4932 2.2
    endloop
  endfacet
  facet normal -0.831609 -0.555362 0
    outer loop
      vertex 82.9928 38.1 2.2
      vertex 82.9347 38.187 32.4
      vertex 82.9347 38.187 2.2
    endloop
  endfacet
  facet normal -0.831609 -0.555362 0
    outer loop
      vertex 82.9347 38.187 32.4
      vertex 82.9928 38.1 2.2
      vertex 82.9928 38.1 32.4
    endloop
  endfacet
  facet normal -0.896897 -0.44224 0
    outer loop
      vertex 83.0391 38.0061 2.2
      vertex 82.9928 38.1 32.4
      vertex 82.9928 38.1 2.2
    endloop
  endfacet
  facet normal -0.896897 -0.44224 0
    outer loop
      vertex 82.9928 38.1 32.4
      vertex 83.0391 38.0061 2.2
      vertex 83.0391 38.0061 32.4
    endloop
  endfacet
  facet normal 0.659343 -0.751842 0
    outer loop
      vertex 2.43431 38.2657 2.2
      vertex 2.51299 38.3347 32.4
      vertex 2.43431 38.2657 32.4
    endloop
  endfacet
  facet normal 0.659343 -0.751842 0
    outer loop
      vertex 2.51299 38.3347 32.4
      vertex 2.43431 38.2657 2.2
      vertex 2.51299 38.3347 2.2
    endloop
  endfacet
  facet normal -0.44224 -0.896897 0
    outer loop
      vertex 82.6061 38.4391 2.2
      vertex 82.7 38.3928 32.4
      vertex 82.6061 38.4391 32.4
    endloop
  endfacet
  facet normal -0.44224 -0.896897 -0
    outer loop
      vertex 82.7 38.3928 32.4
      vertex 82.6061 38.4391 2.2
      vertex 82.7 38.3928 2.2
    endloop
  endfacet
  facet normal -0.321354 0.946959 0
    outer loop
      vertex 82.6061 2.26088 2.2
      vertex 82.507 2.22725 32.4
      vertex 82.6061 2.26088 32.4
    endloop
  endfacet
  facet normal -0.321354 0.946959 0
    outer loop
      vertex 82.507 2.22725 32.4
      vertex 82.6061 2.26088 2.2
      vertex 82.507 2.22725 2.2
    endloop
  endfacet
  facet normal 0 0 1
    outer loop
      vertex 82.3 38.5 2.2
      vertex 83.1 37.7 2.2
      vertex 83.0931 37.8044 2.2
    endloop
  endfacet
  facet normal 0 0 1
    outer loop
      vertex 83.1 37.7 2.2
      vertex 82.3 38.5 2.2
      vertex 83.1 2.99999 2.2
    endloop
  endfacet
  facet normal 0 0 1
    outer loop
      vertex 82.3 38.5 2.2
      vertex 83.0931 37.8044 2.2
      vertex 83.0727 37.907 2.2
    endloop
  endfacet
  facet normal 0 0 1
    outer loop
      vertex 82.3 2.2 2.2
      vertex 83.1 2.99999 2.2
      vertex 82.3 38.5 2.2
    endloop
  endfacet
  facet normal 0 0 1
    outer loop
      vertex 82.3 38.5 2.2
      vertex 83.0727 37.907 2.2
      vertex 83.0391 38.0061 2.2
    endloop
  endfacet
  facet normal 0 0 1
    outer loop
      vertex 83.1 2.99999 2.2
      vertex 82.3 2.2 2.2
      vertex 83.0931 2.89557 2.2
    endloop
  endfacet
  facet normal 0 0 1
    outer loop
      vertex 82.3 38.5 2.2
      vertex 83.0391 38.0061 2.2
      vertex 82.9928 38.1 2.2
    endloop
  endfacet
  facet normal 0 0 1
    outer loop
      vertex 83.0931 2.89557 2.2
      vertex 82.3 2.2 2.2
      vertex 83.0727 2.79294 2.2
    endloop
  endfacet
  facet normal 0 0 1
    outer loop
      vertex 82.3 38.5 2.2
      vertex 82.9928 38.1 2.2
      vertex 82.9347 38.187 2.2
    endloop
  endfacet
  facet normal 0 0 1
    outer loop
      vertex 83.0727 2.79294 2.2
      vertex 82.3 2.2 2.2
      vertex 83.0391 2.69385 2.2
    endloop
  endfacet
  facet normal 0 0 1
    outer loop
      vertex 82.3 38.5 2.2
      vertex 82.9347 38.187 2.2
      vertex 82.8657 38.2657 2.2
    endloop
  endfacet
  facet normal 0 0 1
    outer loop
      vertex 83.0391 2.69385 2.2
      vertex 82.3 2.2 2.2
      vertex 82.9928 2.59999 2.2
    endloop
  endfacet
  facet normal 0 0 1
    outer loop
      vertex 82.3 38.5 2.2
      vertex 82.8657 38.2657 2.2
      vertex 82.787 38.3347 2.2
    endloop
  endfacet
  facet normal 0 0 1
    outer loop
      vertex 82.9928 2.59999 2.2
      vertex 82.3 2.2 2.2
      vertex 82.9347 2.51299 2.2
    endloop
  endfacet
  facet normal 0 0 1
    outer loop
      vertex 82.3 38.5 2.2
      vertex 82.787 38.3347 2.2
      vertex 82.7 38.3928 2.2
    endloop
  endfacet
  facet normal 0 0 1
    outer loop
      vertex 82.9347 2.51299 2.2
      vertex 82.3 2.2 2.2
      vertex 82.8657 2.43431 2.2
    endloop
  endfacet
  facet normal 0 0 1
    outer loop
      vertex 82.3 38.5 2.2
      vertex 82.7 38.3928 2.2
      vertex 82.6061 38.4391 2.2
    endloop
  endfacet
  facet normal 0 0 1
    outer loop
      vertex 82.8657 2.43431 2.2
      vertex 82.3 2.2 2.2
      vertex 82.787 2.36531 2.2
    endloop
  endfacet
  facet normal 0 0 1
    outer loop
      vertex 82.3 38.5 2.2
      vertex 82.6061 38.4391 2.2
      vertex 82.507 38.4727 2.2
    endloop
  endfacet
  facet normal 0 0 1
    outer loop
      vertex 82.787 2.36531 2.2
      vertex 82.3 2.2 2.2
      vertex 82.7 2.30718 2.2
    endloop
  endfacet
  facet normal 0 0 1
    outer loop
      vertex 82.3 38.5 2.2
      vertex 82.507 38.4727 2.2
      vertex 82.4044 38.4932 2.2
    endloop
  endfacet
  facet normal 0 0 1
    outer loop
      vertex 82.7 2.30718 2.2
      vertex 82.3 2.2 2.2
      vertex 82.6061 2.26088 2.2
    endloop
  endfacet
  facet normal 0 0 1
    outer loop
      vertex 82.6061 2.26088 2.2
      vertex 82.3 2.2 2.2
      vertex 82.507 2.22725 2.2
    endloop
  endfacet
  facet normal 0 0 1
    outer loop
      vertex 82.507 2.22725 2.2
      vertex 82.3 2.2 2.2
      vertex 82.4044 2.20684 2.2
    endloop
  endfacet
  facet normal -0 0 1
    outer loop
      vertex 2.99999 38.5 2.2
      vertex 82.3 2.2 2.2
      vertex 82.3 38.5 2.2
    endloop
  endfacet
  facet normal 0 0 1
    outer loop
      vertex 2.99999 38.5 2.2
      vertex 2.99999 2.2 2.2
      vertex 82.3 2.2 2.2
    endloop
  endfacet
  facet normal 0 0 1
    outer loop
      vertex 2.2 37.7 2.2
      vertex 2.99999 38.5 2.2
      vertex 2.89557 38.4932 2.2
    endloop
  endfacet
  facet normal 0 0 1
    outer loop
      vertex 2.99999 38.5 2.2
      vertex 2.2 37.7 2.2
      vertex 2.99999 2.2 2.2
    endloop
  endfacet
  facet normal 0 0 1
    outer loop
      vertex 2.2 37.7 2.2
      vertex 2.89557 38.4932 2.2
      vertex 2.79294 38.4727 2.2
    endloop
  endfacet
  facet normal -0 0 1
    outer loop
      vertex 2.2 2.99999 2.2
      vertex 2.99999 2.2 2.2
      vertex 2.2 37.7 2.2
    endloop
  endfacet
  facet normal 0 0 1
    outer loop
      vertex 2.2 37.7 2.2
      vertex 2.79294 38.4727 2.2
      vertex 2.69385 38.4391 2.2
    endloop
  endfacet
  facet normal 0 0 1
    outer loop
      vertex 2.99999 2.2 2.2
      vertex 2.2 2.99999 2.2
      vertex 2.89557 2.20684 2.2
    endloop
  endfacet
  facet normal 0 0 1
    outer loop
      vertex 2.2 37.7 2.2
      vertex 2.69385 38.4391 2.2
      vertex 2.59999 38.3928 2.2
    endloop
  endfacet
  facet normal 0 0 1
    outer loop
      vertex 2.89557 2.20684 2.2
      vertex 2.2 2.99999 2.2
      vertex 2.79294 2.22725 2.2
    endloop
  endfacet
  facet normal 0 0 1
    outer loop
      vertex 2.2 37.7 2.2
      vertex 2.59999 38.3928 2.2
      vertex 2.51299 38.3347 2.2
    endloop
  endfacet
  facet normal 0 0 1
    outer loop
      vertex 2.79294 2.22725 2.2
      vertex 2.2 2.99999 2.2
      vertex 2.69385 2.26088 2.2
    endloop
  endfacet
  facet normal 0 0 1
    outer loop
      vertex 2.2 37.7 2.2
      vertex 2.51299 38.3347 2.2
      vertex 2.43431 38.2657 2.2
    endloop
  endfacet
  facet normal 0 0 1
    outer loop
      vertex 2.69385 2.26088 2.2
      vertex 2.2 2.99999 2.2
      vertex 2.59999 2.30718 2.2
    endloop
  endfacet
  facet normal 0 0 1
    outer loop
      vertex 2.2 37.7 2.2
      vertex 2.43431 38.2657 2.2
      vertex 2.36531 38.187 2.2
    endloop
  endfacet
  facet normal 0 0 1
    outer loop
      vertex 2.59999 2.30718 2.2
      vertex 2.2 2.99999 2.2
      vertex 2.51299 2.36531 2.2
    endloop
  endfacet
  facet normal 0 0 1
    outer loop
      vertex 2.2 37.7 2.2
      vertex 2.36531 38.187 2.2
      vertex 2.30718 38.1 2.2
    endloop
  endfacet
  facet normal 0 0 1
    outer loop
      vertex 2.51299 2.36531 2.2
      vertex 2.2 2.99999 2.2
      vertex 2.43431 2.43431 2.2
    endloop
  endfacet
  facet normal 0 0 1
    outer loop
      vertex 2.2 37.7 2.2
      vertex 2.30718 38.1 2.2
      vertex 2.26088 38.0061 2.2
    endloop
  endfacet
  facet normal 0 0 1
    outer loop
      vertex 2.43431 2.43431 2.2
      vertex 2.2 2.99999 2.2
      vertex 2.36531 2.51299 2.2
    endloop
  endfacet
  facet normal 0 0 1
    outer loop
      vertex 2.2 37.7 2.2
      vertex 2.26088 38.0061 2.2
      vertex 2.22725 37.907 2.2
    endloop
  endfacet
  facet normal 0 0 1
    outer loop
      vertex 2.36531 2.51299 2.2
      vertex 2.2 2.99999 2.2
      vertex 2.30718 2.59999 2.2
    endloop
  endfacet
  facet normal 0 0 1
    outer loop
      vertex 2.2 37.7 2.2
      vertex 2.22725 37.907 2.2
      vertex 2.20684 37.8044 2.2
    endloop
  endfacet
  facet normal 0 0 1
    outer loop
      vertex 2.30718 2.59999 2.2
      vertex 2.2 2.99999 2.2
      vertex 2.26088 2.69385 2.2
    endloop
  endfacet
  facet normal 0 0 1
    outer loop
      vertex 2.26088 2.69385 2.2
      vertex 2.2 2.99999 2.2
      vertex 2.22725 2.79294 2.2
    endloop
  endfacet
  facet normal 0 0 1
    outer loop
      vertex 2.22725 2.79294 2.2
      vertex 2.2 2.99999 2.2
      vertex 2.20684 2.89557 2.2
    endloop
  endfacet
  facet normal 0.442391 -0.896822 0
    outer loop
      vertex 2.59999 38.3928 2.2
      vertex 2.69385 38.4391 32.4
      vertex 2.59999 38.3928 32.4
    endloop
  endfacet
  facet normal 0.442391 -0.896822 0
    outer loop
      vertex 2.69385 38.4391 32.4
      vertex 2.59999 38.3928 2.2
      vertex 2.69385 38.4391 2.2
    endloop
  endfacet
  facet normal 0.831476 -0.55556 0
    outer loop
      vertex 2.30718 38.1 32.4
      vertex 2.36531 38.187 2.2
      vertex 2.36531 38.187 32.4
    endloop
  endfacet
  facet normal 0.831476 -0.55556 0
    outer loop
      vertex 2.36531 38.187 2.2
      vertex 2.30718 38.1 32.4
      vertex 2.30718 38.1 2.2
    endloop
  endfacet
  facet normal -0.997823 -0.0659481 0
    outer loop
      vertex 83.1 37.7 2.2
      vertex 83.0931 37.8044 32.4
      vertex 83.0931 37.8044 2.2
    endloop
  endfacet
  facet normal -0.997823 -0.0659481 0
    outer loop
      vertex 83.0931 37.8044 32.4
      vertex 83.1 37.7 2.2
      vertex 83.1 37.7 32.4
    endloop
  endfacet
  facet normal 0.321126 -0.947036 0
    outer loop
      vertex 2.69385 38.4391 2.2
      vertex 2.79294 38.4727 32.4
      vertex 2.69385 38.4391 32.4
    endloop
  endfacet
  facet normal 0.321126 -0.947036 0
    outer loop
      vertex 2.79294 38.4727 32.4
      vertex 2.69385 38.4391 2.2
      vertex 2.79294 38.4727 2.2
    endloop
  endfacet
  facet normal 0.555362 -0.831609 0
    outer loop
      vertex 2.51299 38.3347 2.2
      vertex 2.59999 38.3928 32.4
      vertex 2.51299 38.3347 32.4
    endloop
  endfacet
  facet normal 0.555362 -0.831609 0
    outer loop
      vertex 2.59999 38.3928 32.4
      vertex 2.51299 38.3347 2.2
      vertex 2.59999 38.3928 2.2
    endloop
  endfacet
  facet normal 0.831476 0.55556 0
    outer loop
      vertex 2.36531 2.51299 32.4
      vertex 2.30718 2.59999 2.2
      vertex 2.30718 2.59999 32.4
    endloop
  endfacet
  facet normal 0.831476 0.55556 0
    outer loop
      vertex 2.30718 2.59999 2.2
      vertex 2.36531 2.51299 32.4
      vertex 2.36531 2.51299 2.2
    endloop
  endfacet
  facet normal 0.946959 -0.321354 0
    outer loop
      vertex 2.22725 37.907 32.4
      vertex 2.26088 38.0061 2.2
      vertex 2.26088 38.0061 32.4
    endloop
  endfacet
  facet normal 0.946959 -0.321354 0
    outer loop
      vertex 2.26088 38.0061 2.2
      vertex 2.22725 37.907 32.4
      vertex 2.22725 37.907 2.2
    endloop
  endfacet
  facet normal -0.195932 -0.980617 0
    outer loop
      vertex 82.4044 38.4932 2.2
      vertex 82.507 38.4727 32.4
      vertex 82.4044 38.4932 32.4
    endloop
  endfacet
  facet normal -0.195932 -0.980617 -0
    outer loop
      vertex 82.507 38.4727 32.4
      vertex 82.4044 38.4932 2.2
      vertex 82.507 38.4727 2.2
    endloop
  endfacet
  facet normal -0.0653771 0.997861 0
    outer loop
      vertex 82.4044 2.20684 2.2
      vertex 82.3 2.2 32.4
      vertex 82.4044 2.20684 32.4
    endloop
  endfacet
  facet normal -0.0653771 0.997861 0
    outer loop
      vertex 82.3 2.2 32.4
      vertex 82.4044 2.20684 2.2
      vertex 82.3 2.2 2.2
    endloop
  endfacet
  facet normal -0.947036 0.321126 0
    outer loop
      vertex 83.0391 2.69385 2.2
      vertex 83.0727 2.79294 32.4
      vertex 83.0727 2.79294 2.2
    endloop
  endfacet
  facet normal -0.947036 0.321126 0
    outer loop
      vertex 83.0727 2.79294 32.4
      vertex 83.0391 2.69385 2.2
      vertex 83.0391 2.69385 32.4
    endloop
  endfacet
  facet normal 0.997861 -0.0653771 0
    outer loop
      vertex 2.2 37.7 32.4
      vertex 2.20684 37.8044 2.2
      vertex 2.20684 37.8044 32.4
    endloop
  endfacet
  facet normal 0.997861 -0.0653771 0
    outer loop
      vertex 2.20684 37.8044 2.2
      vertex 2.2 37.7 32.4
      vertex 2.2 37.7 2.2
    endloop
  endfacet
  facet normal 0.064984 -0.997886 0
    outer loop
      vertex 2.89557 38.4932 2.2
      vertex 2.99999 38.5 32.4
      vertex 2.89557 38.4932 32.4
    endloop
  endfacet
  facet normal 0.064984 -0.997886 0
    outer loop
      vertex 2.99999 38.5 32.4
      vertex 2.89557 38.4932 2.2
      vertex 2.99999 38.5 2.2
    endloop
  endfacet
  facet normal -0.980801 -0.195013 0
    outer loop
      vertex 83.0931 37.8044 2.2
      vertex 83.0727 37.907 32.4
      vertex 83.0727 37.907 2.2
    endloop
  endfacet
  facet normal -0.980801 -0.195013 0
    outer loop
      vertex 83.0727 37.907 32.4
      vertex 83.0931 37.8044 2.2
      vertex 83.0931 37.8044 32.4
    endloop
  endfacet
  facet normal 0.751925 -0.659248 0
    outer loop
      vertex 2.36531 38.187 32.4
      vertex 2.43431 38.2657 2.2
      vertex 2.43431 38.2657 32.4
    endloop
  endfacet
  facet normal 0.751925 -0.659248 0
    outer loop
      vertex 2.43431 38.2657 2.2
      vertex 2.36531 38.187 32.4
      vertex 2.36531 38.187 2.2
    endloop
  endfacet
  facet normal -0.55556 0.831476 0
    outer loop
      vertex 82.787 2.36531 2.2
      vertex 82.7 2.30718 32.4
      vertex 82.787 2.36531 32.4
    endloop
  endfacet
  facet normal -0.55556 0.831476 0
    outer loop
      vertex 82.7 2.30718 32.4
      vertex 82.787 2.36531 2.2
      vertex 82.7 2.30718 2.2
    endloop
  endfacet
  facet normal 0.896897 -0.44224 0
    outer loop
      vertex 2.26088 38.0061 32.4
      vertex 2.30718 38.1 2.2
      vertex 2.30718 38.1 32.4
    endloop
  endfacet
  facet normal 0.896897 -0.44224 0
    outer loop
      vertex 2.30718 38.1 2.2
      vertex 2.26088 38.0061 32.4
      vertex 2.26088 38.0061 2.2
    endloop
  endfacet
  facet normal -0.659248 0.751925 0
    outer loop
      vertex 82.8657 2.43431 2.2
      vertex 82.787 2.36531 32.4
      vertex 82.8657 2.43431 32.4
    endloop
  endfacet
  facet normal -0.659248 0.751925 0
    outer loop
      vertex 82.787 2.36531 32.4
      vertex 82.8657 2.43431 2.2
      vertex 82.787 2.36531 2.2
    endloop
  endfacet
  facet normal -0.751925 -0.659248 0
    outer loop
      vertex 82.9347 38.187 2.2
      vertex 82.8657 38.2657 32.4
      vertex 82.8657 38.2657 2.2
    endloop
  endfacet
  facet normal -0.751925 -0.659248 0
    outer loop
      vertex 82.8657 38.2657 32.4
      vertex 82.9347 38.187 2.2
      vertex 82.9347 38.187 32.4
    endloop
  endfacet
  facet normal -0.44224 0.896897 0
    outer loop
      vertex 82.7 2.30718 2.2
      vertex 82.6061 2.26088 32.4
      vertex 82.7 2.30718 32.4
    endloop
  endfacet
  facet normal -0.44224 0.896897 0
    outer loop
      vertex 82.6061 2.26088 32.4
      vertex 82.7 2.30718 2.2
      vertex 82.6061 2.26088 2.2
    endloop
  endfacet
  facet normal 0.751842 0.659343 0
    outer loop
      vertex 2.43431 2.43431 32.4
      vertex 2.36531 2.51299 2.2
      vertex 2.36531 2.51299 32.4
    endloop
  endfacet
  facet normal 0.751842 0.659343 0
    outer loop
      vertex 2.36531 2.51299 2.2
      vertex 2.43431 2.43431 32.4
      vertex 2.43431 2.43431 2.2
    endloop
  endfacet
  facet normal 0.442391 0.896822 -0
    outer loop
      vertex 2.69385 2.26088 2.2
      vertex 2.59999 2.30718 32.4
      vertex 2.69385 2.26088 32.4
    endloop
  endfacet
  facet normal 0.442391 0.896822 0
    outer loop
      vertex 2.59999 2.30718 32.4
      vertex 2.69385 2.26088 2.2
      vertex 2.59999 2.30718 2.2
    endloop
  endfacet
  facet normal 0.321384 0.946949 -0
    outer loop
      vertex 2.79294 2.22725 2.2
      vertex 2.69385 2.26088 32.4
      vertex 2.79294 2.22725 32.4
    endloop
  endfacet
  facet normal 0.321384 0.946949 0
    outer loop
      vertex 2.69385 2.26088 32.4
      vertex 2.79294 2.22725 2.2
      vertex 2.69385 2.26088 2.2
    endloop
  endfacet
  facet normal 0.55556 0.831476 -0
    outer loop
      vertex 2.59999 2.30718 2.2
      vertex 2.51299 2.36531 32.4
      vertex 2.59999 2.30718 32.4
    endloop
  endfacet
  facet normal 0.55556 0.831476 0
    outer loop
      vertex 2.51299 2.36531 32.4
      vertex 2.59999 2.30718 2.2
      vertex 2.51299 2.36531 2.2
    endloop
  endfacet
  facet normal -0.751842 0.659343 0
    outer loop
      vertex 82.8657 2.43431 2.2
      vertex 82.9347 2.51299 32.4
      vertex 82.9347 2.51299 2.2
    endloop
  endfacet
  facet normal -0.751842 0.659343 0
    outer loop
      vertex 82.9347 2.51299 32.4
      vertex 82.8657 2.43431 2.2
      vertex 82.8657 2.43431 32.4
    endloop
  endfacet
  facet normal -0.659248 -0.751925 0
    outer loop
      vertex 82.787 38.3347 2.2
      vertex 82.8657 38.2657 32.4
      vertex 82.787 38.3347 32.4
    endloop
  endfacet
  facet normal -0.659248 -0.751925 -0
    outer loop
      vertex 82.8657 38.2657 32.4
      vertex 82.787 38.3347 2.2
      vertex 82.8657 38.2657 2.2
    endloop
  endfacet
  facet normal -0.896822 0.442391 0
    outer loop
      vertex 82.9928 2.59999 2.2
      vertex 83.0391 2.69385 32.4
      vertex 83.0391 2.69385 2.2
    endloop
  endfacet
  facet normal -0.896822 0.442391 0
    outer loop
      vertex 83.0391 2.69385 32.4
      vertex 82.9928 2.59999 2.2
      vertex 82.9928 2.59999 32.4
    endloop
  endfacet
  facet normal 0.980782 -0.195105 0
    outer loop
      vertex 2.20684 37.8044 32.4
      vertex 2.22725 37.907 2.2
      vertex 2.22725 37.907 32.4
    endloop
  endfacet
  facet normal 0.980782 -0.195105 0
    outer loop
      vertex 2.22725 37.907 2.2
      vertex 2.20684 37.8044 32.4
      vertex 2.20684 37.8044 2.2
    endloop
  endfacet
  facet normal 0.659343 0.751842 -0
    outer loop
      vertex 2.51299 2.36531 2.2
      vertex 2.43431 2.43431 32.4
      vertex 2.51299 2.36531 32.4
    endloop
  endfacet
  facet normal 0.659343 0.751842 0
    outer loop
      vertex 2.43431 2.43431 32.4
      vertex 2.51299 2.36531 2.2
      vertex 2.43431 2.43431 2.2
    endloop
  endfacet
  facet normal 0.19505 0.980793 -0
    outer loop
      vertex 2.89557 2.20684 2.2
      vertex 2.79294 2.22725 32.4
      vertex 2.89557 2.20684 32.4
    endloop
  endfacet
  facet normal 0.19505 0.980793 0
    outer loop
      vertex 2.79294 2.22725 32.4
      vertex 2.89557 2.20684 2.2
      vertex 2.79294 2.22725 2.2
    endloop
  endfacet
  facet normal -0.997824 0.0659355 0
    outer loop
      vertex 83.0931 2.89557 2.2
      vertex 83.1 2.99999 32.4
      vertex 83.1 2.99999 2.2
    endloop
  endfacet
  facet normal -0.997824 0.0659355 0
    outer loop
      vertex 83.1 2.99999 32.4
      vertex 83.0931 2.89557 2.2
      vertex 83.0931 2.89557 32.4
    endloop
  endfacet
  facet normal 0.0653646 0.997861 -0
    outer loop
      vertex 2.99999 2.2 2.2
      vertex 2.89557 2.20684 32.4
      vertex 2.99999 2.2 32.4
    endloop
  endfacet
  facet normal 0.0653646 0.997861 0
    outer loop
      vertex 2.89557 2.20684 32.4
      vertex 2.99999 2.2 2.2
      vertex 2.89557 2.20684 2.2
    endloop
  endfacet
  facet normal 0.946949 0.321384 0
    outer loop
      vertex 2.26088 2.69385 32.4
      vertex 2.22725 2.79294 2.2
      vertex 2.22725 2.79294 32.4
    endloop
  endfacet
  facet normal 0.946949 0.321384 0
    outer loop
      vertex 2.22725 2.79294 2.2
      vertex 2.26088 2.69385 32.4
      vertex 2.26088 2.69385 2.2
    endloop
  endfacet
  facet normal 0.896822 0.442391 0
    outer loop
      vertex 2.30718 2.59999 32.4
      vertex 2.26088 2.69385 2.2
      vertex 2.26088 2.69385 32.4
    endloop
  endfacet
  facet normal 0.896822 0.442391 0
    outer loop
      vertex 2.26088 2.69385 2.2
      vertex 2.30718 2.59999 32.4
      vertex 2.30718 2.59999 2.2
    endloop
  endfacet
  facet normal 0.980806 0.194985 0
    outer loop
      vertex 19.9222 11.1242 7.2
      vertex 19.8393 11.5412 2.2
      vertex 19.8393 11.5412 7.2
    endloop
  endfacet
  facet normal 0.980806 0.194985 0
    outer loop
      vertex 19.8393 11.5412 2.2
      vertex 19.9222 11.1242 7.2
      vertex 19.9222 11.1242 2.2
    endloop
  endfacet
  facet normal 0.997859 0.0653948 0
    outer loop
      vertex 19.95 10.7 7.2
      vertex 19.9222 11.1242 2.2
      vertex 19.9222 11.1242 7.2
    endloop
  endfacet
  facet normal 0.997859 0.0653948 0
    outer loop
      vertex 19.9222 11.1242 2.2
      vertex 19.95 10.7 7.2
      vertex 19.95 10.7 2.2
    endloop
  endfacet
  facet normal 0.94688 0.321586 0
    outer loop
      vertex 19.8393 11.5412 7.2
      vertex 19.7026 11.9437 2.2
      vertex 19.7026 11.9437 7.2
    endloop
  endfacet
  facet normal 0.94688 0.321586 0
    outer loop
      vertex 19.7026 11.9437 2.2
      vertex 19.8393 11.5412 7.2
      vertex 19.8393 11.5412 2.2
    endloop
  endfacet
  facet normal 0.896907 0.44222 0
    outer loop
      vertex 19.7026 11.9437 7.2
      vertex 19.5146 12.325 2.2
      vertex 19.5146 12.325 7.2
    endloop
  endfacet
  facet normal 0.896907 0.44222 0
    outer loop
      vertex 19.5146 12.325 2.2
      vertex 19.7026 11.9437 7.2
      vertex 19.7026 11.9437 2.2
    endloop
  endfacet
  facet normal 0.831471 0.555568 0
    outer loop
      vertex 19.5146 12.325 7.2
      vertex 19.2784 12.6785 2.2
      vertex 19.2784 12.6785 7.2
    endloop
  endfacet
  facet normal 0.831471 0.555568 0
    outer loop
      vertex 19.2784 12.6785 2.2
      vertex 19.5146 12.325 7.2
      vertex 19.5146 12.325 2.2
    endloop
  endfacet
  facet normal -0.44222 0.896907 0
    outer loop
      vertex 15.4563 13.7026 2.2
      vertex 15.075 13.5146 7.2
      vertex 15.4563 13.7026 7.2
    endloop
  endfacet
  facet normal -0.44222 0.896907 0
    outer loop
      vertex 15.075 13.5146 7.2
      vertex 15.4563 13.7026 2.2
      vertex 15.075 13.5146 2.2
    endloop
  endfacet
  facet normal 0.65937 0.751818 -0
    outer loop
      vertex 18.9981 12.9981 2.2
      vertex 18.6785 13.2784 7.2
      vertex 18.9981 12.9981 7.2
    endloop
  endfacet
  facet normal 0.65937 0.751818 0
    outer loop
      vertex 18.6785 13.2784 7.2
      vertex 18.9981 12.9981 2.2
      vertex 18.6785 13.2784 2.2
    endloop
  endfacet
  facet normal -0.0653948 0.997859 0
    outer loop
      vertex 16.7 13.95 2.2
      vertex 16.2758 13.9222 7.2
      vertex 16.7 13.95 7.2
    endloop
  endfacet
  facet normal -0.0653948 0.997859 0
    outer loop
      vertex 16.2758 13.9222 7.2
      vertex 16.7 13.95 2.2
      vertex 16.2758 13.9222 2.2
    endloop
  endfacet
  facet normal 0.0653948 -0.997859 0
    outer loop
      vertex 16.7 7.45 2.2
      vertex 17.1242 7.4778 7.2
      vertex 16.7 7.45 7.2
    endloop
  endfacet
  facet normal 0.0653948 -0.997859 0
    outer loop
      vertex 17.1242 7.4778 7.2
      vertex 16.7 7.45 2.2
      vertex 17.1242 7.4778 2.2
    endloop
  endfacet
  facet normal 0.44222 0.896907 -0
    outer loop
      vertex 18.325 13.5146 2.2
      vertex 17.9437 13.7026 7.2
      vertex 18.325 13.5146 7.2
    endloop
  endfacet
  facet normal 0.44222 0.896907 0
    outer loop
      vertex 17.9437 13.7026 7.2
      vertex 18.325 13.5146 2.2
      vertex 17.9437 13.7026 2.2
    endloop
  endfacet
  facet normal 0 0 -1
    outer loop
      vertex 19.9222 10.2758 2.2
      vertex 19.9222 11.1242 2.2
      vertex 19.95 10.7 2.2
    endloop
  endfacet
  facet normal 0 0 -1
    outer loop
      vertex 19.8393 9.85884 2.2
      vertex 19.9222 11.1242 2.2
      vertex 19.9222 10.2758 2.2
    endloop
  endfacet
  facet normal 0 0 -1
    outer loop
      vertex 19.8393 9.85884 2.2
      vertex 19.8393 11.5412 2.2
      vertex 19.9222 11.1242 2.2
    endloop
  endfacet
  facet normal 0 0 -1
    outer loop
      vertex 19.7026 9.45628 2.2
      vertex 19.8393 11.5412 2.2
      vertex 19.8393 9.85884 2.2
    endloop
  endfacet
  facet normal 0 0 -1
    outer loop
      vertex 19.7026 9.45628 2.2
      vertex 19.7026 11.9437 2.2
      vertex 19.8393 11.5412 2.2
    endloop
  endfacet
  facet normal 0 0 -1
    outer loop
      vertex 19.5146 9.075 2.2
      vertex 19.7026 11.9437 2.2
      vertex 19.7026 9.45628 2.2
    endloop
  endfacet
  facet normal 0 0 -1
    outer loop
      vertex 19.5146 9.075 2.2
      vertex 19.5146 12.325 2.2
      vertex 19.7026 11.9437 2.2
    endloop
  endfacet
  facet normal 0 0 -1
    outer loop
      vertex 19.2784 8.72153 2.2
      vertex 19.5146 12.325 2.2
      vertex 19.5146 9.075 2.2
    endloop
  endfacet
  facet normal 0 0 -1
    outer loop
      vertex 19.2784 8.72153 2.2
      vertex 19.2784 12.6785 2.2
      vertex 19.5146 12.325 2.2
    endloop
  endfacet
  facet normal 0 0 -1
    outer loop
      vertex 18.9981 8.4019 2.2
      vertex 19.2784 12.6785 2.2
      vertex 19.2784 8.72153 2.2
    endloop
  endfacet
  facet normal 0 0 -1
    outer loop
      vertex 18.9981 8.4019 2.2
      vertex 18.9981 12.9981 2.2
      vertex 19.2784 12.6785 2.2
    endloop
  endfacet
  facet normal 0 0 -1
    outer loop
      vertex 18.6785 8.1216 2.2
      vertex 18.9981 12.9981 2.2
      vertex 18.9981 8.4019 2.2
    endloop
  endfacet
  facet normal 0 0 -1
    outer loop
      vertex 18.6785 8.1216 2.2
      vertex 18.6785 13.2784 2.2
      vertex 18.9981 12.9981 2.2
    endloop
  endfacet
  facet normal 0 0 -1
    outer loop
      vertex 18.325 7.88542 2.2
      vertex 18.6785 13.2784 2.2
      vertex 18.6785 8.1216 2.2
    endloop
  endfacet
  facet normal 0 0 -1
    outer loop
      vertex 18.325 7.88542 2.2
      vertex 18.325 13.5146 2.2
      vertex 18.6785 13.2784 2.2
    endloop
  endfacet
  facet normal 0 0 -1
    outer loop
      vertex 17.9437 7.69739 2.2
      vertex 18.325 13.5146 2.2
      vertex 18.325 7.88542 2.2
    endloop
  endfacet
  facet normal 0 0 -1
    outer loop
      vertex 17.9437 7.69739 2.2
      vertex 17.9437 13.7026 2.2
      vertex 18.325 13.5146 2.2
    endloop
  endfacet
  facet normal 0 0 -1
    outer loop
      vertex 17.5412 7.56074 2.2
      vertex 17.9437 13.7026 2.2
      vertex 17.9437 7.69739 2.2
    endloop
  endfacet
  facet normal 0 0 -1
    outer loop
      vertex 17.5412 7.56074 2.2
      vertex 17.5412 13.8393 2.2
      vertex 17.9437 13.7026 2.2
    endloop
  endfacet
  facet normal 0 0 -1
    outer loop
      vertex 17.1242 7.4778 2.2
      vertex 17.5412 13.8393 2.2
      vertex 17.5412 7.56074 2.2
    endloop
  endfacet
  facet normal 0 0 -1
    outer loop
      vertex 17.1242 7.4778 2.2
      vertex 17.1242 13.9222 2.2
      vertex 17.5412 13.8393 2.2
    endloop
  endfacet
  facet normal 0 0 -1
    outer loop
      vertex 16.7 7.45 2.2
      vertex 17.1242 13.9222 2.2
      vertex 17.1242 7.4778 2.2
    endloop
  endfacet
  facet normal 0 0 -1
    outer loop
      vertex 16.7 7.45 2.2
      vertex 16.7 13.95 2.2
      vertex 17.1242 13.9222 2.2
    endloop
  endfacet
  facet normal 0 0 -1
    outer loop
      vertex 16.2758 7.4778 2.2
      vertex 16.7 13.95 2.2
      vertex 16.7 7.45 2.2
    endloop
  endfacet
  facet normal 0 0 -1
    outer loop
      vertex 16.2758 7.4778 2.2
      vertex 16.2758 13.9222 2.2
      vertex 16.7 13.95 2.2
    endloop
  endfacet
  facet normal 0 0 -1
    outer loop
      vertex 15.8588 7.56074 2.2
      vertex 16.2758 13.9222 2.2
      vertex 16.2758 7.4778 2.2
    endloop
  endfacet
  facet normal 0 0 -1
    outer loop
      vertex 15.8588 7.56074 2.2
      vertex 15.8588 13.8393 2.2
      vertex 16.2758 13.9222 2.2
    endloop
  endfacet
  facet normal 0 0 -1
    outer loop
      vertex 15.4563 7.69739 2.2
      vertex 15.8588 13.8393 2.2
      vertex 15.8588 7.56074 2.2
    endloop
  endfacet
  facet normal 0 0 -1
    outer loop
      vertex 15.4563 7.69739 2.2
      vertex 15.4563 13.7026 2.2
      vertex 15.8588 13.8393 2.2
    endloop
  endfacet
  facet normal 0 0 -1
    outer loop
      vertex 15.075 7.88542 2.2
      vertex 15.4563 13.7026 2.2
      vertex 15.4563 7.69739 2.2
    endloop
  endfacet
  facet normal 0 0 -1
    outer loop
      vertex 15.075 7.88542 2.2
      vertex 15.075 13.5146 2.2
      vertex 15.4563 13.7026 2.2
    endloop
  endfacet
  facet normal 0 0 -1
    outer loop
      vertex 14.7215 8.1216 2.2
      vertex 15.075 13.5146 2.2
      vertex 15.075 7.88542 2.2
    endloop
  endfacet
  facet normal 0 0 -1
    outer loop
      vertex 14.7215 8.1216 2.2
      vertex 14.7215 13.2784 2.2
      vertex 15.075 13.5146 2.2
    endloop
  endfacet
  facet normal 0 0 -1
    outer loop
      vertex 14.4019 8.4019 2.2
      vertex 14.7215 13.2784 2.2
      vertex 14.7215 8.1216 2.2
    endloop
  endfacet
  facet normal 0 0 -1
    outer loop
      vertex 14.4019 8.4019 2.2
      vertex 14.4019 12.9981 2.2
      vertex 14.7215 13.2784 2.2
    endloop
  endfacet
  facet normal 0 0 -1
    outer loop
      vertex 14.1216 8.72153 2.2
      vertex 14.4019 12.9981 2.2
      vertex 14.4019 8.4019 2.2
    endloop
  endfacet
  facet normal 0 0 -1
    outer loop
      vertex 14.1216 8.72153 2.2
      vertex 14.1216 12.6785 2.2
      vertex 14.4019 12.9981 2.2
    endloop
  endfacet
  facet normal 0 0 -1
    outer loop
      vertex 13.8854 9.075 2.2
      vertex 14.1216 12.6785 2.2
      vertex 14.1216 8.72153 2.2
    endloop
  endfacet
  facet normal 0 0 -1
    outer loop
      vertex 13.8854 9.075 2.2
      vertex 13.8854 12.325 2.2
      vertex 14.1216 12.6785 2.2
    endloop
  endfacet
  facet normal 0 0 -1
    outer loop
      vertex 13.6974 9.45628 2.2
      vertex 13.8854 12.325 2.2
      vertex 13.8854 9.075 2.2
    endloop
  endfacet
  facet normal 0 0 -1
    outer loop
      vertex 13.6974 9.45628 2.2
      vertex 13.6974 11.9437 2.2
      vertex 13.8854 12.325 2.2
    endloop
  endfacet
  facet normal 0 0 -1
    outer loop
      vertex 13.5607 9.85884 2.2
      vertex 13.6974 11.9437 2.2
      vertex 13.6974 9.45628 2.2
    endloop
  endfacet
  facet normal 0 0 -1
    outer loop
      vertex 13.5607 9.85884 2.2
      vertex 13.5607 11.5412 2.2
      vertex 13.6974 11.9437 2.2
    endloop
  endfacet
  facet normal 0 0 -1
    outer loop
      vertex 13.4778 10.2758 2.2
      vertex 13.5607 11.5412 2.2
      vertex 13.5607 9.85884 2.2
    endloop
  endfacet
  facet normal 0 0 -1
    outer loop
      vertex 13.4778 10.2758 2.2
      vertex 13.4778 11.1242 2.2
      vertex 13.5607 11.5412 2.2
    endloop
  endfacet
  facet normal 0 -0 -1
    outer loop
      vertex 13.4778 11.1242 2.2
      vertex 13.4778 10.2758 2.2
      vertex 13.45 10.7 2.2
    endloop
  endfacet
  facet normal 0.751818 0.65937 0
    outer loop
      vertex 19.2784 12.6785 7.2
      vertex 18.9981 12.9981 2.2
      vertex 18.9981 12.9981 7.2
    endloop
  endfacet
  facet normal 0.751818 0.65937 0
    outer loop
      vertex 18.9981 12.9981 2.2
      vertex 19.2784 12.6785 7.2
      vertex 19.2784 12.6785 2.2
    endloop
  endfacet
  facet normal -0.980806 0.194985 0
    outer loop
      vertex 13.4778 11.1242 2.2
      vertex 13.5607 11.5412 7.2
      vertex 13.5607 11.5412 2.2
    endloop
  endfacet
  facet normal -0.980806 0.194985 0
    outer loop
      vertex 13.5607 11.5412 7.2
      vertex 13.4778 11.1242 2.2
      vertex 13.4778 11.1242 7.2
    endloop
  endfacet
  facet normal 0.980803 -0.195003 0
    outer loop
      vertex 19.8393 9.85884 7.2
      vertex 19.9222 10.2758 2.2
      vertex 19.9222 10.2758 7.2
    endloop
  endfacet
  facet normal 0.980803 -0.195003 0
    outer loop
      vertex 19.9222 10.2758 2.2
      vertex 19.8393 9.85884 7.2
      vertex 19.8393 9.85884 2.2
    endloop
  endfacet
  facet normal 0.555536 -0.831493 0
    outer loop
      vertex 18.325 7.88542 2.2
      vertex 18.6785 8.1216 7.2
      vertex 18.325 7.88542 7.2
    endloop
  endfacet
  facet normal 0.555536 -0.831493 0
    outer loop
      vertex 18.6785 8.1216 7.2
      vertex 18.325 7.88542 2.2
      vertex 18.6785 8.1216 2.2
    endloop
  endfacet
  facet normal -0.997859 0.0653948 0
    outer loop
      vertex 13.45 10.7 2.2
      vertex 13.4778 11.1242 7.2
      vertex 13.4778 11.1242 2.2
    endloop
  endfacet
  facet normal -0.997859 0.0653948 0
    outer loop
      vertex 13.4778 11.1242 7.2
      vertex 13.45 10.7 2.2
      vertex 13.45 10.7 7.2
    endloop
  endfacet
  facet normal -0.65937 0.751818 0
    outer loop
      vertex 14.7215 13.2784 2.2
      vertex 14.4019 12.9981 7.2
      vertex 14.7215 13.2784 7.2
    endloop
  endfacet
  facet normal -0.65937 0.751818 0
    outer loop
      vertex 14.4019 12.9981 7.2
      vertex 14.7215 13.2784 2.2
      vertex 14.4019 12.9981 2.2
    endloop
  endfacet
  facet normal -0.65937 -0.751818 0
    outer loop
      vertex 14.4019 8.4019 2.2
      vertex 14.7215 8.1216 7.2
      vertex 14.4019 8.4019 7.2
    endloop
  endfacet
  facet normal -0.65937 -0.751818 -0
    outer loop
      vertex 14.7215 8.1216 7.2
      vertex 14.4019 8.4019 2.2
      vertex 14.7215 8.1216 2.2
    endloop
  endfacet
  facet normal 0.831449 -0.555601 0
    outer loop
      vertex 19.2784 8.72153 7.2
      vertex 19.5146 9.075 2.2
      vertex 19.5146 9.075 7.2
    endloop
  endfacet
  facet normal 0.831449 -0.555601 0
    outer loop
      vertex 19.5146 9.075 2.2
      vertex 19.2784 8.72153 7.2
      vertex 19.2784 8.72153 2.2
    endloop
  endfacet
  facet normal -0.195076 -0.980788 0
    outer loop
      vertex 15.8588 7.56074 2.2
      vertex 16.2758 7.4778 7.2
      vertex 15.8588 7.56074 7.2
    endloop
  endfacet
  facet normal -0.195076 -0.980788 -0
    outer loop
      vertex 16.2758 7.4778 7.2
      vertex 15.8588 7.56074 2.2
      vertex 16.2758 7.4778 2.2
    endloop
  endfacet
  facet normal 0.751849 -0.659335 0
    outer loop
      vertex 18.9981 8.4019 7.2
      vertex 19.2784 8.72153 2.2
      vertex 19.2784 8.72153 7.2
    endloop
  endfacet
  facet normal 0.751849 -0.659335 0
    outer loop
      vertex 19.2784 8.72153 2.2
      vertex 18.9981 8.4019 7.2
      vertex 18.9981 8.4019 2.2
    endloop
  endfacet
  facet normal 0.946895 -0.321543 0
    outer loop
      vertex 19.7026 9.45628 7.2
      vertex 19.8393 9.85884 2.2
      vertex 19.8393 9.85884 7.2
    endloop
  endfacet
  facet normal 0.946895 -0.321543 0
    outer loop
      vertex 19.8393 9.85884 2.2
      vertex 19.7026 9.45628 7.2
      vertex 19.7026 9.45628 2.2
    endloop
  endfacet
  facet normal 0.555568 0.831471 -0
    outer loop
      vertex 18.6785 13.2784 2.2
      vertex 18.325 13.5146 7.2
      vertex 18.6785 13.2784 7.2
    endloop
  endfacet
  facet normal 0.555568 0.831471 0
    outer loop
      vertex 18.325 13.5146 7.2
      vertex 18.6785 13.2784 2.2
      vertex 18.325 13.5146 2.2
    endloop
  endfacet
  facet normal -0.321481 -0.946916 0
    outer loop
      vertex 15.4563 7.69739 2.2
      vertex 15.8588 7.56074 7.2
      vertex 15.4563 7.69739 7.2
    endloop
  endfacet
  facet normal -0.321481 -0.946916 -0
    outer loop
      vertex 15.8588 7.56074 7.2
      vertex 15.4563 7.69739 2.2
      vertex 15.8588 7.56074 2.2
    endloop
  endfacet
  facet normal -0.751818 0.65937 0
    outer loop
      vertex 14.1216 12.6785 2.2
      vertex 14.4019 12.9981 7.2
      vertex 14.4019 12.9981 2.2
    endloop
  endfacet
  facet normal -0.751818 0.65937 0
    outer loop
      vertex 14.4019 12.9981 7.2
      vertex 14.1216 12.6785 2.2
      vertex 14.1216 12.6785 7.2
    endloop
  endfacet
  facet normal 0.896897 -0.442239 0
    outer loop
      vertex 19.5146 9.075 7.2
      vertex 19.7026 9.45628 2.2
      vertex 19.7026 9.45628 7.2
    endloop
  endfacet
  facet normal 0.896897 -0.442239 0
    outer loop
      vertex 19.7026 9.45628 2.2
      vertex 19.5146 9.075 7.2
      vertex 19.5146 9.075 2.2
    endloop
  endfacet
  facet normal -0.997859 -0.0653948 0
    outer loop
      vertex 13.4778 10.2758 2.2
      vertex 13.45 10.7 7.2
      vertex 13.45 10.7 2.2
    endloop
  endfacet
  facet normal -0.997859 -0.0653948 0
    outer loop
      vertex 13.45 10.7 7.2
      vertex 13.4778 10.2758 2.2
      vertex 13.4778 10.2758 7.2
    endloop
  endfacet
  facet normal -0.751849 -0.659335 0
    outer loop
      vertex 14.4019 8.4019 2.2
      vertex 14.1216 8.72153 7.2
      vertex 14.1216 8.72153 2.2
    endloop
  endfacet
  facet normal -0.751849 -0.659335 0
    outer loop
      vertex 14.1216 8.72153 7.2
      vertex 14.4019 8.4019 2.2
      vertex 14.4019 8.4019 7.2
    endloop
  endfacet
  facet normal -0.321586 0.94688 0
    outer loop
      vertex 15.8588 13.8393 2.2
      vertex 15.4563 13.7026 7.2
      vertex 15.8588 13.8393 7.2
    endloop
  endfacet
  facet normal -0.321586 0.94688 0
    outer loop
      vertex 15.4563 13.7026 7.2
      vertex 15.8588 13.8393 2.2
      vertex 15.4563 13.7026 2.2
    endloop
  endfacet
  facet normal -0.946895 -0.321543 0
    outer loop
      vertex 13.6974 9.45628 2.2
      vertex 13.5607 9.85884 7.2
      vertex 13.5607 9.85884 2.2
    endloop
  endfacet
  facet normal -0.946895 -0.321543 0
    outer loop
      vertex 13.5607 9.85884 7.2
      vertex 13.6974 9.45628 2.2
      vertex 13.6974 9.45628 7.2
    endloop
  endfacet
  facet normal -0.896907 0.44222 0
    outer loop
      vertex 13.6974 11.9437 2.2
      vertex 13.8854 12.325 7.2
      vertex 13.8854 12.325 2.2
    endloop
  endfacet
  facet normal -0.896907 0.44222 0
    outer loop
      vertex 13.8854 12.325 7.2
      vertex 13.6974 11.9437 2.2
      vertex 13.6974 11.9437 7.2
    endloop
  endfacet
  facet normal 0.0653948 0.997859 -0
    outer loop
      vertex 17.1242 13.9222 2.2
      vertex 16.7 13.95 7.2
      vertex 17.1242 13.9222 7.2
    endloop
  endfacet
  facet normal 0.0653948 0.997859 0
    outer loop
      vertex 16.7 13.95 7.2
      vertex 17.1242 13.9222 2.2
      vertex 16.7 13.95 2.2
    endloop
  endfacet
  facet normal 0.997859 -0.0653948 0
    outer loop
      vertex 19.9222 10.2758 7.2
      vertex 19.95 10.7 2.2
      vertex 19.95 10.7 7.2
    endloop
  endfacet
  facet normal 0.997859 -0.0653948 0
    outer loop
      vertex 19.95 10.7 2.2
      vertex 19.9222 10.2758 7.2
      vertex 19.9222 10.2758 2.2
    endloop
  endfacet
  facet normal 0.321481 -0.946916 0
    outer loop
      vertex 17.5412 7.56074 2.2
      vertex 17.9437 7.69739 7.2
      vertex 17.5412 7.56074 7.2
    endloop
  endfacet
  facet normal 0.321481 -0.946916 0
    outer loop
      vertex 17.9437 7.69739 7.2
      vertex 17.5412 7.56074 2.2
      vertex 17.9437 7.69739 2.2
    endloop
  endfacet
  facet normal -0.194985 0.980806 0
    outer loop
      vertex 16.2758 13.9222 2.2
      vertex 15.8588 13.8393 7.2
      vertex 16.2758 13.9222 7.2
    endloop
  endfacet
  facet normal -0.194985 0.980806 0
    outer loop
      vertex 15.8588 13.8393 7.2
      vertex 16.2758 13.9222 2.2
      vertex 15.8588 13.8393 2.2
    endloop
  endfacet
  facet normal -0.555568 0.831471 0
    outer loop
      vertex 15.075 13.5146 2.2
      vertex 14.7215 13.2784 7.2
      vertex 15.075 13.5146 7.2
    endloop
  endfacet
  facet normal -0.555568 0.831471 0
    outer loop
      vertex 14.7215 13.2784 7.2
      vertex 15.075 13.5146 2.2
      vertex 14.7215 13.2784 2.2
    endloop
  endfacet
  facet normal -0.0653948 -0.997859 0
    outer loop
      vertex 16.2758 7.4778 2.2
      vertex 16.7 7.45 7.2
      vertex 16.2758 7.4778 7.2
    endloop
  endfacet
  facet normal -0.0653948 -0.997859 -0
    outer loop
      vertex 16.7 7.45 7.2
      vertex 16.2758 7.4778 2.2
      vertex 16.7 7.45 2.2
    endloop
  endfacet
  facet normal -0.94688 0.321586 0
    outer loop
      vertex 13.5607 11.5412 2.2
      vertex 13.6974 11.9437 7.2
      vertex 13.6974 11.9437 2.2
    endloop
  endfacet
  facet normal -0.94688 0.321586 0
    outer loop
      vertex 13.6974 11.9437 7.2
      vertex 13.5607 11.5412 2.2
      vertex 13.5607 11.5412 7.2
    endloop
  endfacet
  facet normal -0.980803 -0.195003 0
    outer loop
      vertex 13.5607 9.85884 2.2
      vertex 13.4778 10.2758 7.2
      vertex 13.4778 10.2758 2.2
    endloop
  endfacet
  facet normal -0.980803 -0.195003 0
    outer loop
      vertex 13.4778 10.2758 7.2
      vertex 13.5607 9.85884 2.2
      vertex 13.5607 9.85884 7.2
    endloop
  endfacet
  facet normal -0.831471 0.555568 0
    outer loop
      vertex 13.8854 12.325 2.2
      vertex 14.1216 12.6785 7.2
      vertex 14.1216 12.6785 2.2
    endloop
  endfacet
  facet normal -0.831471 0.555568 0
    outer loop
      vertex 14.1216 12.6785 7.2
      vertex 13.8854 12.325 2.2
      vertex 13.8854 12.325 7.2
    endloop
  endfacet
  facet normal 0.195076 -0.980788 0
    outer loop
      vertex 17.1242 7.4778 2.2
      vertex 17.5412 7.56074 7.2
      vertex 17.1242 7.4778 7.2
    endloop
  endfacet
  facet normal 0.195076 -0.980788 0
    outer loop
      vertex 17.5412 7.56074 7.2
      vertex 17.1242 7.4778 2.2
      vertex 17.5412 7.56074 2.2
    endloop
  endfacet
  facet normal 0.194985 0.980806 -0
    outer loop
      vertex 17.5412 13.8393 2.2
      vertex 17.1242 13.9222 7.2
      vertex 17.5412 13.8393 7.2
    endloop
  endfacet
  facet normal 0.194985 0.980806 0
    outer loop
      vertex 17.1242 13.9222 7.2
      vertex 17.5412 13.8393 2.2
      vertex 17.1242 13.9222 2.2
    endloop
  endfacet
  facet normal 0.65937 -0.751818 0
    outer loop
      vertex 18.6785 8.1216 2.2
      vertex 18.9981 8.4019 7.2
      vertex 18.6785 8.1216 7.2
    endloop
  endfacet
  facet normal 0.65937 -0.751818 0
    outer loop
      vertex 18.9981 8.4019 7.2
      vertex 18.6785 8.1216 2.2
      vertex 18.9981 8.4019 2.2
    endloop
  endfacet
  facet normal -0.896897 -0.442239 0
    outer loop
      vertex 13.8854 9.075 2.2
      vertex 13.6974 9.45628 7.2
      vertex 13.6974 9.45628 2.2
    endloop
  endfacet
  facet normal -0.896897 -0.442239 0
    outer loop
      vertex 13.6974 9.45628 7.2
      vertex 13.8854 9.075 2.2
      vertex 13.8854 9.075 7.2
    endloop
  endfacet
  facet normal 0.442277 -0.896879 0
    outer loop
      vertex 17.9437 7.69739 2.2
      vertex 18.325 7.88542 7.2
      vertex 17.9437 7.69739 7.2
    endloop
  endfacet
  facet normal 0.442277 -0.896879 0
    outer loop
      vertex 18.325 7.88542 7.2
      vertex 17.9437 7.69739 2.2
      vertex 18.325 7.88542 2.2
    endloop
  endfacet
  facet normal 0.321586 0.94688 -0
    outer loop
      vertex 17.9437 13.7026 2.2
      vertex 17.5412 13.8393 7.2
      vertex 17.9437 13.7026 7.2
    endloop
  endfacet
  facet normal 0.321586 0.94688 0
    outer loop
      vertex 17.5412 13.8393 7.2
      vertex 17.9437 13.7026 2.2
      vertex 17.5412 13.8393 2.2
    endloop
  endfacet
  facet normal -0.555536 -0.831493 0
    outer loop
      vertex 14.7215 8.1216 2.2
      vertex 15.075 7.88542 7.2
      vertex 14.7215 8.1216 7.2
    endloop
  endfacet
  facet normal -0.555536 -0.831493 -0
    outer loop
      vertex 15.075 7.88542 7.2
      vertex 14.7215 8.1216 2.2
      vertex 15.075 7.88542 2.2
    endloop
  endfacet
  facet normal -0.442277 -0.896879 0
    outer loop
      vertex 15.075 7.88542 2.2
      vertex 15.4563 7.69739 7.2
      vertex 15.075 7.88542 7.2
    endloop
  endfacet
  facet normal -0.442277 -0.896879 -0
    outer loop
      vertex 15.4563 7.69739 7.2
      vertex 15.075 7.88542 2.2
      vertex 15.4563 7.69739 2.2
    endloop
  endfacet
  facet normal -0.831449 -0.555601 0
    outer loop
      vertex 14.1216 8.72153 2.2
      vertex 13.8854 9.075 7.2
      vertex 13.8854 9.075 2.2
    endloop
  endfacet
  facet normal -0.831449 -0.555601 0
    outer loop
      vertex 13.8854 9.075 7.2
      vertex 14.1216 8.72153 2.2
      vertex 14.1216 8.72153 7.2
    endloop
  endfacet
  facet normal 0 0 1
    outer loop
      vertex 17.95 10.7 7.2
      vertex 19.95 10.7 7.2
      vertex 19.9222 11.1242 7.2
    endloop
  endfacet
  facet normal 0 0 1
    outer loop
      vertex 17.9393 10.8632 7.2
      vertex 19.9222 11.1242 7.2
      vertex 19.8393 11.5412 7.2
    endloop
  endfacet
  facet normal 0 0 1
    outer loop
      vertex 19.95 10.7 7.2
      vertex 17.95 10.7 7.2
      vertex 19.9222 10.2758 7.2
    endloop
  endfacet
  facet normal 0 0 1
    outer loop
      vertex 17.9074 11.0235 7.2
      vertex 19.8393 11.5412 7.2
      vertex 19.7026 11.9437 7.2
    endloop
  endfacet
  facet normal -0 0 1
    outer loop
      vertex 17.9393 10.5368 7.2
      vertex 19.9222 10.2758 7.2
      vertex 17.95 10.7 7.2
    endloop
  endfacet
  facet normal 0 0 1
    outer loop
      vertex 17.8548 11.1784 7.2
      vertex 19.7026 11.9437 7.2
      vertex 19.5146 12.325 7.2
    endloop
  endfacet
  facet normal 0 0 1
    outer loop
      vertex 19.9222 10.2758 7.2
      vertex 17.9393 10.5368 7.2
      vertex 19.8393 9.85884 7.2
    endloop
  endfacet
  facet normal 0 0 1
    outer loop
      vertex 17.7825 11.325 7.2
      vertex 19.5146 12.325 7.2
      vertex 19.2784 12.6785 7.2
    endloop
  endfacet
  facet normal -0 0 1
    outer loop
      vertex 17.9074 10.3765 7.2
      vertex 19.8393 9.85884 7.2
      vertex 17.9393 10.5368 7.2
    endloop
  endfacet
  facet normal 0 0 1
    outer loop
      vertex 17.6917 11.461 7.2
      vertex 19.2784 12.6785 7.2
      vertex 18.9981 12.9981 7.2
    endloop
  endfacet
  facet normal 0 0 1
    outer loop
      vertex 19.8393 9.85884 7.2
      vertex 17.9074 10.3765 7.2
      vertex 19.7026 9.45628 7.2
    endloop
  endfacet
  facet normal 0 0 1
    outer loop
      vertex 17.5839 11.5839 7.2
      vertex 18.9981 12.9981 7.2
      vertex 18.6785 13.2784 7.2
    endloop
  endfacet
  facet normal -0 0 1
    outer loop
      vertex 17.8548 10.2216 7.2
      vertex 19.7026 9.45628 7.2
      vertex 17.9074 10.3765 7.2
    endloop
  endfacet
  facet normal 0 0 1
    outer loop
      vertex 17.461 11.6917 7.2
      vertex 18.6785 13.2784 7.2
      vertex 18.325 13.5146 7.2
    endloop
  endfacet
  facet normal 0 0 1
    outer loop
      vertex 19.7026 9.45628 7.2
      vertex 17.8548 10.2216 7.2
      vertex 19.5146 9.075 7.2
    endloop
  endfacet
  facet normal -0 0 1
    outer loop
      vertex 17.7825 10.075 7.2
      vertex 19.5146 9.075 7.2
      vertex 17.8548 10.2216 7.2
    endloop
  endfacet
  facet normal 0 0 1
    outer loop
      vertex 17.325 11.7825 7.2
      vertex 18.325 13.5146 7.2
      vertex 17.9437 13.7026 7.2
    endloop
  endfacet
  facet normal 0 0 1
    outer loop
      vertex 19.9222 11.1242 7.2
      vertex 17.9393 10.8632 7.2
      vertex 17.95 10.7 7.2
    endloop
  endfacet
  facet normal 0 0 1
    outer loop
      vertex 19.8393 11.5412 7.2
      vertex 17.9074 11.0235 7.2
      vertex 17.9393 10.8632 7.2
    endloop
  endfacet
  facet normal 0 0 1
    outer loop
      vertex 19.7026 11.9437 7.2
      vertex 17.8548 11.1784 7.2
      vertex 17.9074 11.0235 7.2
    endloop
  endfacet
  facet normal 0 0 1
    outer loop
      vertex 19.5146 12.325 7.2
      vertex 17.7825 11.325 7.2
      vertex 17.8548 11.1784 7.2
    endloop
  endfacet
  facet normal 0 0 1
    outer loop
      vertex 19.2784 12.6785 7.2
      vertex 17.6917 11.461 7.2
      vertex 17.7825 11.325 7.2
    endloop
  endfacet
  facet normal 0 0 1
    outer loop
      vertex 18.9981 12.9981 7.2
      vertex 17.5839 11.5839 7.2
      vertex 17.6917 11.461 7.2
    endloop
  endfacet
  facet normal 0 0 1
    outer loop
      vertex 17.1784 11.8548 7.2
      vertex 17.9437 13.7026 7.2
      vertex 17.5412 13.8393 7.2
    endloop
  endfacet
  facet normal 0 0 1
    outer loop
      vertex 18.6785 13.2784 7.2
      vertex 17.461 11.6917 7.2
      vertex 17.5839 11.5839 7.2
    endloop
  endfacet
  facet normal 0 0 1
    outer loop
      vertex 18.325 13.5146 7.2
      vertex 17.325 11.7825 7.2
      vertex 17.461 11.6917 7.2
    endloop
  endfacet
  facet normal 0 0 1
    outer loop
      vertex 17.9437 13.7026 7.2
      vertex 17.1784 11.8548 7.2
      vertex 17.325 11.7825 7.2
    endloop
  endfacet
  facet normal 0 0 1
    outer loop
      vertex 17.0235 11.9074 7.2
      vertex 17.5412 13.8393 7.2
      vertex 17.1242 13.9222 7.2
    endloop
  endfacet
  facet normal 0 0 1
    outer loop
      vertex 17.5412 13.8393 7.2
      vertex 17.0235 11.9074 7.2
      vertex 17.1784 11.8548 7.2
    endloop
  endfacet
  facet normal 0 0 1
    outer loop
      vertex 17.1242 13.9222 7.2
      vertex 16.8632 11.9393 7.2
      vertex 17.0235 11.9074 7.2
    endloop
  endfacet
  facet normal 0 0 1
    outer loop
      vertex 16.7 13.95 7.2
      vertex 16.8632 11.9393 7.2
      vertex 17.1242 13.9222 7.2
    endloop
  endfacet
  facet normal 0 0 1
    outer loop
      vertex 16.7 13.95 7.2
      vertex 16.7 11.95 7.2
      vertex 16.8632 11.9393 7.2
    endloop
  endfacet
  facet normal 0 0 1
    outer loop
      vertex 16.7 13.95 7.2
      vertex 16.5368 11.9393 7.2
      vertex 16.7 11.95 7.2
    endloop
  endfacet
  facet normal -0 0 1
    outer loop
      vertex 16.2758 13.9222 7.2
      vertex 16.5368 11.9393 7.2
      vertex 16.7 13.95 7.2
    endloop
  endfacet
  facet normal 0 0 1
    outer loop
      vertex 16.5368 11.9393 7.2
      vertex 16.2758 13.9222 7.2
      vertex 16.3765 11.9074 7.2
    endloop
  endfacet
  facet normal -0 0 1
    outer loop
      vertex 15.8588 13.8393 7.2
      vertex 16.3765 11.9074 7.2
      vertex 16.2758 13.9222 7.2
    endloop
  endfacet
  facet normal 0 0 1
    outer loop
      vertex 16.3765 11.9074 7.2
      vertex 15.8588 13.8393 7.2
      vertex 16.2216 11.8548 7.2
    endloop
  endfacet
  facet normal -0 0 1
    outer loop
      vertex 15.4563 13.7026 7.2
      vertex 16.2216 11.8548 7.2
      vertex 15.8588 13.8393 7.2
    endloop
  endfacet
  facet normal 0 0 1
    outer loop
      vertex 16.2216 11.8548 7.2
      vertex 15.4563 13.7026 7.2
      vertex 16.075 11.7825 7.2
    endloop
  endfacet
  facet normal -0 0 1
    outer loop
      vertex 15.075 13.5146 7.2
      vertex 16.075 11.7825 7.2
      vertex 15.4563 13.7026 7.2
    endloop
  endfacet
  facet normal 0 0 1
    outer loop
      vertex 16.075 11.7825 7.2
      vertex 15.075 13.5146 7.2
      vertex 15.939 11.6917 7.2
    endloop
  endfacet
  facet normal -0 0 1
    outer loop
      vertex 14.7215 13.2784 7.2
      vertex 15.939 11.6917 7.2
      vertex 15.075 13.5146 7.2
    endloop
  endfacet
  facet normal 0 0 1
    outer loop
      vertex 15.939 11.6917 7.2
      vertex 14.7215 13.2784 7.2
      vertex 15.8161 11.5839 7.2
    endloop
  endfacet
  facet normal -0 0 1
    outer loop
      vertex 14.4019 12.9981 7.2
      vertex 15.8161 11.5839 7.2
      vertex 14.7215 13.2784 7.2
    endloop
  endfacet
  facet normal 0 0 1
    outer loop
      vertex 15.8161 11.5839 7.2
      vertex 14.4019 12.9981 7.2
      vertex 15.7083 11.461 7.2
    endloop
  endfacet
  facet normal -0 0 1
    outer loop
      vertex 14.1216 12.6785 7.2
      vertex 15.7083 11.461 7.2
      vertex 14.4019 12.9981 7.2
    endloop
  endfacet
  facet normal 0 0 1
    outer loop
      vertex 15.7083 11.461 7.2
      vertex 14.1216 12.6785 7.2
      vertex 15.6175 11.325 7.2
    endloop
  endfacet
  facet normal -0 0 1
    outer loop
      vertex 13.8854 12.325 7.2
      vertex 15.6175 11.325 7.2
      vertex 14.1216 12.6785 7.2
    endloop
  endfacet
  facet normal 0 0 1
    outer loop
      vertex 19.5146 9.075 7.2
      vertex 17.7825 10.075 7.2
      vertex 19.2784 8.72153 7.2
    endloop
  endfacet
  facet normal -0 0 1
    outer loop
      vertex 17.6917 9.93905 7.2
      vertex 19.2784 8.72153 7.2
      vertex 17.7825 10.075 7.2
    endloop
  endfacet
  facet normal 0 0 1
    outer loop
      vertex 19.2784 8.72153 7.2
      vertex 17.6917 9.93905 7.2
      vertex 18.9981 8.4019 7.2
    endloop
  endfacet
  facet normal -0 0 1
    outer loop
      vertex 17.5839 9.81612 7.2
      vertex 18.9981 8.4019 7.2
      vertex 17.6917 9.93905 7.2
    endloop
  endfacet
  facet normal 0 0 1
    outer loop
      vertex 18.9981 8.4019 7.2
      vertex 17.5839 9.81612 7.2
      vertex 18.6785 8.1216 7.2
    endloop
  endfacet
  facet normal -0 0 1
    outer loop
      vertex 17.461 9.70831 7.2
      vertex 18.6785 8.1216 7.2
      vertex 17.5839 9.81612 7.2
    endloop
  endfacet
  facet normal 0 0 1
    outer loop
      vertex 18.6785 8.1216 7.2
      vertex 17.461 9.70831 7.2
      vertex 18.325 7.88542 7.2
    endloop
  endfacet
  facet normal -0 0 1
    outer loop
      vertex 17.325 9.61747 7.2
      vertex 18.325 7.88542 7.2
      vertex 17.461 9.70831 7.2
    endloop
  endfacet
  facet normal 0 0 1
    outer loop
      vertex 18.325 7.88542 7.2
      vertex 17.325 9.61747 7.2
      vertex 17.9437 7.69739 7.2
    endloop
  endfacet
  facet normal -0 0 1
    outer loop
      vertex 17.1784 9.54515 7.2
      vertex 17.9437 7.69739 7.2
      vertex 17.325 9.61747 7.2
    endloop
  endfacet
  facet normal 0 0 1
    outer loop
      vertex 17.9437 7.69739 7.2
      vertex 17.1784 9.54515 7.2
      vertex 17.5412 7.56074 7.2
    endloop
  endfacet
  facet normal -0 0 1
    outer loop
      vertex 17.0235 9.49259 7.2
      vertex 17.5412 7.56074 7.2
      vertex 17.1784 9.54515 7.2
    endloop
  endfacet
  facet normal 0 0 1
    outer loop
      vertex 17.5412 7.56074 7.2
      vertex 17.0235 9.49259 7.2
      vertex 17.1242 7.4778 7.2
    endloop
  endfacet
  facet normal -0 0 1
    outer loop
      vertex 16.8632 9.46069 7.2
      vertex 17.1242 7.4778 7.2
      vertex 17.0235 9.49259 7.2
    endloop
  endfacet
  facet normal -0 0 1
    outer loop
      vertex 16.7 9.45 7.2
      vertex 17.1242 7.4778 7.2
      vertex 16.8632 9.46069 7.2
    endloop
  endfacet
  facet normal 0 0 1
    outer loop
      vertex 16.7 9.45 7.2
      vertex 16.7 7.45 7.2
      vertex 17.1242 7.4778 7.2
    endloop
  endfacet
  facet normal 0 0 1
    outer loop
      vertex 16.5368 9.46069 7.2
      vertex 16.7 7.45 7.2
      vertex 16.7 9.45 7.2
    endloop
  endfacet
  facet normal 0 0 1
    outer loop
      vertex 16.2758 7.4778 7.2
      vertex 16.5368 9.46069 7.2
      vertex 16.3765 9.49259 7.2
    endloop
  endfacet
  facet normal 0 0 1
    outer loop
      vertex 16.5368 9.46069 7.2
      vertex 16.2758 7.4778 7.2
      vertex 16.7 7.45 7.2
    endloop
  endfacet
  facet normal 0 0 1
    outer loop
      vertex 15.8588 7.56074 7.2
      vertex 16.3765 9.49259 7.2
      vertex 16.2216 9.54515 7.2
    endloop
  endfacet
  facet normal 0 0 1
    outer loop
      vertex 15.4563 7.69739 7.2
      vertex 16.2216 9.54515 7.2
      vertex 16.075 9.61747 7.2
    endloop
  endfacet
  facet normal 0 0 1
    outer loop
      vertex 15.075 7.88542 7.2
      vertex 16.075 9.61747 7.2
      vertex 15.939 9.70831 7.2
    endloop
  endfacet
  facet normal 0 0 1
    outer loop
      vertex 16.3765 9.49259 7.2
      vertex 15.8588 7.56074 7.2
      vertex 16.2758 7.4778 7.2
    endloop
  endfacet
  facet normal 0 0 1
    outer loop
      vertex 14.7215 8.1216 7.2
      vertex 15.939 9.70831 7.2
      vertex 15.8161 9.81612 7.2
    endloop
  endfacet
  facet normal 0 0 1
    outer loop
      vertex 14.4019 8.4019 7.2
      vertex 15.8161 9.81612 7.2
      vertex 15.7083 9.93905 7.2
    endloop
  endfacet
  facet normal 0 0 1
    outer loop
      vertex 14.1216 8.72153 7.2
      vertex 15.7083 9.93905 7.2
      vertex 15.6175 10.075 7.2
    endloop
  endfacet
  facet normal 0 0 1
    outer loop
      vertex 13.8854 9.075 7.2
      vertex 15.6175 10.075 7.2
      vertex 15.5452 10.2216 7.2
    endloop
  endfacet
  facet normal 0 0 1
    outer loop
      vertex 13.6974 9.45628 7.2
      vertex 15.5452 10.2216 7.2
      vertex 15.4926 10.3765 7.2
    endloop
  endfacet
  facet normal 0 0 1
    outer loop
      vertex 13.5607 9.85884 7.2
      vertex 15.4926 10.3765 7.2
      vertex 15.4607 10.5368 7.2
    endloop
  endfacet
  facet normal 0 0 1
    outer loop
      vertex 16.2216 9.54515 7.2
      vertex 15.4563 7.69739 7.2
      vertex 15.8588 7.56074 7.2
    endloop
  endfacet
  facet normal 0 0 1
    outer loop
      vertex 13.4778 10.2758 7.2
      vertex 15.4607 10.5368 7.2
      vertex 15.45 10.7 7.2
    endloop
  endfacet
  facet normal 0 0 1
    outer loop
      vertex 15.6175 11.325 7.2
      vertex 13.8854 12.325 7.2
      vertex 15.5452 11.1784 7.2
    endloop
  endfacet
  facet normal 0 0 1
    outer loop
      vertex 16.075 9.61747 7.2
      vertex 15.075 7.88542 7.2
      vertex 15.4563 7.69739 7.2
    endloop
  endfacet
  facet normal -0 0 1
    outer loop
      vertex 13.6974 11.9437 7.2
      vertex 15.5452 11.1784 7.2
      vertex 13.8854 12.325 7.2
    endloop
  endfacet
  facet normal 0 0 1
    outer loop
      vertex 15.939 9.70831 7.2
      vertex 14.7215 8.1216 7.2
      vertex 15.075 7.88542 7.2
    endloop
  endfacet
  facet normal 0 0 1
    outer loop
      vertex 15.5452 11.1784 7.2
      vertex 13.6974 11.9437 7.2
      vertex 15.4926 11.0235 7.2
    endloop
  endfacet
  facet normal 0 0 1
    outer loop
      vertex 15.8161 9.81612 7.2
      vertex 14.4019 8.4019 7.2
      vertex 14.7215 8.1216 7.2
    endloop
  endfacet
  facet normal -0 0 1
    outer loop
      vertex 13.5607 11.5412 7.2
      vertex 15.4926 11.0235 7.2
      vertex 13.6974 11.9437 7.2
    endloop
  endfacet
  facet normal 0 0 1
    outer loop
      vertex 15.7083 9.93905 7.2
      vertex 14.1216 8.72153 7.2
      vertex 14.4019 8.4019 7.2
    endloop
  endfacet
  facet normal 0 0 1
    outer loop
      vertex 15.4926 11.0235 7.2
      vertex 13.5607 11.5412 7.2
      vertex 15.4607 10.8632 7.2
    endloop
  endfacet
  facet normal 0 0 1
    outer loop
      vertex 15.6175 10.075 7.2
      vertex 13.8854 9.075 7.2
      vertex 14.1216 8.72153 7.2
    endloop
  endfacet
  facet normal -0 0 1
    outer loop
      vertex 13.4778 11.1242 7.2
      vertex 15.4607 10.8632 7.2
      vertex 13.5607 11.5412 7.2
    endloop
  endfacet
  facet normal 0 0 1
    outer loop
      vertex 15.5452 10.2216 7.2
      vertex 13.6974 9.45628 7.2
      vertex 13.8854 9.075 7.2
    endloop
  endfacet
  facet normal 0 0 1
    outer loop
      vertex 15.4607 10.8632 7.2
      vertex 13.4778 11.1242 7.2
      vertex 15.45 10.7 7.2
    endloop
  endfacet
  facet normal 0 0 1
    outer loop
      vertex 15.4926 10.3765 7.2
      vertex 13.5607 9.85884 7.2
      vertex 13.6974 9.45628 7.2
    endloop
  endfacet
  facet normal 0 0 1
    outer loop
      vertex 13.45 10.7 7.2
      vertex 15.45 10.7 7.2
      vertex 13.4778 11.1242 7.2
    endloop
  endfacet
  facet normal 0 0 1
    outer loop
      vertex 15.4607 10.5368 7.2
      vertex 13.4778 10.2758 7.2
      vertex 13.5607 9.85884 7.2
    endloop
  endfacet
  facet normal 0 0 1
    outer loop
      vertex 15.45 10.7 7.2
      vertex 13.45 10.7 7.2
      vertex 13.4778 10.2758 7.2
    endloop
  endfacet
  facet normal -0.980768 0.195175 0
    outer loop
      vertex 17.9074 10.3765 3.2
      vertex 17.9393 10.5368 7.2
      vertex 17.9393 10.5368 3.2
    endloop
  endfacet
  facet normal -0.980768 0.195175 0
    outer loop
      vertex 17.9393 10.5368 7.2
      vertex 17.9074 10.3765 3.2
      vertex 17.9074 10.3765 7.2
    endloop
  endfacet
  facet normal -0.980768 -0.195175 0
    outer loop
      vertex 17.9393 10.8632 3.2
      vertex 17.9074 11.0235 7.2
      vertex 17.9074 11.0235 3.2
    endloop
  endfacet
  facet normal -0.980768 -0.195175 0
    outer loop
      vertex 17.9074 11.0235 7.2
      vertex 17.9393 10.8632 3.2
      vertex 17.9393 10.8632 7.2
    endloop
  endfacet
  facet normal -0.997858 -0.0654233 0
    outer loop
      vertex 17.95 10.7 3.2
      vertex 17.9393 10.8632 7.2
      vertex 17.9393 10.8632 3.2
    endloop
  endfacet
  facet normal -0.997858 -0.0654233 0
    outer loop
      vertex 17.9393 10.8632 7.2
      vertex 17.95 10.7 3.2
      vertex 17.95 10.7 7.2
    endloop
  endfacet
  facet normal -0.946896 -0.321541 0
    outer loop
      vertex 17.9074 11.0235 3.2
      vertex 17.8548 11.1784 7.2
      vertex 17.8548 11.1784 3.2
    endloop
  endfacet
  facet normal -0.946896 -0.321541 0
    outer loop
      vertex 17.8548 11.1784 7.2
      vertex 17.9074 11.0235 3.2
      vertex 17.9074 11.0235 7.2
    endloop
  endfacet
  facet normal 0.997858 -0.0654233 0
    outer loop
      vertex 15.45 10.7 7.2
      vertex 15.4607 10.8632 3.2
      vertex 15.4607 10.8632 7.2
    endloop
  endfacet
  facet normal 0.997858 -0.0654233 0
    outer loop
      vertex 15.4607 10.8632 3.2
      vertex 15.45 10.7 7.2
      vertex 15.45 10.7 3.2
    endloop
  endfacet
  facet normal -0.442411 0.896812 0
    outer loop
      vertex 17.325 9.61747 3.2
      vertex 17.1784 9.54515 7.2
      vertex 17.325 9.61747 7.2
    endloop
  endfacet
  facet normal -0.442411 0.896812 0
    outer loop
      vertex 17.1784 9.54515 7.2
      vertex 17.325 9.61747 3.2
      vertex 17.1784 9.54515 3.2
    endloop
  endfacet
  facet normal -0.195175 -0.980768 0
    outer loop
      vertex 16.8632 11.9393 3.2
      vertex 17.0235 11.9074 7.2
      vertex 16.8632 11.9393 7.2
    endloop
  endfacet
  facet normal -0.195175 -0.980768 -0
    outer loop
      vertex 17.0235 11.9074 7.2
      vertex 16.8632 11.9393 3.2
      vertex 17.0235 11.9074 3.2
    endloop
  endfacet
  facet normal -0.195175 0.980768 0
    outer loop
      vertex 17.0235 9.49259 3.2
      vertex 16.8632 9.46069 7.2
      vertex 17.0235 9.49259 7.2
    endloop
  endfacet
  facet normal -0.195175 0.980768 0
    outer loop
      vertex 16.8632 9.46069 7.2
      vertex 17.0235 9.49259 3.2
      vertex 16.8632 9.46069 3.2
    endloop
  endfacet
  facet normal -0.0653624 0.997862 0
    outer loop
      vertex 16.8632 9.46069 3.2
      vertex 16.7 9.45 7.2
      vertex 16.8632 9.46069 7.2
    endloop
  endfacet
  facet normal -0.0653624 0.997862 0
    outer loop
      vertex 16.7 9.45 7.2
      vertex 16.8632 9.46069 3.2
      vertex 16.7 9.45 3.2
    endloop
  endfacet
  facet normal 0.659414 -0.75178 0
    outer loop
      vertex 15.8161 11.5839 3.2
      vertex 15.939 11.6917 7.2
      vertex 15.8161 11.5839 7.2
    endloop
  endfacet
  facet normal 0.659414 -0.75178 0
    outer loop
      vertex 15.939 11.6917 7.2
      vertex 15.8161 11.5839 3.2
      vertex 15.939 11.6917 3.2
    endloop
  endfacet
  facet normal 0.831674 -0.555265 0
    outer loop
      vertex 15.6175 11.325 7.2
      vertex 15.7083 11.461 3.2
      vertex 15.7083 11.461 7.2
    endloop
  endfacet
  facet normal 0.831674 -0.555265 0
    outer loop
      vertex 15.7083 11.461 3.2
      vertex 15.6175 11.325 7.2
      vertex 15.6175 11.325 3.2
    endloop
  endfacet
  facet normal -0.321541 -0.946896 0
    outer loop
      vertex 17.0235 11.9074 3.2
      vertex 17.1784 11.8548 7.2
      vertex 17.0235 11.9074 7.2
    endloop
  endfacet
  facet normal -0.321541 -0.946896 -0
    outer loop
      vertex 17.1784 11.8548 7.2
      vertex 17.0235 11.9074 3.2
      vertex 17.1784 11.8548 3.2
    endloop
  endfacet
  facet normal -0.659448 0.75175 0
    outer loop
      vertex 17.5839 9.81612 3.2
      vertex 17.461 9.70831 7.2
      vertex 17.5839 9.81612 7.2
    endloop
  endfacet
  facet normal -0.659448 0.75175 0
    outer loop
      vertex 17.461 9.70831 7.2
      vertex 17.5839 9.81612 3.2
      vertex 17.461 9.70831 3.2
    endloop
  endfacet
  facet normal 0.442313 -0.896861 0
    outer loop
      vertex 16.075 11.7825 3.2
      vertex 16.2216 11.8548 7.2
      vertex 16.075 11.7825 7.2
    endloop
  endfacet
  facet normal 0.442313 -0.896861 0
    outer loop
      vertex 16.2216 11.8548 7.2
      vertex 16.075 11.7825 3.2
      vertex 16.2216 11.8548 3.2
    endloop
  endfacet
  facet normal 0.0653624 0.997862 -0
    outer loop
      vertex 16.7 9.45 3.2
      vertex 16.5368 9.46069 7.2
      vertex 16.7 9.45 7.2
    endloop
  endfacet
  facet normal 0.0653624 0.997862 0
    outer loop
      vertex 16.5368 9.46069 7.2
      vertex 16.7 9.45 3.2
      vertex 16.5368 9.46069 3.2
    endloop
  endfacet
  facet normal -0.75186 0.659323 0
    outer loop
      vertex 17.5839 9.81612 3.2
      vertex 17.6917 9.93905 7.2
      vertex 17.6917 9.93905 3.2
    endloop
  endfacet
  facet normal -0.75186 0.659323 0
    outer loop
      vertex 17.6917 9.93905 7.2
      vertex 17.5839 9.81612 3.2
      vertex 17.5839 9.81612 7.2
    endloop
  endfacet
  facet normal 0.946896 0.321541 0
    outer loop
      vertex 15.5452 10.2216 7.2
      vertex 15.4926 10.3765 3.2
      vertex 15.4926 10.3765 7.2
    endloop
  endfacet
  facet normal 0.946896 0.321541 0
    outer loop
      vertex 15.4926 10.3765 3.2
      vertex 15.5452 10.2216 7.2
      vertex 15.5452 10.2216 3.2
    endloop
  endfacet
  facet normal -0.321322 0.94697 0
    outer loop
      vertex 17.1784 9.54515 3.2
      vertex 17.0235 9.49259 7.2
      vertex 17.1784 9.54515 7.2
    endloop
  endfacet
  facet normal -0.321322 0.94697 0
    outer loop
      vertex 17.0235 9.49259 7.2
      vertex 17.1784 9.54515 3.2
      vertex 17.0235 9.49259 3.2
    endloop
  endfacet
  facet normal 0.321541 -0.946896 0
    outer loop
      vertex 16.2216 11.8548 3.2
      vertex 16.3765 11.9074 7.2
      vertex 16.2216 11.8548 7.2
    endloop
  endfacet
  facet normal 0.321541 -0.946896 0
    outer loop
      vertex 16.3765 11.9074 7.2
      vertex 16.2216 11.8548 3.2
      vertex 16.3765 11.9074 3.2
    endloop
  endfacet
  facet normal -0.75178 -0.659414 0
    outer loop
      vertex 17.6917 11.461 3.2
      vertex 17.5839 11.5839 7.2
      vertex 17.5839 11.5839 3.2
    endloop
  endfacet
  facet normal -0.75178 -0.659414 0
    outer loop
      vertex 17.5839 11.5839 7.2
      vertex 17.6917 11.461 3.2
      vertex 17.6917 11.461 7.2
    endloop
  endfacet
  facet normal 0.555265 -0.831674 0
    outer loop
      vertex 15.939 11.6917 3.2
      vertex 16.075 11.7825 7.2
      vertex 15.939 11.6917 7.2
    endloop
  endfacet
  facet normal 0.555265 -0.831674 0
    outer loop
      vertex 16.075 11.7825 7.2
      vertex 15.939 11.6917 3.2
      vertex 16.075 11.7825 3.2
    endloop
  endfacet
  facet normal 0.946896 -0.321541 0
    outer loop
      vertex 15.4926 11.0235 7.2
      vertex 15.5452 11.1784 3.2
      vertex 15.5452 11.1784 7.2
    endloop
  endfacet
  facet normal 0.946896 -0.321541 0
    outer loop
      vertex 15.5452 11.1784 3.2
      vertex 15.4926 11.0235 7.2
      vertex 15.4926 11.0235 3.2
    endloop
  endfacet
  facet normal -0.896861 -0.442313 0
    outer loop
      vertex 17.8548 11.1784 3.2
      vertex 17.7825 11.325 7.2
      vertex 17.7825 11.325 3.2
    endloop
  endfacet
  facet normal -0.896861 -0.442313 0
    outer loop
      vertex 17.7825 11.325 7.2
      vertex 17.8548 11.1784 3.2
      vertex 17.8548 11.1784 7.2
    endloop
  endfacet
  facet normal 0.195175 -0.980768 0
    outer loop
      vertex 16.3765 11.9074 3.2
      vertex 16.5368 11.9393 7.2
      vertex 16.3765 11.9074 7.2
    endloop
  endfacet
  facet normal 0.195175 -0.980768 0
    outer loop
      vertex 16.5368 11.9393 7.2
      vertex 16.3765 11.9074 3.2
      vertex 16.5368 11.9393 3.2
    endloop
  endfacet
  facet normal -0.659414 -0.75178 0
    outer loop
      vertex 17.461 11.6917 3.2
      vertex 17.5839 11.5839 7.2
      vertex 17.461 11.6917 7.2
    endloop
  endfacet
  facet normal -0.659414 -0.75178 -0
    outer loop
      vertex 17.5839 11.5839 7.2
      vertex 17.461 11.6917 3.2
      vertex 17.5839 11.5839 3.2
    endloop
  endfacet
  facet normal -0.997858 0.0654233 0
    outer loop
      vertex 17.9393 10.5368 3.2
      vertex 17.95 10.7 7.2
      vertex 17.95 10.7 3.2
    endloop
  endfacet
  facet normal -0.997858 0.0654233 0
    outer loop
      vertex 17.95 10.7 7.2
      vertex 17.9393 10.5368 3.2
      vertex 17.9393 10.5368 7.2
    endloop
  endfacet
  facet normal -0.442313 -0.896861 0
    outer loop
      vertex 17.1784 11.8548 3.2
      vertex 17.325 11.7825 7.2
      vertex 17.1784 11.8548 7.2
    endloop
  endfacet
  facet normal -0.442313 -0.896861 -0
    outer loop
      vertex 17.325 11.7825 7.2
      vertex 17.1784 11.8548 3.2
      vertex 17.325 11.7825 3.2
    endloop
  endfacet
  facet normal 0.321322 0.94697 -0
    outer loop
      vertex 16.3765 9.49259 3.2
      vertex 16.2216 9.54515 7.2
      vertex 16.3765 9.49259 7.2
    endloop
  endfacet
  facet normal 0.321322 0.94697 0
    outer loop
      vertex 16.2216 9.54515 7.2
      vertex 16.3765 9.49259 3.2
      vertex 16.2216 9.54515 3.2
    endloop
  endfacet
  facet normal 0.980768 -0.195175 0
    outer loop
      vertex 15.4607 10.8632 7.2
      vertex 15.4926 11.0235 3.2
      vertex 15.4926 11.0235 7.2
    endloop
  endfacet
  facet normal 0.980768 -0.195175 0
    outer loop
      vertex 15.4926 11.0235 3.2
      vertex 15.4607 10.8632 7.2
      vertex 15.4607 10.8632 3.2
    endloop
  endfacet
  facet normal 0.0654233 -0.997858 0
    outer loop
      vertex 16.5368 11.9393 3.2
      vertex 16.7 11.95 7.2
      vertex 16.5368 11.9393 7.2
    endloop
  endfacet
  facet normal 0.0654233 -0.997858 0
    outer loop
      vertex 16.7 11.95 7.2
      vertex 16.5368 11.9393 3.2
      vertex 16.7 11.95 3.2
    endloop
  endfacet
  facet normal 0.195175 0.980768 -0
    outer loop
      vertex 16.5368 9.46069 3.2
      vertex 16.3765 9.49259 7.2
      vertex 16.5368 9.46069 7.2
    endloop
  endfacet
  facet normal 0.195175 0.980768 0
    outer loop
      vertex 16.3765 9.49259 7.2
      vertex 16.5368 9.46069 3.2
      vertex 16.3765 9.49259 3.2
    endloop
  endfacet
  facet normal -0.946896 0.321541 0
    outer loop
      vertex 17.8548 10.2216 3.2
      vertex 17.9074 10.3765 7.2
      vertex 17.9074 10.3765 3.2
    endloop
  endfacet
  facet normal -0.946896 0.321541 0
    outer loop
      vertex 17.9074 10.3765 7.2
      vertex 17.8548 10.2216 3.2
      vertex 17.8548 10.2216 7.2
    endloop
  endfacet
  facet normal -0.831674 -0.555265 0
    outer loop
      vertex 17.7825 11.325 3.2
      vertex 17.6917 11.461 7.2
      vertex 17.6917 11.461 3.2
    endloop
  endfacet
  facet normal -0.831674 -0.555265 0
    outer loop
      vertex 17.6917 11.461 7.2
      vertex 17.7825 11.325 3.2
      vertex 17.7825 11.325 7.2
    endloop
  endfacet
  facet normal 0.896861 0.442313 0
    outer loop
      vertex 15.6175 10.075 7.2
      vertex 15.5452 10.2216 3.2
      vertex 15.5452 10.2216 7.2
    endloop
  endfacet
  facet normal 0.896861 0.442313 0
    outer loop
      vertex 15.5452 10.2216 3.2
      vertex 15.6175 10.075 7.2
      vertex 15.6175 10.075 3.2
    endloop
  endfacet
  facet normal -0.896861 0.442313 0
    outer loop
      vertex 17.7825 10.075 3.2
      vertex 17.8548 10.2216 7.2
      vertex 17.8548 10.2216 3.2
    endloop
  endfacet
  facet normal -0.896861 0.442313 0
    outer loop
      vertex 17.8548 10.2216 7.2
      vertex 17.7825 10.075 3.2
      vertex 17.7825 10.075 7.2
    endloop
  endfacet
  facet normal 0.75186 0.659323 0
    outer loop
      vertex 15.8161 9.81612 7.2
      vertex 15.7083 9.93905 3.2
      vertex 15.7083 9.93905 7.2
    endloop
  endfacet
  facet normal 0.75186 0.659323 0
    outer loop
      vertex 15.7083 9.93905 3.2
      vertex 15.8161 9.81612 7.2
      vertex 15.8161 9.81612 3.2
    endloop
  endfacet
  facet normal -0.831579 0.555406 0
    outer loop
      vertex 17.6917 9.93905 3.2
      vertex 17.7825 10.075 7.2
      vertex 17.7825 10.075 3.2
    endloop
  endfacet
  facet normal -0.831579 0.555406 0
    outer loop
      vertex 17.7825 10.075 7.2
      vertex 17.6917 9.93905 3.2
      vertex 17.6917 9.93905 7.2
    endloop
  endfacet
  facet normal 0 0 1
    outer loop
      vertex 17.9393 10.8632 3.2
      vertex 17.9393 10.5368 3.2
      vertex 17.95 10.7 3.2
    endloop
  endfacet
  facet normal 0 0 1
    outer loop
      vertex 17.9074 11.0235 3.2
      vertex 17.9393 10.5368 3.2
      vertex 17.9393 10.8632 3.2
    endloop
  endfacet
  facet normal 0 0 1
    outer loop
      vertex 17.9074 11.0235 3.2
      vertex 17.9074 10.3765 3.2
      vertex 17.9393 10.5368 3.2
    endloop
  endfacet
  facet normal 0 0 1
    outer loop
      vertex 17.8548 11.1784 3.2
      vertex 17.9074 10.3765 3.2
      vertex 17.9074 11.0235 3.2
    endloop
  endfacet
  facet normal 0 0 1
    outer loop
      vertex 17.8548 11.1784 3.2
      vertex 17.8548 10.2216 3.2
      vertex 17.9074 10.3765 3.2
    endloop
  endfacet
  facet normal 0 0 1
    outer loop
      vertex 17.7825 11.325 3.2
      vertex 17.8548 10.2216 3.2
      vertex 17.8548 11.1784 3.2
    endloop
  endfacet
  facet normal 0 0 1
    outer loop
      vertex 17.7825 11.325 3.2
      vertex 17.7825 10.075 3.2
      vertex 17.8548 10.2216 3.2
    endloop
  endfacet
  facet normal 0 0 1
    outer loop
      vertex 17.6917 11.461 3.2
      vertex 17.7825 10.075 3.2
      vertex 17.7825 11.325 3.2
    endloop
  endfacet
  facet normal 0 0 1
    outer loop
      vertex 17.6917 11.461 3.2
      vertex 17.6917 9.93905 3.2
      vertex 17.7825 10.075 3.2
    endloop
  endfacet
  facet normal 0 0 1
    outer loop
      vertex 17.5839 11.5839 3.2
      vertex 17.6917 9.93905 3.2
      vertex 17.6917 11.461 3.2
    endloop
  endfacet
  facet normal 0 0 1
    outer loop
      vertex 17.5839 11.5839 3.2
      vertex 17.5839 9.81612 3.2
      vertex 17.6917 9.93905 3.2
    endloop
  endfacet
  facet normal 0 0 1
    outer loop
      vertex 17.461 11.6917 3.2
      vertex 17.5839 9.81612 3.2
      vertex 17.5839 11.5839 3.2
    endloop
  endfacet
  facet normal 0 0 1
    outer loop
      vertex 17.461 11.6917 3.2
      vertex 17.461 9.70831 3.2
      vertex 17.5839 9.81612 3.2
    endloop
  endfacet
  facet normal 0 0 1
    outer loop
      vertex 17.325 11.7825 3.2
      vertex 17.461 9.70831 3.2
      vertex 17.461 11.6917 3.2
    endloop
  endfacet
  facet normal 0 0 1
    outer loop
      vertex 17.325 11.7825 3.2
      vertex 17.325 9.61747 3.2
      vertex 17.461 9.70831 3.2
    endloop
  endfacet
  facet normal 0 0 1
    outer loop
      vertex 17.1784 11.8548 3.2
      vertex 17.325 9.61747 3.2
      vertex 17.325 11.7825 3.2
    endloop
  endfacet
  facet normal 0 0 1
    outer loop
      vertex 17.1784 11.8548 3.2
      vertex 17.1784 9.54515 3.2
      vertex 17.325 9.61747 3.2
    endloop
  endfacet
  facet normal 0 0 1
    outer loop
      vertex 17.0235 11.9074 3.2
      vertex 17.1784 9.54515 3.2
      vertex 17.1784 11.8548 3.2
    endloop
  endfacet
  facet normal 0 0 1
    outer loop
      vertex 17.0235 11.9074 3.2
      vertex 17.0235 9.49259 3.2
      vertex 17.1784 9.54515 3.2
    endloop
  endfacet
  facet normal 0 0 1
    outer loop
      vertex 16.8632 11.9393 3.2
      vertex 17.0235 9.49259 3.2
      vertex 17.0235 11.9074 3.2
    endloop
  endfacet
  facet normal 0 0 1
    outer loop
      vertex 16.8632 11.9393 3.2
      vertex 16.8632 9.46069 3.2
      vertex 17.0235 9.49259 3.2
    endloop
  endfacet
  facet normal 0 0 1
    outer loop
      vertex 16.7 11.95 3.2
      vertex 16.8632 9.46069 3.2
      vertex 16.8632 11.9393 3.2
    endloop
  endfacet
  facet normal 0 0 1
    outer loop
      vertex 16.7 11.95 3.2
      vertex 16.7 9.45 3.2
      vertex 16.8632 9.46069 3.2
    endloop
  endfacet
  facet normal -0 0 1
    outer loop
      vertex 16.5368 11.9393 3.2
      vertex 16.7 9.45 3.2
      vertex 16.7 11.95 3.2
    endloop
  endfacet
  facet normal 0 0 1
    outer loop
      vertex 16.5368 11.9393 3.2
      vertex 16.5368 9.46069 3.2
      vertex 16.7 9.45 3.2
    endloop
  endfacet
  facet normal -0 0 1
    outer loop
      vertex 16.3765 11.9074 3.2
      vertex 16.5368 9.46069 3.2
      vertex 16.5368 11.9393 3.2
    endloop
  endfacet
  facet normal 0 0 1
    outer loop
      vertex 16.3765 11.9074 3.2
      vertex 16.3765 9.49259 3.2
      vertex 16.5368 9.46069 3.2
    endloop
  endfacet
  facet normal -0 0 1
    outer loop
      vertex 16.2216 11.8548 3.2
      vertex 16.3765 9.49259 3.2
      vertex 16.3765 11.9074 3.2
    endloop
  endfacet
  facet normal 0 0 1
    outer loop
      vertex 16.2216 11.8548 3.2
      vertex 16.2216 9.54515 3.2
      vertex 16.3765 9.49259 3.2
    endloop
  endfacet
  facet normal -0 0 1
    outer loop
      vertex 16.075 11.7825 3.2
      vertex 16.2216 9.54515 3.2
      vertex 16.2216 11.8548 3.2
    endloop
  endfacet
  facet normal 0 0 1
    outer loop
      vertex 16.075 11.7825 3.2
      vertex 16.075 9.61747 3.2
      vertex 16.2216 9.54515 3.2
    endloop
  endfacet
  facet normal -0 0 1
    outer loop
      vertex 15.939 11.6917 3.2
      vertex 16.075 9.61747 3.2
      vertex 16.075 11.7825 3.2
    endloop
  endfacet
  facet normal 0 0 1
    outer loop
      vertex 15.939 11.6917 3.2
      vertex 15.939 9.70831 3.2
      vertex 16.075 9.61747 3.2
    endloop
  endfacet
  facet normal -0 0 1
    outer loop
      vertex 15.8161 11.5839 3.2
      vertex 15.939 9.70831 3.2
      vertex 15.939 11.6917 3.2
    endloop
  endfacet
  facet normal 0 0 1
    outer loop
      vertex 15.8161 11.5839 3.2
      vertex 15.8161 9.81612 3.2
      vertex 15.939 9.70831 3.2
    endloop
  endfacet
  facet normal -0 0 1
    outer loop
      vertex 15.7083 11.461 3.2
      vertex 15.8161 9.81612 3.2
      vertex 15.8161 11.5839 3.2
    endloop
  endfacet
  facet normal 0 0 1
    outer loop
      vertex 15.7083 11.461 3.2
      vertex 15.7083 9.93905 3.2
      vertex 15.8161 9.81612 3.2
    endloop
  endfacet
  facet normal -0 0 1
    outer loop
      vertex 15.6175 11.325 3.2
      vertex 15.7083 9.93905 3.2
      vertex 15.7083 11.461 3.2
    endloop
  endfacet
  facet normal 0 0 1
    outer loop
      vertex 15.6175 11.325 3.2
      vertex 15.6175 10.075 3.2
      vertex 15.7083 9.93905 3.2
    endloop
  endfacet
  facet normal -0 0 1
    outer loop
      vertex 15.5452 11.1784 3.2
      vertex 15.6175 10.075 3.2
      vertex 15.6175 11.325 3.2
    endloop
  endfacet
  facet normal 0 0 1
    outer loop
      vertex 15.5452 11.1784 3.2
      vertex 15.5452 10.2216 3.2
      vertex 15.6175 10.075 3.2
    endloop
  endfacet
  facet normal -0 0 1
    outer loop
      vertex 15.4926 11.0235 3.2
      vertex 15.5452 10.2216 3.2
      vertex 15.5452 11.1784 3.2
    endloop
  endfacet
  facet normal 0 0 1
    outer loop
      vertex 15.4926 11.0235 3.2
      vertex 15.4926 10.3765 3.2
      vertex 15.5452 10.2216 3.2
    endloop
  endfacet
  facet normal -0 0 1
    outer loop
      vertex 15.4607 10.8632 3.2
      vertex 15.4926 10.3765 3.2
      vertex 15.4926 11.0235 3.2
    endloop
  endfacet
  facet normal 0 0 1
    outer loop
      vertex 15.4607 10.8632 3.2
      vertex 15.4607 10.5368 3.2
      vertex 15.4926 10.3765 3.2
    endloop
  endfacet
  facet normal 0 -0 1
    outer loop
      vertex 15.4607 10.5368 3.2
      vertex 15.4607 10.8632 3.2
      vertex 15.45 10.7 3.2
    endloop
  endfacet
  facet normal 0.75178 -0.659414 0
    outer loop
      vertex 15.7083 11.461 7.2
      vertex 15.8161 11.5839 3.2
      vertex 15.8161 11.5839 7.2
    endloop
  endfacet
  facet normal 0.75178 -0.659414 0
    outer loop
      vertex 15.8161 11.5839 3.2
      vertex 15.7083 11.461 7.2
      vertex 15.7083 11.461 3.2
    endloop
  endfacet
  facet normal -0.0654233 -0.997858 0
    outer loop
      vertex 16.7 11.95 3.2
      vertex 16.8632 11.9393 7.2
      vertex 16.7 11.95 7.2
    endloop
  endfacet
  facet normal -0.0654233 -0.997858 -0
    outer loop
      vertex 16.8632 11.9393 7.2
      vertex 16.7 11.95 3.2
      vertex 16.8632 11.9393 3.2
    endloop
  endfacet
  facet normal -0.555265 -0.831674 0
    outer loop
      vertex 17.325 11.7825 3.2
      vertex 17.461 11.6917 7.2
      vertex 17.325 11.7825 7.2
    endloop
  endfacet
  facet normal -0.555265 -0.831674 -0
    outer loop
      vertex 17.461 11.6917 7.2
      vertex 17.325 11.7825 3.2
      vertex 17.461 11.6917 3.2
    endloop
  endfacet
  facet normal 0.442411 0.896812 -0
    outer loop
      vertex 16.2216 9.54515 3.2
      vertex 16.075 9.61747 7.2
      vertex 16.2216 9.54515 7.2
    endloop
  endfacet
  facet normal 0.442411 0.896812 0
    outer loop
      vertex 16.075 9.61747 7.2
      vertex 16.2216 9.54515 3.2
      vertex 16.075 9.61747 3.2
    endloop
  endfacet
  facet normal 0.831579 0.555406 0
    outer loop
      vertex 15.7083 9.93905 7.2
      vertex 15.6175 10.075 3.2
      vertex 15.6175 10.075 7.2
    endloop
  endfacet
  facet normal 0.831579 0.555406 0
    outer loop
      vertex 15.6175 10.075 3.2
      vertex 15.7083 9.93905 7.2
      vertex 15.7083 9.93905 3.2
    endloop
  endfacet
  facet normal 0.980768 0.195175 0
    outer loop
      vertex 15.4926 10.3765 7.2
      vertex 15.4607 10.5368 3.2
      vertex 15.4607 10.5368 7.2
    endloop
  endfacet
  facet normal 0.980768 0.195175 0
    outer loop
      vertex 15.4607 10.5368 3.2
      vertex 15.4926 10.3765 7.2
      vertex 15.4926 10.3765 3.2
    endloop
  endfacet
  facet normal 0.659448 0.75175 -0
    outer loop
      vertex 15.939 9.70831 3.2
      vertex 15.8161 9.81612 7.2
      vertex 15.939 9.70831 7.2
    endloop
  endfacet
  facet normal 0.659448 0.75175 0
    outer loop
      vertex 15.8161 9.81612 7.2
      vertex 15.939 9.70831 3.2
      vertex 15.8161 9.81612 3.2
    endloop
  endfacet
  facet normal 0.896861 -0.442313 0
    outer loop
      vertex 15.5452 11.1784 7.2
      vertex 15.6175 11.325 3.2
      vertex 15.6175 11.325 7.2
    endloop
  endfacet
  facet normal 0.896861 -0.442313 0
    outer loop
      vertex 15.6175 11.325 3.2
      vertex 15.5452 11.1784 7.2
      vertex 15.5452 11.1784 3.2
    endloop
  endfacet
  facet normal 0.997858 0.0654233 0
    outer loop
      vertex 15.4607 10.5368 7.2
      vertex 15.45 10.7 3.2
      vertex 15.45 10.7 7.2
    endloop
  endfacet
  facet normal 0.997858 0.0654233 0
    outer loop
      vertex 15.45 10.7 3.2
      vertex 15.4607 10.5368 7.2
      vertex 15.4607 10.5368 3.2
    endloop
  endfacet
  facet normal -0.555434 0.831561 0
    outer loop
      vertex 17.461 9.70831 3.2
      vertex 17.325 9.61747 7.2
      vertex 17.461 9.70831 7.2
    endloop
  endfacet
  facet normal -0.555434 0.831561 0
    outer loop
      vertex 17.325 9.61747 7.2
      vertex 17.461 9.70831 3.2
      vertex 17.325 9.61747 3.2
    endloop
  endfacet
  facet normal 0.555434 0.831561 -0
    outer loop
      vertex 16.075 9.61747 3.2
      vertex 15.939 9.70831 7.2
      vertex 16.075 9.61747 7.2
    endloop
  endfacet
  facet normal 0.555434 0.831561 0
    outer loop
      vertex 15.939 9.70831 7.2
      vertex 16.075 9.61747 3.2
      vertex 15.939 9.70831 3.2
    endloop
  endfacet
  facet normal 0.980806 0.194985 0
    outer loop
      vertex 57.4222 30.4242 7.2
      vertex 57.3393 30.8412 2.2
      vertex 57.3393 30.8412 7.2
    endloop
  endfacet
  facet normal 0.980806 0.194985 0
    outer loop
      vertex 57.3393 30.8412 2.2
      vertex 57.4222 30.4242 7.2
      vertex 57.4222 30.4242 2.2
    endloop
  endfacet
  facet normal 0.997859 0.0653948 0
    outer loop
      vertex 57.45 30 7.2
      vertex 57.4222 30.4242 2.2
      vertex 57.4222 30.4242 7.2
    endloop
  endfacet
  facet normal 0.997859 0.0653948 0
    outer loop
      vertex 57.4222 30.4242 2.2
      vertex 57.45 30 7.2
      vertex 57.45 30 2.2
    endloop
  endfacet
  facet normal 0.94688 0.321586 0
    outer loop
      vertex 57.3393 30.8412 7.2
      vertex 57.2026 31.2437 2.2
      vertex 57.2026 31.2437 7.2
    endloop
  endfacet
  facet normal 0.94688 0.321586 0
    outer loop
      vertex 57.2026 31.2437 2.2
      vertex 57.3393 30.8412 7.2
      vertex 57.3393 30.8412 2.2
    endloop
  endfacet
  facet normal 0.896907 0.44222 0
    outer loop
      vertex 57.2026 31.2437 7.2
      vertex 57.0146 31.625 2.2
      vertex 57.0146 31.625 7.2
    endloop
  endfacet
  facet normal 0.896907 0.44222 0
    outer loop
      vertex 57.0146 31.625 2.2
      vertex 57.2026 31.2437 7.2
      vertex 57.2026 31.2437 2.2
    endloop
  endfacet
  facet normal 0.831471 0.555568 0
    outer loop
      vertex 57.0146 31.625 7.2
      vertex 56.7784 31.9785 2.2
      vertex 56.7784 31.9785 7.2
    endloop
  endfacet
  facet normal 0.831471 0.555568 0
    outer loop
      vertex 56.7784 31.9785 2.2
      vertex 57.0146 31.625 7.2
      vertex 57.0146 31.625 2.2
    endloop
  endfacet
  facet normal -0.44222 0.896907 0
    outer loop
      vertex 52.9563 33.0026 2.2
      vertex 52.575 32.8146 7.2
      vertex 52.9563 33.0026 7.2
    endloop
  endfacet
  facet normal -0.44222 0.896907 0
    outer loop
      vertex 52.575 32.8146 7.2
      vertex 52.9563 33.0026 2.2
      vertex 52.575 32.8146 2.2
    endloop
  endfacet
  facet normal 0.65937 0.751818 -0
    outer loop
      vertex 56.4981 32.2981 2.2
      vertex 56.1785 32.5784 7.2
      vertex 56.4981 32.2981 7.2
    endloop
  endfacet
  facet normal 0.65937 0.751818 0
    outer loop
      vertex 56.1785 32.5784 7.2
      vertex 56.4981 32.2981 2.2
      vertex 56.1785 32.5784 2.2
    endloop
  endfacet
  facet normal -0.0653948 0.997859 0
    outer loop
      vertex 54.2 33.25 2.2
      vertex 53.7758 33.2222 7.2
      vertex 54.2 33.25 7.2
    endloop
  endfacet
  facet normal -0.0653948 0.997859 0
    outer loop
      vertex 53.7758 33.2222 7.2
      vertex 54.2 33.25 2.2
      vertex 53.7758 33.2222 2.2
    endloop
  endfacet
  facet normal 0.0653948 -0.997859 0
    outer loop
      vertex 54.2 26.75 2.2
      vertex 54.6242 26.7778 7.2
      vertex 54.2 26.75 7.2
    endloop
  endfacet
  facet normal 0.0653948 -0.997859 0
    outer loop
      vertex 54.6242 26.7778 7.2
      vertex 54.2 26.75 2.2
      vertex 54.6242 26.7778 2.2
    endloop
  endfacet
  facet normal 0.44222 0.896907 -0
    outer loop
      vertex 55.825 32.8146 2.2
      vertex 55.4437 33.0026 7.2
      vertex 55.825 32.8146 7.2
    endloop
  endfacet
  facet normal 0.44222 0.896907 0
    outer loop
      vertex 55.4437 33.0026 7.2
      vertex 55.825 32.8146 2.2
      vertex 55.4437 33.0026 2.2
    endloop
  endfacet
  facet normal 0 0 -1
    outer loop
      vertex 57.4222 29.5758 2.2
      vertex 57.4222 30.4242 2.2
      vertex 57.45 30 2.2
    endloop
  endfacet
  facet normal 0 0 -1
    outer loop
      vertex 57.3393 29.1588 2.2
      vertex 57.4222 30.4242 2.2
      vertex 57.4222 29.5758 2.2
    endloop
  endfacet
  facet normal 0 0 -1
    outer loop
      vertex 57.3393 29.1588 2.2
      vertex 57.3393 30.8412 2.2
      vertex 57.4222 30.4242 2.2
    endloop
  endfacet
  facet normal 0 0 -1
    outer loop
      vertex 57.2026 28.7563 2.2
      vertex 57.3393 30.8412 2.2
      vertex 57.3393 29.1588 2.2
    endloop
  endfacet
  facet normal 0 0 -1
    outer loop
      vertex 57.2026 28.7563 2.2
      vertex 57.2026 31.2437 2.2
      vertex 57.3393 30.8412 2.2
    endloop
  endfacet
  facet normal 0 0 -1
    outer loop
      vertex 57.0146 28.375 2.2
      vertex 57.2026 31.2437 2.2
      vertex 57.2026 28.7563 2.2
    endloop
  endfacet
  facet normal 0 0 -1
    outer loop
      vertex 57.0146 28.375 2.2
      vertex 57.0146 31.625 2.2
      vertex 57.2026 31.2437 2.2
    endloop
  endfacet
  facet normal 0 0 -1
    outer loop
      vertex 56.7784 28.0215 2.2
      vertex 57.0146 31.625 2.2
      vertex 57.0146 28.375 2.2
    endloop
  endfacet
  facet normal 0 0 -1
    outer loop
      vertex 56.7784 28.0215 2.2
      vertex 56.7784 31.9785 2.2
      vertex 57.0146 31.625 2.2
    endloop
  endfacet
  facet normal 0 0 -1
    outer loop
      vertex 56.4981 27.7019 2.2
      vertex 56.7784 31.9785 2.2
      vertex 56.7784 28.0215 2.2
    endloop
  endfacet
  facet normal 0 0 -1
    outer loop
      vertex 56.4981 27.7019 2.2
      vertex 56.4981 32.2981 2.2
      vertex 56.7784 31.9785 2.2
    endloop
  endfacet
  facet normal 0 0 -1
    outer loop
      vertex 56.1785 27.4216 2.2
      vertex 56.4981 32.2981 2.2
      vertex 56.4981 27.7019 2.2
    endloop
  endfacet
  facet normal 0 0 -1
    outer loop
      vertex 56.1785 27.4216 2.2
      vertex 56.1785 32.5784 2.2
      vertex 56.4981 32.2981 2.2
    endloop
  endfacet
  facet normal 0 0 -1
    outer loop
      vertex 55.825 27.1854 2.2
      vertex 56.1785 32.5784 2.2
      vertex 56.1785 27.4216 2.2
    endloop
  endfacet
  facet normal 0 0 -1
    outer loop
      vertex 55.825 27.1854 2.2
      vertex 55.825 32.8146 2.2
      vertex 56.1785 32.5784 2.2
    endloop
  endfacet
  facet normal 0 0 -1
    outer loop
      vertex 55.4437 26.9974 2.2
      vertex 55.825 32.8146 2.2
      vertex 55.825 27.1854 2.2
    endloop
  endfacet
  facet normal 0 0 -1
    outer loop
      vertex 55.4437 26.9974 2.2
      vertex 55.4437 33.0026 2.2
      vertex 55.825 32.8146 2.2
    endloop
  endfacet
  facet normal 0 0 -1
    outer loop
      vertex 55.0412 26.8607 2.2
      vertex 55.4437 33.0026 2.2
      vertex 55.4437 26.9974 2.2
    endloop
  endfacet
  facet normal 0 0 -1
    outer loop
      vertex 55.0412 26.8607 2.2
      vertex 55.0412 33.1393 2.2
      vertex 55.4437 33.0026 2.2
    endloop
  endfacet
  facet normal 0 0 -1
    outer loop
      vertex 54.6242 26.7778 2.2
      vertex 55.0412 33.1393 2.2
      vertex 55.0412 26.8607 2.2
    endloop
  endfacet
  facet normal 0 0 -1
    outer loop
      vertex 54.6242 26.7778 2.2
      vertex 54.6242 33.2222 2.2
      vertex 55.0412 33.1393 2.2
    endloop
  endfacet
  facet normal 0 0 -1
    outer loop
      vertex 54.2 26.75 2.2
      vertex 54.6242 33.2222 2.2
      vertex 54.6242 26.7778 2.2
    endloop
  endfacet
  facet normal 0 0 -1
    outer loop
      vertex 54.2 26.75 2.2
      vertex 54.2 33.25 2.2
      vertex 54.6242 33.2222 2.2
    endloop
  endfacet
  facet normal 0 0 -1
    outer loop
      vertex 53.7758 26.7778 2.2
      vertex 54.2 33.25 2.2
      vertex 54.2 26.75 2.2
    endloop
  endfacet
  facet normal 0 0 -1
    outer loop
      vertex 53.7758 26.7778 2.2
      vertex 53.7758 33.2222 2.2
      vertex 54.2 33.25 2.2
    endloop
  endfacet
  facet normal 0 0 -1
    outer loop
      vertex 53.3588 26.8607 2.2
      vertex 53.7758 33.2222 2.2
      vertex 53.7758 26.7778 2.2
    endloop
  endfacet
  facet normal 0 0 -1
    outer loop
      vertex 53.3588 26.8607 2.2
      vertex 53.3588 33.1393 2.2
      vertex 53.7758 33.2222 2.2
    endloop
  endfacet
  facet normal 0 0 -1
    outer loop
      vertex 52.9563 26.9974 2.2
      vertex 53.3588 33.1393 2.2
      vertex 53.3588 26.8607 2.2
    endloop
  endfacet
  facet normal 0 0 -1
    outer loop
      vertex 52.9563 26.9974 2.2
      vertex 52.9563 33.0026 2.2
      vertex 53.3588 33.1393 2.2
    endloop
  endfacet
  facet normal 0 0 -1
    outer loop
      vertex 52.575 27.1854 2.2
      vertex 52.9563 33.0026 2.2
      vertex 52.9563 26.9974 2.2
    endloop
  endfacet
  facet normal 0 0 -1
    outer loop
      vertex 52.575 27.1854 2.2
      vertex 52.575 32.8146 2.2
      vertex 52.9563 33.0026 2.2
    endloop
  endfacet
  facet normal 0 0 -1
    outer loop
      vertex 52.2215 27.4216 2.2
      vertex 52.575 32.8146 2.2
      vertex 52.575 27.1854 2.2
    endloop
  endfacet
  facet normal 0 0 -1
    outer loop
      vertex 52.2215 27.4216 2.2
      vertex 52.2215 32.5784 2.2
      vertex 52.575 32.8146 2.2
    endloop
  endfacet
  facet normal 0 0 -1
    outer loop
      vertex 51.9019 27.7019 2.2
      vertex 52.2215 32.5784 2.2
      vertex 52.2215 27.4216 2.2
    endloop
  endfacet
  facet normal 0 0 -1
    outer loop
      vertex 51.9019 27.7019 2.2
      vertex 51.9019 32.2981 2.2
      vertex 52.2215 32.5784 2.2
    endloop
  endfacet
  facet normal 0 0 -1
    outer loop
      vertex 51.6216 28.0215 2.2
      vertex 51.9019 32.2981 2.2
      vertex 51.9019 27.7019 2.2
    endloop
  endfacet
  facet normal 0 0 -1
    outer loop
      vertex 51.6216 28.0215 2.2
      vertex 51.6216 31.9785 2.2
      vertex 51.9019 32.2981 2.2
    endloop
  endfacet
  facet normal 0 0 -1
    outer loop
      vertex 51.3854 28.375 2.2
      vertex 51.6216 31.9785 2.2
      vertex 51.6216 28.0215 2.2
    endloop
  endfacet
  facet normal 0 0 -1
    outer loop
      vertex 51.3854 28.375 2.2
      vertex 51.3854 31.625 2.2
      vertex 51.6216 31.9785 2.2
    endloop
  endfacet
  facet normal 0 0 -1
    outer loop
      vertex 51.1974 28.7563 2.2
      vertex 51.3854 31.625 2.2
      vertex 51.3854 28.375 2.2
    endloop
  endfacet
  facet normal 0 0 -1
    outer loop
      vertex 51.1974 28.7563 2.2
      vertex 51.1974 31.2437 2.2
      vertex 51.3854 31.625 2.2
    endloop
  endfacet
  facet normal 0 0 -1
    outer loop
      vertex 51.0607 29.1588 2.2
      vertex 51.1974 31.2437 2.2
      vertex 51.1974 28.7563 2.2
    endloop
  endfacet
  facet normal 0 0 -1
    outer loop
      vertex 51.0607 29.1588 2.2
      vertex 51.0607 30.8412 2.2
      vertex 51.1974 31.2437 2.2
    endloop
  endfacet
  facet normal 0 0 -1
    outer loop
      vertex 50.9778 29.5758 2.2
      vertex 51.0607 30.8412 2.2
      vertex 51.0607 29.1588 2.2
    endloop
  endfacet
  facet normal 0 0 -1
    outer loop
      vertex 50.9778 29.5758 2.2
      vertex 50.9778 30.4242 2.2
      vertex 51.0607 30.8412 2.2
    endloop
  endfacet
  facet normal 0 -0 -1
    outer loop
      vertex 50.9778 30.4242 2.2
      vertex 50.9778 29.5758 2.2
      vertex 50.95 30 2.2
    endloop
  endfacet
  facet normal 0.751818 0.65937 0
    outer loop
      vertex 56.7784 31.9785 7.2
      vertex 56.4981 32.2981 2.2
      vertex 56.4981 32.2981 7.2
    endloop
  endfacet
  facet normal 0.751818 0.65937 0
    outer loop
      vertex 56.4981 32.2981 2.2
      vertex 56.7784 31.9785 7.2
      vertex 56.7784 31.9785 2.2
    endloop
  endfacet
  facet normal -0.980806 0.194985 0
    outer loop
      vertex 50.9778 30.4242 2.2
      vertex 51.0607 30.8412 7.2
      vertex 51.0607 30.8412 2.2
    endloop
  endfacet
  facet normal -0.980806 0.194985 0
    outer loop
      vertex 51.0607 30.8412 7.2
      vertex 50.9778 30.4242 2.2
      vertex 50.9778 30.4242 7.2
    endloop
  endfacet
  facet normal 0.980806 -0.194985 0
    outer loop
      vertex 57.3393 29.1588 7.2
      vertex 57.4222 29.5758 2.2
      vertex 57.4222 29.5758 7.2
    endloop
  endfacet
  facet normal 0.980806 -0.194985 0
    outer loop
      vertex 57.4222 29.5758 2.2
      vertex 57.3393 29.1588 7.2
      vertex 57.3393 29.1588 2.2
    endloop
  endfacet
  facet normal 0.555568 -0.831471 0
    outer loop
      vertex 55.825 27.1854 2.2
      vertex 56.1785 27.4216 7.2
      vertex 55.825 27.1854 7.2
    endloop
  endfacet
  facet normal 0.555568 -0.831471 0
    outer loop
      vertex 56.1785 27.4216 7.2
      vertex 55.825 27.1854 2.2
      vertex 56.1785 27.4216 2.2
    endloop
  endfacet
  facet normal -0.997859 0.0653948 0
    outer loop
      vertex 50.95 30 2.2
      vertex 50.9778 30.4242 7.2
      vertex 50.9778 30.4242 2.2
    endloop
  endfacet
  facet normal -0.997859 0.0653948 0
    outer loop
      vertex 50.9778 30.4242 7.2
      vertex 50.95 30 2.2
      vertex 50.95 30 7.2
    endloop
  endfacet
  facet normal -0.65937 0.751818 0
    outer loop
      vertex 52.2215 32.5784 2.2
      vertex 51.9019 32.2981 7.2
      vertex 52.2215 32.5784 7.2
    endloop
  endfacet
  facet normal -0.65937 0.751818 0
    outer loop
      vertex 51.9019 32.2981 7.2
      vertex 52.2215 32.5784 2.2
      vertex 51.9019 32.2981 2.2
    endloop
  endfacet
  facet normal -0.65937 -0.751818 0
    outer loop
      vertex 51.9019 27.7019 2.2
      vertex 52.2215 27.4216 7.2
      vertex 51.9019 27.7019 7.2
    endloop
  endfacet
  facet normal -0.65937 -0.751818 -0
    outer loop
      vertex 52.2215 27.4216 7.2
      vertex 51.9019 27.7019 2.2
      vertex 52.2215 27.4216 2.2
    endloop
  endfacet
  facet normal 0.831471 -0.555568 0
    outer loop
      vertex 56.7784 28.0215 7.2
      vertex 57.0146 28.375 2.2
      vertex 57.0146 28.375 7.2
    endloop
  endfacet
  facet normal 0.831471 -0.555568 0
    outer loop
      vertex 57.0146 28.375 2.2
      vertex 56.7784 28.0215 7.2
      vertex 56.7784 28.0215 2.2
    endloop
  endfacet
  facet normal -0.194985 -0.980806 0
    outer loop
      vertex 53.3588 26.8607 2.2
      vertex 53.7758 26.7778 7.2
      vertex 53.3588 26.8607 7.2
    endloop
  endfacet
  facet normal -0.194985 -0.980806 -0
    outer loop
      vertex 53.7758 26.7778 7.2
      vertex 53.3588 26.8607 2.2
      vertex 53.7758 26.7778 2.2
    endloop
  endfacet
  facet normal 0.751818 -0.65937 0
    outer loop
      vertex 56.4981 27.7019 7.2
      vertex 56.7784 28.0215 2.2
      vertex 56.7784 28.0215 7.2
    endloop
  endfacet
  facet normal 0.751818 -0.65937 0
    outer loop
      vertex 56.7784 28.0215 2.2
      vertex 56.4981 27.7019 7.2
      vertex 56.4981 27.7019 2.2
    endloop
  endfacet
  facet normal 0.94688 -0.321586 0
    outer loop
      vertex 57.2026 28.7563 7.2
      vertex 57.3393 29.1588 2.2
      vertex 57.3393 29.1588 7.2
    endloop
  endfacet
  facet normal 0.94688 -0.321586 0
    outer loop
      vertex 57.3393 29.1588 2.2
      vertex 57.2026 28.7563 7.2
      vertex 57.2026 28.7563 2.2
    endloop
  endfacet
  facet normal 0.555568 0.831471 -0
    outer loop
      vertex 56.1785 32.5784 2.2
      vertex 55.825 32.8146 7.2
      vertex 56.1785 32.5784 7.2
    endloop
  endfacet
  facet normal 0.555568 0.831471 0
    outer loop
      vertex 55.825 32.8146 7.2
      vertex 56.1785 32.5784 2.2
      vertex 55.825 32.8146 2.2
    endloop
  endfacet
  facet normal -0.321586 -0.94688 0
    outer loop
      vertex 52.9563 26.9974 2.2
      vertex 53.3588 26.8607 7.2
      vertex 52.9563 26.9974 7.2
    endloop
  endfacet
  facet normal -0.321586 -0.94688 -0
    outer loop
      vertex 53.3588 26.8607 7.2
      vertex 52.9563 26.9974 2.2
      vertex 53.3588 26.8607 2.2
    endloop
  endfacet
  facet normal -0.751818 0.65937 0
    outer loop
      vertex 51.6216 31.9785 2.2
      vertex 51.9019 32.2981 7.2
      vertex 51.9019 32.2981 2.2
    endloop
  endfacet
  facet normal -0.751818 0.65937 0
    outer loop
      vertex 51.9019 32.2981 7.2
      vertex 51.6216 31.9785 2.2
      vertex 51.6216 31.9785 7.2
    endloop
  endfacet
  facet normal 0.896907 -0.44222 0
    outer loop
      vertex 57.0146 28.375 7.2
      vertex 57.2026 28.7563 2.2
      vertex 57.2026 28.7563 7.2
    endloop
  endfacet
  facet normal 0.896907 -0.44222 0
    outer loop
      vertex 57.2026 28.7563 2.2
      vertex 57.0146 28.375 7.2
      vertex 57.0146 28.375 2.2
    endloop
  endfacet
  facet normal -0.997859 -0.0653948 0
    outer loop
      vertex 50.9778 29.5758 2.2
      vertex 50.95 30 7.2
      vertex 50.95 30 2.2
    endloop
  endfacet
  facet normal -0.997859 -0.0653948 0
    outer loop
      vertex 50.95 30 7.2
      vertex 50.9778 29.5758 2.2
      vertex 50.9778 29.5758 7.2
    endloop
  endfacet
  facet normal -0.751818 -0.65937 0
    outer loop
      vertex 51.9019 27.7019 2.2
      vertex 51.6216 28.0215 7.2
      vertex 51.6216 28.0215 2.2
    endloop
  endfacet
  facet normal -0.751818 -0.65937 0
    outer loop
      vertex 51.6216 28.0215 7.2
      vertex 51.9019 27.7019 2.2
      vertex 51.9019 27.7019 7.2
    endloop
  endfacet
  facet normal -0.321586 0.94688 0
    outer loop
      vertex 53.3588 33.1393 2.2
      vertex 52.9563 33.0026 7.2
      vertex 53.3588 33.1393 7.2
    endloop
  endfacet
  facet normal -0.321586 0.94688 0
    outer loop
      vertex 52.9563 33.0026 7.2
      vertex 53.3588 33.1393 2.2
      vertex 52.9563 33.0026 2.2
    endloop
  endfacet
  facet normal -0.94688 -0.321586 0
    outer loop
      vertex 51.1974 28.7563 2.2
      vertex 51.0607 29.1588 7.2
      vertex 51.0607 29.1588 2.2
    endloop
  endfacet
  facet normal -0.94688 -0.321586 0
    outer loop
      vertex 51.0607 29.1588 7.2
      vertex 51.1974 28.7563 2.2
      vertex 51.1974 28.7563 7.2
    endloop
  endfacet
  facet normal -0.896907 0.44222 0
    outer loop
      vertex 51.1974 31.2437 2.2
      vertex 51.3854 31.625 7.2
      vertex 51.3854 31.625 2.2
    endloop
  endfacet
  facet normal -0.896907 0.44222 0
    outer loop
      vertex 51.3854 31.625 7.2
      vertex 51.1974 31.2437 2.2
      vertex 51.1974 31.2437 7.2
    endloop
  endfacet
  facet normal 0.0653948 0.997859 -0
    outer loop
      vertex 54.6242 33.2222 2.2
      vertex 54.2 33.25 7.2
      vertex 54.6242 33.2222 7.2
    endloop
  endfacet
  facet normal 0.0653948 0.997859 0
    outer loop
      vertex 54.2 33.25 7.2
      vertex 54.6242 33.2222 2.2
      vertex 54.2 33.25 2.2
    endloop
  endfacet
  facet normal 0.997859 -0.0653948 0
    outer loop
      vertex 57.4222 29.5758 7.2
      vertex 57.45 30 2.2
      vertex 57.45 30 7.2
    endloop
  endfacet
  facet normal 0.997859 -0.0653948 0
    outer loop
      vertex 57.45 30 2.2
      vertex 57.4222 29.5758 7.2
      vertex 57.4222 29.5758 2.2
    endloop
  endfacet
  facet normal 0.321586 -0.94688 0
    outer loop
      vertex 55.0412 26.8607 2.2
      vertex 55.4437 26.9974 7.2
      vertex 55.0412 26.8607 7.2
    endloop
  endfacet
  facet normal 0.321586 -0.94688 0
    outer loop
      vertex 55.4437 26.9974 7.2
      vertex 55.0412 26.8607 2.2
      vertex 55.4437 26.9974 2.2
    endloop
  endfacet
  facet normal -0.194985 0.980806 0
    outer loop
      vertex 53.7758 33.2222 2.2
      vertex 53.3588 33.1393 7.2
      vertex 53.7758 33.2222 7.2
    endloop
  endfacet
  facet normal -0.194985 0.980806 0
    outer loop
      vertex 53.3588 33.1393 7.2
      vertex 53.7758 33.2222 2.2
      vertex 53.3588 33.1393 2.2
    endloop
  endfacet
  facet normal -0.555568 0.831471 0
    outer loop
      vertex 52.575 32.8146 2.2
      vertex 52.2215 32.5784 7.2
      vertex 52.575 32.8146 7.2
    endloop
  endfacet
  facet normal -0.555568 0.831471 0
    outer loop
      vertex 52.2215 32.5784 7.2
      vertex 52.575 32.8146 2.2
      vertex 52.2215 32.5784 2.2
    endloop
  endfacet
  facet normal -0.0653948 -0.997859 0
    outer loop
      vertex 53.7758 26.7778 2.2
      vertex 54.2 26.75 7.2
      vertex 53.7758 26.7778 7.2
    endloop
  endfacet
  facet normal -0.0653948 -0.997859 -0
    outer loop
      vertex 54.2 26.75 7.2
      vertex 53.7758 26.7778 2.2
      vertex 54.2 26.75 2.2
    endloop
  endfacet
  facet normal -0.94688 0.321586 0
    outer loop
      vertex 51.0607 30.8412 2.2
      vertex 51.1974 31.2437 7.2
      vertex 51.1974 31.2437 2.2
    endloop
  endfacet
  facet normal -0.94688 0.321586 0
    outer loop
      vertex 51.1974 31.2437 7.2
      vertex 51.0607 30.8412 2.2
      vertex 51.0607 30.8412 7.2
    endloop
  endfacet
  facet normal -0.980806 -0.194985 0
    outer loop
      vertex 51.0607 29.1588 2.2
      vertex 50.9778 29.5758 7.2
      vertex 50.9778 29.5758 2.2
    endloop
  endfacet
  facet normal -0.980806 -0.194985 0
    outer loop
      vertex 50.9778 29.5758 7.2
      vertex 51.0607 29.1588 2.2
      vertex 51.0607 29.1588 7.2
    endloop
  endfacet
  facet normal -0.831471 0.555568 0
    outer loop
      vertex 51.3854 31.625 2.2
      vertex 51.6216 31.9785 7.2
      vertex 51.6216 31.9785 2.2
    endloop
  endfacet
  facet normal -0.831471 0.555568 0
    outer loop
      vertex 51.6216 31.9785 7.2
      vertex 51.3854 31.625 2.2
      vertex 51.3854 31.625 7.2
    endloop
  endfacet
  facet normal 0.194985 -0.980806 0
    outer loop
      vertex 54.6242 26.7778 2.2
      vertex 55.0412 26.8607 7.2
      vertex 54.6242 26.7778 7.2
    endloop
  endfacet
  facet normal 0.194985 -0.980806 0
    outer loop
      vertex 55.0412 26.8607 7.2
      vertex 54.6242 26.7778 2.2
      vertex 55.0412 26.8607 2.2
    endloop
  endfacet
  facet normal 0.194985 0.980806 -0
    outer loop
      vertex 55.0412 33.1393 2.2
      vertex 54.6242 33.2222 7.2
      vertex 55.0412 33.1393 7.2
    endloop
  endfacet
  facet normal 0.194985 0.980806 0
    outer loop
      vertex 54.6242 33.2222 7.2
      vertex 55.0412 33.1393 2.2
      vertex 54.6242 33.2222 2.2
    endloop
  endfacet
  facet normal 0.65937 -0.751818 0
    outer loop
      vertex 56.1785 27.4216 2.2
      vertex 56.4981 27.7019 7.2
      vertex 56.1785 27.4216 7.2
    endloop
  endfacet
  facet normal 0.65937 -0.751818 0
    outer loop
      vertex 56.4981 27.7019 7.2
      vertex 56.1785 27.4216 2.2
      vertex 56.4981 27.7019 2.2
    endloop
  endfacet
  facet normal -0.896907 -0.44222 0
    outer loop
      vertex 51.3854 28.375 2.2
      vertex 51.1974 28.7563 7.2
      vertex 51.1974 28.7563 2.2
    endloop
  endfacet
  facet normal -0.896907 -0.44222 0
    outer loop
      vertex 51.1974 28.7563 7.2
      vertex 51.3854 28.375 2.2
      vertex 51.3854 28.375 7.2
    endloop
  endfacet
  facet normal 0.44222 -0.896907 0
    outer loop
      vertex 55.4437 26.9974 2.2
      vertex 55.825 27.1854 7.2
      vertex 55.4437 26.9974 7.2
    endloop
  endfacet
  facet normal 0.44222 -0.896907 0
    outer loop
      vertex 55.825 27.1854 7.2
      vertex 55.4437 26.9974 2.2
      vertex 55.825 27.1854 2.2
    endloop
  endfacet
  facet normal 0.321586 0.94688 -0
    outer loop
      vertex 55.4437 33.0026 2.2
      vertex 55.0412 33.1393 7.2
      vertex 55.4437 33.0026 7.2
    endloop
  endfacet
  facet normal 0.321586 0.94688 0
    outer loop
      vertex 55.0412 33.1393 7.2
      vertex 55.4437 33.0026 2.2
      vertex 55.0412 33.1393 2.2
    endloop
  endfacet
  facet normal -0.555568 -0.831471 0
    outer loop
      vertex 52.2215 27.4216 2.2
      vertex 52.575 27.1854 7.2
      vertex 52.2215 27.4216 7.2
    endloop
  endfacet
  facet normal -0.555568 -0.831471 -0
    outer loop
      vertex 52.575 27.1854 7.2
      vertex 52.2215 27.4216 2.2
      vertex 52.575 27.1854 2.2
    endloop
  endfacet
  facet normal -0.44222 -0.896907 0
    outer loop
      vertex 52.575 27.1854 2.2
      vertex 52.9563 26.9974 7.2
      vertex 52.575 27.1854 7.2
    endloop
  endfacet
  facet normal -0.44222 -0.896907 -0
    outer loop
      vertex 52.9563 26.9974 7.2
      vertex 52.575 27.1854 2.2
      vertex 52.9563 26.9974 2.2
    endloop
  endfacet
  facet normal -0.831471 -0.555568 0
    outer loop
      vertex 51.6216 28.0215 2.2
      vertex 51.3854 28.375 7.2
      vertex 51.3854 28.375 2.2
    endloop
  endfacet
  facet normal -0.831471 -0.555568 0
    outer loop
      vertex 51.3854 28.375 7.2
      vertex 51.6216 28.0215 2.2
      vertex 51.6216 28.0215 7.2
    endloop
  endfacet
  facet normal 0 0 1
    outer loop
      vertex 55.45 30 7.2
      vertex 57.45 30 7.2
      vertex 57.4222 30.4242 7.2
    endloop
  endfacet
  facet normal 0 0 1
    outer loop
      vertex 55.4393 30.1632 7.2
      vertex 57.4222 30.4242 7.2
      vertex 57.3393 30.8412 7.2
    endloop
  endfacet
  facet normal 0 0 1
    outer loop
      vertex 57.45 30 7.2
      vertex 55.45 30 7.2
      vertex 57.4222 29.5758 7.2
    endloop
  endfacet
  facet normal 0 0 1
    outer loop
      vertex 55.4074 30.3235 7.2
      vertex 57.3393 30.8412 7.2
      vertex 57.2026 31.2437 7.2
    endloop
  endfacet
  facet normal -0 0 1
    outer loop
      vertex 55.4393 29.8368 7.2
      vertex 57.4222 29.5758 7.2
      vertex 55.45 30 7.2
    endloop
  endfacet
  facet normal 0 0 1
    outer loop
      vertex 55.3549 30.4784 7.2
      vertex 57.2026 31.2437 7.2
      vertex 57.0146 31.625 7.2
    endloop
  endfacet
  facet normal 0 0 1
    outer loop
      vertex 57.4222 29.5758 7.2
      vertex 55.4393 29.8368 7.2
      vertex 57.3393 29.1588 7.2
    endloop
  endfacet
  facet normal 0 0 1
    outer loop
      vertex 55.2825 30.625 7.2
      vertex 57.0146 31.625 7.2
      vertex 56.7784 31.9785 7.2
    endloop
  endfacet
  facet normal -0 0 1
    outer loop
      vertex 55.4074 29.6765 7.2
      vertex 57.3393 29.1588 7.2
      vertex 55.4393 29.8368 7.2
    endloop
  endfacet
  facet normal 0 0 1
    outer loop
      vertex 55.1917 30.761 7.2
      vertex 56.7784 31.9785 7.2
      vertex 56.4981 32.2981 7.2
    endloop
  endfacet
  facet normal 0 0 1
    outer loop
      vertex 57.3393 29.1588 7.2
      vertex 55.4074 29.6765 7.2
      vertex 57.2026 28.7563 7.2
    endloop
  endfacet
  facet normal 0 0 1
    outer loop
      vertex 55.0839 30.8839 7.2
      vertex 56.4981 32.2981 7.2
      vertex 56.1785 32.5784 7.2
    endloop
  endfacet
  facet normal -0 0 1
    outer loop
      vertex 55.3549 29.5216 7.2
      vertex 57.2026 28.7563 7.2
      vertex 55.4074 29.6765 7.2
    endloop
  endfacet
  facet normal 0 0 1
    outer loop
      vertex 54.961 30.9917 7.2
      vertex 56.1785 32.5784 7.2
      vertex 55.825 32.8146 7.2
    endloop
  endfacet
  facet normal 0 0 1
    outer loop
      vertex 57.2026 28.7563 7.2
      vertex 55.3549 29.5216 7.2
      vertex 57.0146 28.375 7.2
    endloop
  endfacet
  facet normal -0 0 1
    outer loop
      vertex 55.2825 29.375 7.2
      vertex 57.0146 28.375 7.2
      vertex 55.3549 29.5216 7.2
    endloop
  endfacet
  facet normal 0 0 1
    outer loop
      vertex 54.825 31.0825 7.2
      vertex 55.825 32.8146 7.2
      vertex 55.4437 33.0026 7.2
    endloop
  endfacet
  facet normal 0 0 1
    outer loop
      vertex 57.4222 30.4242 7.2
      vertex 55.4393 30.1632 7.2
      vertex 55.45 30 7.2
    endloop
  endfacet
  facet normal 0 0 1
    outer loop
      vertex 57.3393 30.8412 7.2
      vertex 55.4074 30.3235 7.2
      vertex 55.4393 30.1632 7.2
    endloop
  endfacet
  facet normal 0 0 1
    outer loop
      vertex 57.2026 31.2437 7.2
      vertex 55.3549 30.4784 7.2
      vertex 55.4074 30.3235 7.2
    endloop
  endfacet
  facet normal 0 0 1
    outer loop
      vertex 57.0146 31.625 7.2
      vertex 55.2825 30.625 7.2
      vertex 55.3549 30.4784 7.2
    endloop
  endfacet
  facet normal 0 0 1
    outer loop
      vertex 56.7784 31.9785 7.2
      vertex 55.1917 30.761 7.2
      vertex 55.2825 30.625 7.2
    endloop
  endfacet
  facet normal 0 0 1
    outer loop
      vertex 56.4981 32.2981 7.2
      vertex 55.0839 30.8839 7.2
      vertex 55.1917 30.761 7.2
    endloop
  endfacet
  facet normal 0 0 1
    outer loop
      vertex 54.6784 31.1549 7.2
      vertex 55.4437 33.0026 7.2
      vertex 55.0412 33.1393 7.2
    endloop
  endfacet
  facet normal 0 0 1
    outer loop
      vertex 56.1785 32.5784 7.2
      vertex 54.961 30.9917 7.2
      vertex 55.0839 30.8839 7.2
    endloop
  endfacet
  facet normal 0 0 1
    outer loop
      vertex 55.825 32.8146 7.2
      vertex 54.825 31.0825 7.2
      vertex 54.961 30.9917 7.2
    endloop
  endfacet
  facet normal 0 0 1
    outer loop
      vertex 55.4437 33.0026 7.2
      vertex 54.6784 31.1549 7.2
      vertex 54.825 31.0825 7.2
    endloop
  endfacet
  facet normal 0 0 1
    outer loop
      vertex 54.5235 31.2074 7.2
      vertex 55.0412 33.1393 7.2
      vertex 54.6242 33.2222 7.2
    endloop
  endfacet
  facet normal 0 0 1
    outer loop
      vertex 55.0412 33.1393 7.2
      vertex 54.5235 31.2074 7.2
      vertex 54.6784 31.1549 7.2
    endloop
  endfacet
  facet normal 0 0 1
    outer loop
      vertex 54.6242 33.2222 7.2
      vertex 54.3632 31.2393 7.2
      vertex 54.5235 31.2074 7.2
    endloop
  endfacet
  facet normal 0 0 1
    outer loop
      vertex 54.2 33.25 7.2
      vertex 54.3632 31.2393 7.2
      vertex 54.6242 33.2222 7.2
    endloop
  endfacet
  facet normal 0 0 1
    outer loop
      vertex 54.2 33.25 7.2
      vertex 54.2 31.25 7.2
      vertex 54.3632 31.2393 7.2
    endloop
  endfacet
  facet normal 0 0 1
    outer loop
      vertex 54.2 33.25 7.2
      vertex 54.0368 31.2393 7.2
      vertex 54.2 31.25 7.2
    endloop
  endfacet
  facet normal -0 0 1
    outer loop
      vertex 53.7758 33.2222 7.2
      vertex 54.0368 31.2393 7.2
      vertex 54.2 33.25 7.2
    endloop
  endfacet
  facet normal 0 0 1
    outer loop
      vertex 54.0368 31.2393 7.2
      vertex 53.7758 33.2222 7.2
      vertex 53.8765 31.2074 7.2
    endloop
  endfacet
  facet normal -0 0 1
    outer loop
      vertex 53.3588 33.1393 7.2
      vertex 53.8765 31.2074 7.2
      vertex 53.7758 33.2222 7.2
    endloop
  endfacet
  facet normal 0 0 1
    outer loop
      vertex 53.8765 31.2074 7.2
      vertex 53.3588 33.1393 7.2
      vertex 53.7216 31.1549 7.2
    endloop
  endfacet
  facet normal -0 0 1
    outer loop
      vertex 52.9563 33.0026 7.2
      vertex 53.7216 31.1549 7.2
      vertex 53.3588 33.1393 7.2
    endloop
  endfacet
  facet normal 0 0 1
    outer loop
      vertex 53.7216 31.1549 7.2
      vertex 52.9563 33.0026 7.2
      vertex 53.575 31.0825 7.2
    endloop
  endfacet
  facet normal -0 0 1
    outer loop
      vertex 52.575 32.8146 7.2
      vertex 53.575 31.0825 7.2
      vertex 52.9563 33.0026 7.2
    endloop
  endfacet
  facet normal 0 0 1
    outer loop
      vertex 53.575 31.0825 7.2
      vertex 52.575 32.8146 7.2
      vertex 53.439 30.9917 7.2
    endloop
  endfacet
  facet normal -0 0 1
    outer loop
      vertex 52.2215 32.5784 7.2
      vertex 53.439 30.9917 7.2
      vertex 52.575 32.8146 7.2
    endloop
  endfacet
  facet normal 0 0 1
    outer loop
      vertex 53.439 30.9917 7.2
      vertex 52.2215 32.5784 7.2
      vertex 53.3161 30.8839 7.2
    endloop
  endfacet
  facet normal -0 0 1
    outer loop
      vertex 51.9019 32.2981 7.2
      vertex 53.3161 30.8839 7.2
      vertex 52.2215 32.5784 7.2
    endloop
  endfacet
  facet normal 0 0 1
    outer loop
      vertex 53.3161 30.8839 7.2
      vertex 51.9019 32.2981 7.2
      vertex 53.2083 30.761 7.2
    endloop
  endfacet
  facet normal -0 0 1
    outer loop
      vertex 51.6216 31.9785 7.2
      vertex 53.2083 30.761 7.2
      vertex 51.9019 32.2981 7.2
    endloop
  endfacet
  facet normal 0 0 1
    outer loop
      vertex 53.2083 30.761 7.2
      vertex 51.6216 31.9785 7.2
      vertex 53.1175 30.625 7.2
    endloop
  endfacet
  facet normal -0 0 1
    outer loop
      vertex 51.3854 31.625 7.2
      vertex 53.1175 30.625 7.2
      vertex 51.6216 31.9785 7.2
    endloop
  endfacet
  facet normal 0 0 1
    outer loop
      vertex 57.0146 28.375 7.2
      vertex 55.2825 29.375 7.2
      vertex 56.7784 28.0215 7.2
    endloop
  endfacet
  facet normal -0 0 1
    outer loop
      vertex 55.1917 29.239 7.2
      vertex 56.7784 28.0215 7.2
      vertex 55.2825 29.375 7.2
    endloop
  endfacet
  facet normal 0 0 1
    outer loop
      vertex 56.7784 28.0215 7.2
      vertex 55.1917 29.239 7.2
      vertex 56.4981 27.7019 7.2
    endloop
  endfacet
  facet normal -0 0 1
    outer loop
      vertex 55.0839 29.1161 7.2
      vertex 56.4981 27.7019 7.2
      vertex 55.1917 29.239 7.2
    endloop
  endfacet
  facet normal 0 0 1
    outer loop
      vertex 56.4981 27.7019 7.2
      vertex 55.0839 29.1161 7.2
      vertex 56.1785 27.4216 7.2
    endloop
  endfacet
  facet normal -0 0 1
    outer loop
      vertex 54.961 29.0083 7.2
      vertex 56.1785 27.4216 7.2
      vertex 55.0839 29.1161 7.2
    endloop
  endfacet
  facet normal 0 0 1
    outer loop
      vertex 56.1785 27.4216 7.2
      vertex 54.961 29.0083 7.2
      vertex 55.825 27.1854 7.2
    endloop
  endfacet
  facet normal -0 0 1
    outer loop
      vertex 54.825 28.9175 7.2
      vertex 55.825 27.1854 7.2
      vertex 54.961 29.0083 7.2
    endloop
  endfacet
  facet normal 0 0 1
    outer loop
      vertex 55.825 27.1854 7.2
      vertex 54.825 28.9175 7.2
      vertex 55.4437 26.9974 7.2
    endloop
  endfacet
  facet normal -0 0 1
    outer loop
      vertex 54.6784 28.8451 7.2
      vertex 55.4437 26.9974 7.2
      vertex 54.825 28.9175 7.2
    endloop
  endfacet
  facet normal 0 0 1
    outer loop
      vertex 55.4437 26.9974 7.2
      vertex 54.6784 28.8451 7.2
      vertex 55.0412 26.8607 7.2
    endloop
  endfacet
  facet normal -0 0 1
    outer loop
      vertex 54.5235 28.7926 7.2
      vertex 55.0412 26.8607 7.2
      vertex 54.6784 28.8451 7.2
    endloop
  endfacet
  facet normal 0 0 1
    outer loop
      vertex 55.0412 26.8607 7.2
      vertex 54.5235 28.7926 7.2
      vertex 54.6242 26.7778 7.2
    endloop
  endfacet
  facet normal -0 0 1
    outer loop
      vertex 54.3632 28.7607 7.2
      vertex 54.6242 26.7778 7.2
      vertex 54.5235 28.7926 7.2
    endloop
  endfacet
  facet normal -0 0 1
    outer loop
      vertex 54.2 28.75 7.2
      vertex 54.6242 26.7778 7.2
      vertex 54.3632 28.7607 7.2
    endloop
  endfacet
  facet normal 0 0 1
    outer loop
      vertex 54.2 28.75 7.2
      vertex 54.2 26.75 7.2
      vertex 54.6242 26.7778 7.2
    endloop
  endfacet
  facet normal 0 0 1
    outer loop
      vertex 54.0368 28.7607 7.2
      vertex 54.2 26.75 7.2
      vertex 54.2 28.75 7.2
    endloop
  endfacet
  facet normal 0 0 1
    outer loop
      vertex 53.7758 26.7778 7.2
      vertex 54.0368 28.7607 7.2
      vertex 53.8765 28.7926 7.2
    endloop
  endfacet
  facet normal 0 0 1
    outer loop
      vertex 54.0368 28.7607 7.2
      vertex 53.7758 26.7778 7.2
      vertex 54.2 26.75 7.2
    endloop
  endfacet
  facet normal 0 0 1
    outer loop
      vertex 53.3588 26.8607 7.2
      vertex 53.8765 28.7926 7.2
      vertex 53.7216 28.8451 7.2
    endloop
  endfacet
  facet normal 0 0 1
    outer loop
      vertex 52.9563 26.9974 7.2
      vertex 53.7216 28.8451 7.2
      vertex 53.575 28.9175 7.2
    endloop
  endfacet
  facet normal 0 0 1
    outer loop
      vertex 52.575 27.1854 7.2
      vertex 53.575 28.9175 7.2
      vertex 53.439 29.0083 7.2
    endloop
  endfacet
  facet normal 0 0 1
    outer loop
      vertex 53.8765 28.7926 7.2
      vertex 53.3588 26.8607 7.2
      vertex 53.7758 26.7778 7.2
    endloop
  endfacet
  facet normal 0 0 1
    outer loop
      vertex 52.2215 27.4216 7.2
      vertex 53.439 29.0083 7.2
      vertex 53.3161 29.1161 7.2
    endloop
  endfacet
  facet normal 0 0 1
    outer loop
      vertex 51.9019 27.7019 7.2
      vertex 53.3161 29.1161 7.2
      vertex 53.2083 29.239 7.2
    endloop
  endfacet
  facet normal 0 0 1
    outer loop
      vertex 51.6216 28.0215 7.2
      vertex 53.2083 29.239 7.2
      vertex 53.1175 29.375 7.2
    endloop
  endfacet
  facet normal 0 0 1
    outer loop
      vertex 51.3854 28.375 7.2
      vertex 53.1175 29.375 7.2
      vertex 53.0452 29.5216 7.2
    endloop
  endfacet
  facet normal 0 0 1
    outer loop
      vertex 51.1974 28.7563 7.2
      vertex 53.0452 29.5216 7.2
      vertex 52.9926 29.6765 7.2
    endloop
  endfacet
  facet normal 0 0 1
    outer loop
      vertex 51.0607 29.1588 7.2
      vertex 52.9926 29.6765 7.2
      vertex 52.9607 29.8368 7.2
    endloop
  endfacet
  facet normal 0 0 1
    outer loop
      vertex 53.7216 28.8451 7.2
      vertex 52.9563 26.9974 7.2
      vertex 53.3588 26.8607 7.2
    endloop
  endfacet
  facet normal 0 0 1
    outer loop
      vertex 50.9778 29.5758 7.2
      vertex 52.9607 29.8368 7.2
      vertex 52.95 30 7.2
    endloop
  endfacet
  facet normal 0 0 1
    outer loop
      vertex 53.1175 30.625 7.2
      vertex 51.3854 31.625 7.2
      vertex 53.0452 30.4784 7.2
    endloop
  endfacet
  facet normal 0 0 1
    outer loop
      vertex 53.575 28.9175 7.2
      vertex 52.575 27.1854 7.2
      vertex 52.9563 26.9974 7.2
    endloop
  endfacet
  facet normal -0 0 1
    outer loop
      vertex 51.1974 31.2437 7.2
      vertex 53.0452 30.4784 7.2
      vertex 51.3854 31.625 7.2
    endloop
  endfacet
  facet normal 0 0 1
    outer loop
      vertex 53.439 29.0083 7.2
      vertex 52.2215 27.4216 7.2
      vertex 52.575 27.1854 7.2
    endloop
  endfacet
  facet normal 0 0 1
    outer loop
      vertex 53.0452 30.4784 7.2
      vertex 51.1974 31.2437 7.2
      vertex 52.9926 30.3235 7.2
    endloop
  endfacet
  facet normal 0 0 1
    outer loop
      vertex 53.3161 29.1161 7.2
      vertex 51.9019 27.7019 7.2
      vertex 52.2215 27.4216 7.2
    endloop
  endfacet
  facet normal -0 0 1
    outer loop
      vertex 51.0607 30.8412 7.2
      vertex 52.9926 30.3235 7.2
      vertex 51.1974 31.2437 7.2
    endloop
  endfacet
  facet normal 0 0 1
    outer loop
      vertex 53.2083 29.239 7.2
      vertex 51.6216 28.0215 7.2
      vertex 51.9019 27.7019 7.2
    endloop
  endfacet
  facet normal 0 0 1
    outer loop
      vertex 52.9926 30.3235 7.2
      vertex 51.0607 30.8412 7.2
      vertex 52.9607 30.1632 7.2
    endloop
  endfacet
  facet normal 0 0 1
    outer loop
      vertex 53.1175 29.375 7.2
      vertex 51.3854 28.375 7.2
      vertex 51.6216 28.0215 7.2
    endloop
  endfacet
  facet normal -0 0 1
    outer loop
      vertex 50.9778 30.4242 7.2
      vertex 52.9607 30.1632 7.2
      vertex 51.0607 30.8412 7.2
    endloop
  endfacet
  facet normal 0 0 1
    outer loop
      vertex 53.0452 29.5216 7.2
      vertex 51.1974 28.7563 7.2
      vertex 51.3854 28.375 7.2
    endloop
  endfacet
  facet normal 0 0 1
    outer loop
      vertex 52.9607 30.1632 7.2
      vertex 50.9778 30.4242 7.2
      vertex 52.95 30 7.2
    endloop
  endfacet
  facet normal 0 0 1
    outer loop
      vertex 52.9926 29.6765 7.2
      vertex 51.0607 29.1588 7.2
      vertex 51.1974 28.7563 7.2
    endloop
  endfacet
  facet normal 0 0 1
    outer loop
      vertex 50.95 30 7.2
      vertex 52.95 30 7.2
      vertex 50.9778 30.4242 7.2
    endloop
  endfacet
  facet normal 0 0 1
    outer loop
      vertex 52.9607 29.8368 7.2
      vertex 50.9778 29.5758 7.2
      vertex 51.0607 29.1588 7.2
    endloop
  endfacet
  facet normal 0 0 1
    outer loop
      vertex 52.95 30 7.2
      vertex 50.95 30 7.2
      vertex 50.9778 29.5758 7.2
    endloop
  endfacet
  facet normal -0.980768 0.195175 0
    outer loop
      vertex 55.4074 29.6765 3.2
      vertex 55.4393 29.8368 7.2
      vertex 55.4393 29.8368 3.2
    endloop
  endfacet
  facet normal -0.980768 0.195175 0
    outer loop
      vertex 55.4393 29.8368 7.2
      vertex 55.4074 29.6765 3.2
      vertex 55.4074 29.6765 7.2
    endloop
  endfacet
  facet normal -0.980768 -0.195175 0
    outer loop
      vertex 55.4393 30.1632 3.2
      vertex 55.4074 30.3235 7.2
      vertex 55.4074 30.3235 3.2
    endloop
  endfacet
  facet normal -0.980768 -0.195175 0
    outer loop
      vertex 55.4074 30.3235 7.2
      vertex 55.4393 30.1632 3.2
      vertex 55.4393 30.1632 7.2
    endloop
  endfacet
  facet normal -0.997858 -0.0654233 0
    outer loop
      vertex 55.45 30 3.2
      vertex 55.4393 30.1632 7.2
      vertex 55.4393 30.1632 3.2
    endloop
  endfacet
  facet normal -0.997858 -0.0654233 0
    outer loop
      vertex 55.4393 30.1632 7.2
      vertex 55.45 30 3.2
      vertex 55.45 30 7.2
    endloop
  endfacet
  facet normal -0.947082 -0.320993 0
    outer loop
      vertex 55.4074 30.3235 3.2
      vertex 55.3549 30.4784 7.2
      vertex 55.3549 30.4784 3.2
    endloop
  endfacet
  facet normal -0.947082 -0.320993 0
    outer loop
      vertex 55.3549 30.4784 7.2
      vertex 55.4074 30.3235 3.2
      vertex 55.4074 30.3235 7.2
    endloop
  endfacet
  facet normal 0.997858 -0.0654233 0
    outer loop
      vertex 52.95 30 7.2
      vertex 52.9607 30.1632 3.2
      vertex 52.9607 30.1632 7.2
    endloop
  endfacet
  facet normal 0.997858 -0.0654233 0
    outer loop
      vertex 52.9607 30.1632 3.2
      vertex 52.95 30 7.2
      vertex 52.95 30 3.2
    endloop
  endfacet
  facet normal -0.442805 0.896618 0
    outer loop
      vertex 54.825 28.9175 3.2
      vertex 54.6784 28.8451 7.2
      vertex 54.825 28.9175 7.2
    endloop
  endfacet
  facet normal -0.442805 0.896618 0
    outer loop
      vertex 54.6784 28.8451 7.2
      vertex 54.825 28.9175 3.2
      vertex 54.6784 28.8451 3.2
    endloop
  endfacet
  facet normal -0.195175 -0.980768 0
    outer loop
      vertex 54.3632 31.2393 3.2
      vertex 54.5235 31.2074 7.2
      vertex 54.3632 31.2393 7.2
    endloop
  endfacet
  facet normal -0.195175 -0.980768 -0
    outer loop
      vertex 54.5235 31.2074 7.2
      vertex 54.3632 31.2393 3.2
      vertex 54.5235 31.2074 3.2
    endloop
  endfacet
  facet normal -0.195175 0.980768 0
    outer loop
      vertex 54.5235 28.7926 3.2
      vertex 54.3632 28.7607 7.2
      vertex 54.5235 28.7926 7.2
    endloop
  endfacet
  facet normal -0.195175 0.980768 0
    outer loop
      vertex 54.3632 28.7607 7.2
      vertex 54.5235 28.7926 3.2
      vertex 54.3632 28.7607 3.2
    endloop
  endfacet
  facet normal -0.0654233 0.997858 0
    outer loop
      vertex 54.3632 28.7607 3.2
      vertex 54.2 28.75 7.2
      vertex 54.3632 28.7607 7.2
    endloop
  endfacet
  facet normal -0.0654233 0.997858 0
    outer loop
      vertex 54.2 28.75 7.2
      vertex 54.3632 28.7607 3.2
      vertex 54.2 28.75 3.2
    endloop
  endfacet
  facet normal 0.659414 -0.75178 0
    outer loop
      vertex 53.3161 30.8839 3.2
      vertex 53.439 30.9917 7.2
      vertex 53.3161 30.8839 7.2
    endloop
  endfacet
  facet normal 0.659414 -0.75178 0
    outer loop
      vertex 53.439 30.9917 7.2
      vertex 53.3161 30.8839 3.2
      vertex 53.439 30.9917 3.2
    endloop
  endfacet
  facet normal 0.831674 -0.555265 0
    outer loop
      vertex 53.1175 30.625 7.2
      vertex 53.2083 30.761 3.2
      vertex 53.2083 30.761 7.2
    endloop
  endfacet
  facet normal 0.831674 -0.555265 0
    outer loop
      vertex 53.2083 30.761 3.2
      vertex 53.1175 30.625 7.2
      vertex 53.1175 30.625 3.2
    endloop
  endfacet
  facet normal -0.320993 -0.947082 0
    outer loop
      vertex 54.5235 31.2074 3.2
      vertex 54.6784 31.1549 7.2
      vertex 54.5235 31.2074 7.2
    endloop
  endfacet
  facet normal -0.320993 -0.947082 -0
    outer loop
      vertex 54.6784 31.1549 7.2
      vertex 54.5235 31.2074 3.2
      vertex 54.6784 31.1549 3.2
    endloop
  endfacet
  facet normal -0.659414 0.75178 0
    outer loop
      vertex 55.0839 29.1161 3.2
      vertex 54.961 29.0083 7.2
      vertex 55.0839 29.1161 7.2
    endloop
  endfacet
  facet normal -0.659414 0.75178 0
    outer loop
      vertex 54.961 29.0083 7.2
      vertex 55.0839 29.1161 3.2
      vertex 54.961 29.0083 3.2
    endloop
  endfacet
  facet normal 0.442805 -0.896618 0
    outer loop
      vertex 53.575 31.0825 3.2
      vertex 53.7216 31.1549 7.2
      vertex 53.575 31.0825 7.2
    endloop
  endfacet
  facet normal 0.442805 -0.896618 0
    outer loop
      vertex 53.7216 31.1549 7.2
      vertex 53.575 31.0825 3.2
      vertex 53.7216 31.1549 3.2
    endloop
  endfacet
  facet normal 0.0654233 0.997858 -0
    outer loop
      vertex 54.2 28.75 3.2
      vertex 54.0368 28.7607 7.2
      vertex 54.2 28.75 7.2
    endloop
  endfacet
  facet normal 0.0654233 0.997858 0
    outer loop
      vertex 54.0368 28.7607 7.2
      vertex 54.2 28.75 3.2
      vertex 54.0368 28.7607 3.2
    endloop
  endfacet
  facet normal -0.75178 0.659414 0
    outer loop
      vertex 55.0839 29.1161 3.2
      vertex 55.1917 29.239 7.2
      vertex 55.1917 29.239 3.2
    endloop
  endfacet
  facet normal -0.75178 0.659414 0
    outer loop
      vertex 55.1917 29.239 7.2
      vertex 55.0839 29.1161 3.2
      vertex 55.0839 29.1161 7.2
    endloop
  endfacet
  facet normal 0.946896 0.321541 0
    outer loop
      vertex 53.0452 29.5216 7.2
      vertex 52.9926 29.6765 3.2
      vertex 52.9926 29.6765 7.2
    endloop
  endfacet
  facet normal 0.946896 0.321541 0
    outer loop
      vertex 52.9926 29.6765 3.2
      vertex 53.0452 29.5216 7.2
      vertex 53.0452 29.5216 3.2
    endloop
  endfacet
  facet normal -0.320993 0.947082 0
    outer loop
      vertex 54.6784 28.8451 3.2
      vertex 54.5235 28.7926 7.2
      vertex 54.6784 28.8451 7.2
    endloop
  endfacet
  facet normal -0.320993 0.947082 0
    outer loop
      vertex 54.5235 28.7926 7.2
      vertex 54.6784 28.8451 3.2
      vertex 54.5235 28.7926 3.2
    endloop
  endfacet
  facet normal 0.320993 -0.947082 0
    outer loop
      vertex 53.7216 31.1549 3.2
      vertex 53.8765 31.2074 7.2
      vertex 53.7216 31.1549 7.2
    endloop
  endfacet
  facet normal 0.320993 -0.947082 0
    outer loop
      vertex 53.8765 31.2074 7.2
      vertex 53.7216 31.1549 3.2
      vertex 53.8765 31.2074 3.2
    endloop
  endfacet
  facet normal -0.75178 -0.659414 0
    outer loop
      vertex 55.1917 30.761 3.2
      vertex 55.0839 30.8839 7.2
      vertex 55.0839 30.8839 3.2
    endloop
  endfacet
  facet normal -0.75178 -0.659414 0
    outer loop
      vertex 55.0839 30.8839 7.2
      vertex 55.1917 30.761 3.2
      vertex 55.1917 30.761 7.2
    endloop
  endfacet
  facet normal 0.555265 -0.831674 0
    outer loop
      vertex 53.439 30.9917 3.2
      vertex 53.575 31.0825 7.2
      vertex 53.439 30.9917 7.2
    endloop
  endfacet
  facet normal 0.555265 -0.831674 0
    outer loop
      vertex 53.575 31.0825 7.2
      vertex 53.439 30.9917 3.2
      vertex 53.575 31.0825 3.2
    endloop
  endfacet
  facet normal 0.946896 -0.321541 0
    outer loop
      vertex 52.9926 30.3235 7.2
      vertex 53.0452 30.4784 3.2
      vertex 53.0452 30.4784 7.2
    endloop
  endfacet
  facet normal 0.946896 -0.321541 0
    outer loop
      vertex 53.0452 30.4784 3.2
      vertex 52.9926 30.3235 7.2
      vertex 52.9926 30.3235 3.2
    endloop
  endfacet
  facet normal -0.896618 -0.442805 0
    outer loop
      vertex 55.3549 30.4784 3.2
      vertex 55.2825 30.625 7.2
      vertex 55.2825 30.625 3.2
    endloop
  endfacet
  facet normal -0.896618 -0.442805 0
    outer loop
      vertex 55.2825 30.625 7.2
      vertex 55.3549 30.4784 3.2
      vertex 55.3549 30.4784 7.2
    endloop
  endfacet
  facet normal 0.195175 -0.980768 0
    outer loop
      vertex 53.8765 31.2074 3.2
      vertex 54.0368 31.2393 7.2
      vertex 53.8765 31.2074 7.2
    endloop
  endfacet
  facet normal 0.195175 -0.980768 0
    outer loop
      vertex 54.0368 31.2393 7.2
      vertex 53.8765 31.2074 3.2
      vertex 54.0368 31.2393 3.2
    endloop
  endfacet
  facet normal -0.659414 -0.75178 0
    outer loop
      vertex 54.961 30.9917 3.2
      vertex 55.0839 30.8839 7.2
      vertex 54.961 30.9917 7.2
    endloop
  endfacet
  facet normal -0.659414 -0.75178 -0
    outer loop
      vertex 55.0839 30.8839 7.2
      vertex 54.961 30.9917 3.2
      vertex 55.0839 30.8839 3.2
    endloop
  endfacet
  facet normal -0.997858 0.0654233 0
    outer loop
      vertex 55.4393 29.8368 3.2
      vertex 55.45 30 7.2
      vertex 55.45 30 3.2
    endloop
  endfacet
  facet normal -0.997858 0.0654233 0
    outer loop
      vertex 55.45 30 7.2
      vertex 55.4393 29.8368 3.2
      vertex 55.4393 29.8368 7.2
    endloop
  endfacet
  facet normal -0.442805 -0.896618 0
    outer loop
      vertex 54.6784 31.1549 3.2
      vertex 54.825 31.0825 7.2
      vertex 54.6784 31.1549 7.2
    endloop
  endfacet
  facet normal -0.442805 -0.896618 -0
    outer loop
      vertex 54.825 31.0825 7.2
      vertex 54.6784 31.1549 3.2
      vertex 54.825 31.0825 3.2
    endloop
  endfacet
  facet normal 0.320993 0.947082 -0
    outer loop
      vertex 53.8765 28.7926 3.2
      vertex 53.7216 28.8451 7.2
      vertex 53.8765 28.7926 7.2
    endloop
  endfacet
  facet normal 0.320993 0.947082 0
    outer loop
      vertex 53.7216 28.8451 7.2
      vertex 53.8765 28.7926 3.2
      vertex 53.7216 28.8451 3.2
    endloop
  endfacet
  facet normal 0.980768 -0.195175 0
    outer loop
      vertex 52.9607 30.1632 7.2
      vertex 52.9926 30.3235 3.2
      vertex 52.9926 30.3235 7.2
    endloop
  endfacet
  facet normal 0.980768 -0.195175 0
    outer loop
      vertex 52.9926 30.3235 3.2
      vertex 52.9607 30.1632 7.2
      vertex 52.9607 30.1632 3.2
    endloop
  endfacet
  facet normal 0.0654233 -0.997858 0
    outer loop
      vertex 54.0368 31.2393 3.2
      vertex 54.2 31.25 7.2
      vertex 54.0368 31.2393 7.2
    endloop
  endfacet
  facet normal 0.0654233 -0.997858 0
    outer loop
      vertex 54.2 31.25 7.2
      vertex 54.0368 31.2393 3.2
      vertex 54.2 31.25 3.2
    endloop
  endfacet
  facet normal 0.195175 0.980768 -0
    outer loop
      vertex 54.0368 28.7607 3.2
      vertex 53.8765 28.7926 7.2
      vertex 54.0368 28.7607 7.2
    endloop
  endfacet
  facet normal 0.195175 0.980768 0
    outer loop
      vertex 53.8765 28.7926 7.2
      vertex 54.0368 28.7607 3.2
      vertex 53.8765 28.7926 3.2
    endloop
  endfacet
  facet normal -0.947082 0.320993 0
    outer loop
      vertex 55.3549 29.5216 3.2
      vertex 55.4074 29.6765 7.2
      vertex 55.4074 29.6765 3.2
    endloop
  endfacet
  facet normal -0.947082 0.320993 0
    outer loop
      vertex 55.4074 29.6765 7.2
      vertex 55.3549 29.5216 3.2
      vertex 55.3549 29.5216 7.2
    endloop
  endfacet
  facet normal -0.831674 -0.555265 0
    outer loop
      vertex 55.2825 30.625 3.2
      vertex 55.1917 30.761 7.2
      vertex 55.1917 30.761 3.2
    endloop
  endfacet
  facet normal -0.831674 -0.555265 0
    outer loop
      vertex 55.1917 30.761 7.2
      vertex 55.2825 30.625 3.2
      vertex 55.2825 30.625 7.2
    endloop
  endfacet
  facet normal 0.896861 0.442313 0
    outer loop
      vertex 53.1175 29.375 7.2
      vertex 53.0452 29.5216 3.2
      vertex 53.0452 29.5216 7.2
    endloop
  endfacet
  facet normal 0.896861 0.442313 0
    outer loop
      vertex 53.0452 29.5216 3.2
      vertex 53.1175 29.375 7.2
      vertex 53.1175 29.375 3.2
    endloop
  endfacet
  facet normal -0.896618 0.442805 0
    outer loop
      vertex 55.2825 29.375 3.2
      vertex 55.3549 29.5216 7.2
      vertex 55.3549 29.5216 3.2
    endloop
  endfacet
  facet normal -0.896618 0.442805 0
    outer loop
      vertex 55.3549 29.5216 7.2
      vertex 55.2825 29.375 3.2
      vertex 55.2825 29.375 7.2
    endloop
  endfacet
  facet normal 0.75178 0.659414 0
    outer loop
      vertex 53.3161 29.1161 7.2
      vertex 53.2083 29.239 3.2
      vertex 53.2083 29.239 7.2
    endloop
  endfacet
  facet normal 0.75178 0.659414 0
    outer loop
      vertex 53.2083 29.239 3.2
      vertex 53.3161 29.1161 7.2
      vertex 53.3161 29.1161 3.2
    endloop
  endfacet
  facet normal -0.831674 0.555265 0
    outer loop
      vertex 55.1917 29.239 3.2
      vertex 55.2825 29.375 7.2
      vertex 55.2825 29.375 3.2
    endloop
  endfacet
  facet normal -0.831674 0.555265 0
    outer loop
      vertex 55.2825 29.375 7.2
      vertex 55.1917 29.239 3.2
      vertex 55.1917 29.239 7.2
    endloop
  endfacet
  facet normal 0 0 1
    outer loop
      vertex 55.4393 30.1632 3.2
      vertex 55.4393 29.8368 3.2
      vertex 55.45 30 3.2
    endloop
  endfacet
  facet normal 0 0 1
    outer loop
      vertex 55.4074 30.3235 3.2
      vertex 55.4393 29.8368 3.2
      vertex 55.4393 30.1632 3.2
    endloop
  endfacet
  facet normal 0 0 1
    outer loop
      vertex 55.4074 30.3235 3.2
      vertex 55.4074 29.6765 3.2
      vertex 55.4393 29.8368 3.2
    endloop
  endfacet
  facet normal 0 0 1
    outer loop
      vertex 55.3549 30.4784 3.2
      vertex 55.4074 29.6765 3.2
      vertex 55.4074 30.3235 3.2
    endloop
  endfacet
  facet normal 0 0 1
    outer loop
      vertex 55.3549 30.4784 3.2
      vertex 55.3549 29.5216 3.2
      vertex 55.4074 29.6765 3.2
    endloop
  endfacet
  facet normal 0 0 1
    outer loop
      vertex 55.2825 30.625 3.2
      vertex 55.3549 29.5216 3.2
      vertex 55.3549 30.4784 3.2
    endloop
  endfacet
  facet normal 0 0 1
    outer loop
      vertex 55.2825 30.625 3.2
      vertex 55.2825 29.375 3.2
      vertex 55.3549 29.5216 3.2
    endloop
  endfacet
  facet normal 0 0 1
    outer loop
      vertex 55.1917 30.761 3.2
      vertex 55.2825 29.375 3.2
      vertex 55.2825 30.625 3.2
    endloop
  endfacet
  facet normal 0 0 1
    outer loop
      vertex 55.1917 30.761 3.2
      vertex 55.1917 29.239 3.2
      vertex 55.2825 29.375 3.2
    endloop
  endfacet
  facet normal 0 0 1
    outer loop
      vertex 55.0839 30.8839 3.2
      vertex 55.1917 29.239 3.2
      vertex 55.1917 30.761 3.2
    endloop
  endfacet
  facet normal 0 0 1
    outer loop
      vertex 55.0839 30.8839 3.2
      vertex 55.0839 29.1161 3.2
      vertex 55.1917 29.239 3.2
    endloop
  endfacet
  facet normal 0 0 1
    outer loop
      vertex 54.961 30.9917 3.2
      vertex 55.0839 29.1161 3.2
      vertex 55.0839 30.8839 3.2
    endloop
  endfacet
  facet normal 0 0 1
    outer loop
      vertex 54.961 30.9917 3.2
      vertex 54.961 29.0083 3.2
      vertex 55.0839 29.1161 3.2
    endloop
  endfacet
  facet normal 0 0 1
    outer loop
      vertex 54.825 31.0825 3.2
      vertex 54.961 29.0083 3.2
      vertex 54.961 30.9917 3.2
    endloop
  endfacet
  facet normal 0 0 1
    outer loop
      vertex 54.825 31.0825 3.2
      vertex 54.825 28.9175 3.2
      vertex 54.961 29.0083 3.2
    endloop
  endfacet
  facet normal 0 0 1
    outer loop
      vertex 54.6784 31.1549 3.2
      vertex 54.825 28.9175 3.2
      vertex 54.825 31.0825 3.2
    endloop
  endfacet
  facet normal 0 0 1
    outer loop
      vertex 54.6784 31.1549 3.2
      vertex 54.6784 28.8451 3.2
      vertex 54.825 28.9175 3.2
    endloop
  endfacet
  facet normal 0 0 1
    outer loop
      vertex 54.5235 31.2074 3.2
      vertex 54.6784 28.8451 3.2
      vertex 54.6784 31.1549 3.2
    endloop
  endfacet
  facet normal 0 0 1
    outer loop
      vertex 54.5235 31.2074 3.2
      vertex 54.5235 28.7926 3.2
      vertex 54.6784 28.8451 3.2
    endloop
  endfacet
  facet normal 0 0 1
    outer loop
      vertex 54.3632 31.2393 3.2
      vertex 54.5235 28.7926 3.2
      vertex 54.5235 31.2074 3.2
    endloop
  endfacet
  facet normal 0 0 1
    outer loop
      vertex 54.3632 31.2393 3.2
      vertex 54.3632 28.7607 3.2
      vertex 54.5235 28.7926 3.2
    endloop
  endfacet
  facet normal 0 0 1
    outer loop
      vertex 54.2 31.25 3.2
      vertex 54.3632 28.7607 3.2
      vertex 54.3632 31.2393 3.2
    endloop
  endfacet
  facet normal 0 0 1
    outer loop
      vertex 54.2 31.25 3.2
      vertex 54.2 28.75 3.2
      vertex 54.3632 28.7607 3.2
    endloop
  endfacet
  facet normal -0 0 1
    outer loop
      vertex 54.0368 31.2393 3.2
      vertex 54.2 28.75 3.2
      vertex 54.2 31.25 3.2
    endloop
  endfacet
  facet normal 0 0 1
    outer loop
      vertex 54.0368 31.2393 3.2
      vertex 54.0368 28.7607 3.2
      vertex 54.2 28.75 3.2
    endloop
  endfacet
  facet normal -0 0 1
    outer loop
      vertex 53.8765 31.2074 3.2
      vertex 54.0368 28.7607 3.2
      vertex 54.0368 31.2393 3.2
    endloop
  endfacet
  facet normal 0 0 1
    outer loop
      vertex 53.8765 31.2074 3.2
      vertex 53.8765 28.7926 3.2
      vertex 54.0368 28.7607 3.2
    endloop
  endfacet
  facet normal -0 0 1
    outer loop
      vertex 53.7216 31.1549 3.2
      vertex 53.8765 28.7926 3.2
      vertex 53.8765 31.2074 3.2
    endloop
  endfacet
  facet normal 0 0 1
    outer loop
      vertex 53.7216 31.1549 3.2
      vertex 53.7216 28.8451 3.2
      vertex 53.8765 28.7926 3.2
    endloop
  endfacet
  facet normal -0 0 1
    outer loop
      vertex 53.575 31.0825 3.2
      vertex 53.7216 28.8451 3.2
      vertex 53.7216 31.1549 3.2
    endloop
  endfacet
  facet normal 0 0 1
    outer loop
      vertex 53.575 31.0825 3.2
      vertex 53.575 28.9175 3.2
      vertex 53.7216 28.8451 3.2
    endloop
  endfacet
  facet normal -0 0 1
    outer loop
      vertex 53.439 30.9917 3.2
      vertex 53.575 28.9175 3.2
      vertex 53.575 31.0825 3.2
    endloop
  endfacet
  facet normal 0 0 1
    outer loop
      vertex 53.439 30.9917 3.2
      vertex 53.439 29.0083 3.2
      vertex 53.575 28.9175 3.2
    endloop
  endfacet
  facet normal -0 0 1
    outer loop
      vertex 53.3161 30.8839 3.2
      vertex 53.439 29.0083 3.2
      vertex 53.439 30.9917 3.2
    endloop
  endfacet
  facet normal 0 0 1
    outer loop
      vertex 53.3161 30.8839 3.2
      vertex 53.3161 29.1161 3.2
      vertex 53.439 29.0083 3.2
    endloop
  endfacet
  facet normal -0 0 1
    outer loop
      vertex 53.2083 30.761 3.2
      vertex 53.3161 29.1161 3.2
      vertex 53.3161 30.8839 3.2
    endloop
  endfacet
  facet normal 0 0 1
    outer loop
      vertex 53.2083 30.761 3.2
      vertex 53.2083 29.239 3.2
      vertex 53.3161 29.1161 3.2
    endloop
  endfacet
  facet normal -0 0 1
    outer loop
      vertex 53.1175 30.625 3.2
      vertex 53.2083 29.239 3.2
      vertex 53.2083 30.761 3.2
    endloop
  endfacet
  facet normal 0 0 1
    outer loop
      vertex 53.1175 30.625 3.2
      vertex 53.1175 29.375 3.2
      vertex 53.2083 29.239 3.2
    endloop
  endfacet
  facet normal -0 0 1
    outer loop
      vertex 53.0452 30.4784 3.2
      vertex 53.1175 29.375 3.2
      vertex 53.1175 30.625 3.2
    endloop
  endfacet
  facet normal 0 0 1
    outer loop
      vertex 53.0452 30.4784 3.2
      vertex 53.0452 29.5216 3.2
      vertex 53.1175 29.375 3.2
    endloop
  endfacet
  facet normal -0 0 1
    outer loop
      vertex 52.9926 30.3235 3.2
      vertex 53.0452 29.5216 3.2
      vertex 53.0452 30.4784 3.2
    endloop
  endfacet
  facet normal 0 0 1
    outer loop
      vertex 52.9926 30.3235 3.2
      vertex 52.9926 29.6765 3.2
      vertex 53.0452 29.5216 3.2
    endloop
  endfacet
  facet normal -0 0 1
    outer loop
      vertex 52.9607 30.1632 3.2
      vertex 52.9926 29.6765 3.2
      vertex 52.9926 30.3235 3.2
    endloop
  endfacet
  facet normal 0 0 1
    outer loop
      vertex 52.9607 30.1632 3.2
      vertex 52.9607 29.8368 3.2
      vertex 52.9926 29.6765 3.2
    endloop
  endfacet
  facet normal 0 -0 1
    outer loop
      vertex 52.9607 29.8368 3.2
      vertex 52.9607 30.1632 3.2
      vertex 52.95 30 3.2
    endloop
  endfacet
  facet normal 0.75178 -0.659414 0
    outer loop
      vertex 53.2083 30.761 7.2
      vertex 53.3161 30.8839 3.2
      vertex 53.3161 30.8839 7.2
    endloop
  endfacet
  facet normal 0.75178 -0.659414 0
    outer loop
      vertex 53.3161 30.8839 3.2
      vertex 53.2083 30.761 7.2
      vertex 53.2083 30.761 3.2
    endloop
  endfacet
  facet normal -0.0654233 -0.997858 0
    outer loop
      vertex 54.2 31.25 3.2
      vertex 54.3632 31.2393 7.2
      vertex 54.2 31.25 7.2
    endloop
  endfacet
  facet normal -0.0654233 -0.997858 -0
    outer loop
      vertex 54.3632 31.2393 7.2
      vertex 54.2 31.25 3.2
      vertex 54.3632 31.2393 3.2
    endloop
  endfacet
  facet normal -0.555265 -0.831674 0
    outer loop
      vertex 54.825 31.0825 3.2
      vertex 54.961 30.9917 7.2
      vertex 54.825 31.0825 7.2
    endloop
  endfacet
  facet normal -0.555265 -0.831674 -0
    outer loop
      vertex 54.961 30.9917 7.2
      vertex 54.825 31.0825 3.2
      vertex 54.961 30.9917 3.2
    endloop
  endfacet
  facet normal 0.442805 0.896618 -0
    outer loop
      vertex 53.7216 28.8451 3.2
      vertex 53.575 28.9175 7.2
      vertex 53.7216 28.8451 7.2
    endloop
  endfacet
  facet normal 0.442805 0.896618 0
    outer loop
      vertex 53.575 28.9175 7.2
      vertex 53.7216 28.8451 3.2
      vertex 53.575 28.9175 3.2
    endloop
  endfacet
  facet normal 0.831674 0.555265 0
    outer loop
      vertex 53.2083 29.239 7.2
      vertex 53.1175 29.375 3.2
      vertex 53.1175 29.375 7.2
    endloop
  endfacet
  facet normal 0.831674 0.555265 0
    outer loop
      vertex 53.1175 29.375 3.2
      vertex 53.2083 29.239 7.2
      vertex 53.2083 29.239 3.2
    endloop
  endfacet
  facet normal 0.980768 0.195175 0
    outer loop
      vertex 52.9926 29.6765 7.2
      vertex 52.9607 29.8368 3.2
      vertex 52.9607 29.8368 7.2
    endloop
  endfacet
  facet normal 0.980768 0.195175 0
    outer loop
      vertex 52.9607 29.8368 3.2
      vertex 52.9926 29.6765 7.2
      vertex 52.9926 29.6765 3.2
    endloop
  endfacet
  facet normal 0.659414 0.75178 -0
    outer loop
      vertex 53.439 29.0083 3.2
      vertex 53.3161 29.1161 7.2
      vertex 53.439 29.0083 7.2
    endloop
  endfacet
  facet normal 0.659414 0.75178 0
    outer loop
      vertex 53.3161 29.1161 7.2
      vertex 53.439 29.0083 3.2
      vertex 53.3161 29.1161 3.2
    endloop
  endfacet
  facet normal 0.896861 -0.442313 0
    outer loop
      vertex 53.0452 30.4784 7.2
      vertex 53.1175 30.625 3.2
      vertex 53.1175 30.625 7.2
    endloop
  endfacet
  facet normal 0.896861 -0.442313 0
    outer loop
      vertex 53.1175 30.625 3.2
      vertex 53.0452 30.4784 7.2
      vertex 53.0452 30.4784 3.2
    endloop
  endfacet
  facet normal 0.997858 0.0654233 0
    outer loop
      vertex 52.9607 29.8368 7.2
      vertex 52.95 30 3.2
      vertex 52.95 30 7.2
    endloop
  endfacet
  facet normal 0.997858 0.0654233 0
    outer loop
      vertex 52.95 30 3.2
      vertex 52.9607 29.8368 7.2
      vertex 52.9607 29.8368 3.2
    endloop
  endfacet
  facet normal -0.555265 0.831674 0
    outer loop
      vertex 54.961 29.0083 3.2
      vertex 54.825 28.9175 7.2
      vertex 54.961 29.0083 7.2
    endloop
  endfacet
  facet normal -0.555265 0.831674 0
    outer loop
      vertex 54.825 28.9175 7.2
      vertex 54.961 29.0083 3.2
      vertex 54.825 28.9175 3.2
    endloop
  endfacet
  facet normal 0.555265 0.831674 -0
    outer loop
      vertex 53.575 28.9175 3.2
      vertex 53.439 29.0083 7.2
      vertex 53.575 28.9175 7.2
    endloop
  endfacet
  facet normal 0.555265 0.831674 0
    outer loop
      vertex 53.439 29.0083 7.2
      vertex 53.575 28.9175 3.2
      vertex 53.439 29.0083 3.2
    endloop
  endfacet
  facet normal 0.980751 0.195263 0
    outer loop
      vertex 11.4701 8.45684 32.4
      vertex 11.3807 8.90587 2.2
      vertex 11.3807 8.90587 32.4
    endloop
  endfacet
  facet normal 0.980751 0.195263 0
    outer loop
      vertex 11.3807 8.90587 2.2
      vertex 11.4701 8.45684 32.4
      vertex 11.4701 8.45684 2.2
    endloop
  endfacet
  facet normal 0.997865 0.0653099 0
    outer loop
      vertex 11.5 8 32.4
      vertex 11.4701 8.45684 2.2
      vertex 11.4701 8.45684 32.4
    endloop
  endfacet
  facet normal 0.997865 0.0653099 0
    outer loop
      vertex 11.4701 8.45684 2.2
      vertex 11.5 8 32.4
      vertex 11.5 8 2.2
    endloop
  endfacet
  facet normal 0.321439 -0.94693 0
    outer loop
      vertex 8.90587 4.61926 2.2
      vertex 9.33939 4.76642 32.4
      vertex 8.90587 4.61926 32.4
    endloop
  endfacet
  facet normal 0.321439 -0.94693 0
    outer loop
      vertex 9.33939 4.76642 32.4
      vertex 8.90587 4.61926 2.2
      vertex 9.33939 4.76642 2.2
    endloop
  endfacet
  facet normal 0.831445 0.555607 0
    outer loop
      vertex 11.0311 9.75 32.4
      vertex 10.7767 10.1307 2.2
      vertex 10.7767 10.1307 32.4
    endloop
  endfacet
  facet normal 0.831445 0.555607 0
    outer loop
      vertex 10.7767 10.1307 2.2
      vertex 11.0311 9.75 32.4
      vertex 11.0311 9.75 2.2
    endloop
  endfacet
  facet normal -0.896873 0.442288 0
    outer loop
      vertex 4.76642 9.33939 2.2
      vertex 4.96891 9.75 32.4
      vertex 4.96891 9.75 2.2
    endloop
  endfacet
  facet normal -0.896873 0.442288 0
    outer loop
      vertex 4.96891 9.75 32.4
      vertex 4.76642 9.33939 2.2
      vertex 4.76642 9.33939 32.4
    endloop
  endfacet
  facet normal -0.555647 0.831418 0
    outer loop
      vertex 6.25 11.0311 2.2
      vertex 5.86934 10.7767 32.4
      vertex 6.25 11.0311 32.4
    endloop
  endfacet
  facet normal -0.555647 0.831418 0
    outer loop
      vertex 5.86934 10.7767 32.4
      vertex 6.25 11.0311 2.2
      vertex 5.86934 10.7767 2.2
    endloop
  endfacet
  facet normal -0.659267 0.751909 0
    outer loop
      vertex 5.86934 10.7767 2.2
      vertex 5.52513 10.4749 32.4
      vertex 5.86934 10.7767 32.4
    endloop
  endfacet
  facet normal -0.659267 0.751909 0
    outer loop
      vertex 5.52513 10.4749 32.4
      vertex 5.86934 10.7767 2.2
      vertex 5.52513 10.4749 2.2
    endloop
  endfacet
  facet normal -0.751824 0.659364 0
    outer loop
      vertex 5.22326 10.1307 2.2
      vertex 5.52513 10.4749 32.4
      vertex 5.52513 10.4749 2.2
    endloop
  endfacet
  facet normal -0.751824 0.659364 0
    outer loop
      vertex 5.52513 10.4749 32.4
      vertex 5.22326 10.1307 2.2
      vertex 5.22326 10.1307 32.4
    endloop
  endfacet
  facet normal 0.94697 -0.321322 0
    outer loop
      vertex 11.2336 6.66061 32.4
      vertex 11.3807 7.09413 2.2
      vertex 11.3807 7.09413 32.4
    endloop
  endfacet
  facet normal 0.94697 -0.321322 0
    outer loop
      vertex 11.3807 7.09413 2.2
      vertex 11.2336 6.66061 32.4
      vertex 11.2336 6.66061 2.2
    endloop
  endfacet
  facet normal -0.997859 0.0653969 0
    outer loop
      vertex 4.5 8 2.2
      vertex 4.52994 8.45684 32.4
      vertex 4.52994 8.45684 2.2
    endloop
  endfacet
  facet normal -0.997859 0.0653969 0
    outer loop
      vertex 4.52994 8.45684 32.4
      vertex 4.5 8 2.2
      vertex 4.5 8 32.4
    endloop
  endfacet
  facet normal 0.555607 0.831445 -0
    outer loop
      vertex 10.1307 10.7767 2.2
      vertex 9.75 11.0311 32.4
      vertex 10.1307 10.7767 32.4
    endloop
  endfacet
  facet normal 0.555607 0.831445 0
    outer loop
      vertex 9.75 11.0311 32.4
      vertex 10.1307 10.7767 2.2
      vertex 9.75 11.0311 2.2
    endloop
  endfacet
  facet normal -0.321439 -0.94693 0
    outer loop
      vertex 6.66061 4.76642 2.2
      vertex 7.09413 4.61926 32.4
      vertex 6.66061 4.76642 32.4
    endloop
  endfacet
  facet normal -0.321439 -0.94693 -0
    outer loop
      vertex 7.09413 4.61926 32.4
      vertex 6.66061 4.76642 2.2
      vertex 7.09413 4.61926 2.2
    endloop
  endfacet
  facet normal 0.195095 -0.980784 0
    outer loop
      vertex 8.45684 4.52994 2.2
      vertex 8.90587 4.61926 32.4
      vertex 8.45684 4.52994 32.4
    endloop
  endfacet
  facet normal 0.195095 -0.980784 0
    outer loop
      vertex 8.90587 4.61926 32.4
      vertex 8.45684 4.52994 2.2
      vertex 8.90587 4.61926 2.2
    endloop
  endfacet
  facet normal -0.321322 0.94697 0
    outer loop
      vertex 7.09413 11.3807 2.2
      vertex 6.66061 11.2336 32.4
      vertex 7.09413 11.3807 32.4
    endloop
  endfacet
  facet normal -0.321322 0.94697 0
    outer loop
      vertex 6.66061 11.2336 32.4
      vertex 7.09413 11.3807 2.2
      vertex 6.66061 11.2336 2.2
    endloop
  endfacet
  facet normal -0.831468 -0.555572 0
    outer loop
      vertex 5.22326 5.86934 2.2
      vertex 4.96891 6.25 32.4
      vertex 4.96891 6.25 2.2
    endloop
  endfacet
  facet normal -0.831468 -0.555572 0
    outer loop
      vertex 4.96891 6.25 32.4
      vertex 5.22326 5.86934 2.2
      vertex 5.22326 5.86934 32.4
    endloop
  endfacet
  facet normal 0.555532 -0.831495 0
    outer loop
      vertex 9.75 4.96891 2.2
      vertex 10.1307 5.22326 32.4
      vertex 9.75 4.96891 32.4
    endloop
  endfacet
  facet normal 0.555532 -0.831495 0
    outer loop
      vertex 10.1307 5.22326 32.4
      vertex 9.75 4.96891 2.2
      vertex 10.1307 5.22326 2.2
    endloop
  endfacet
  facet normal -0.94693 0.321439 0
    outer loop
      vertex 4.61926 8.90587 2.2
      vertex 4.76642 9.33939 32.4
      vertex 4.76642 9.33939 2.2
    endloop
  endfacet
  facet normal -0.94693 0.321439 0
    outer loop
      vertex 4.76642 9.33939 32.4
      vertex 4.61926 8.90587 2.2
      vertex 4.61926 8.90587 32.4
    endloop
  endfacet
  facet normal 0.321322 0.94697 -0
    outer loop
      vertex 9.33939 11.2336 2.2
      vertex 8.90587 11.3807 32.4
      vertex 9.33939 11.2336 32.4
    endloop
  endfacet
  facet normal 0.321322 0.94697 0
    outer loop
      vertex 8.90587 11.3807 32.4
      vertex 9.33939 11.2336 2.2
      vertex 8.90587 11.3807 2.2
    endloop
  endfacet
  facet normal 0.0653099 0.997865 -0
    outer loop
      vertex 8.45684 11.4701 2.2
      vertex 8 11.5 32.4
      vertex 8.45684 11.4701 32.4
    endloop
  endfacet
  facet normal 0.0653099 0.997865 0
    outer loop
      vertex 8 11.5 32.4
      vertex 8.45684 11.4701 2.2
      vertex 8 11.5 2.2
    endloop
  endfacet
  facet normal -0.442305 0.896864 0
    outer loop
      vertex 6.66061 11.2336 2.2
      vertex 6.25 11.0311 32.4
      vertex 6.66061 11.2336 32.4
    endloop
  endfacet
  facet normal -0.442305 0.896864 0
    outer loop
      vertex 6.25 11.0311 32.4
      vertex 6.66061 11.2336 2.2
      vertex 6.25 11.0311 2.2
    endloop
  endfacet
  facet normal 0.831418 -0.555647 0
    outer loop
      vertex 10.7767 5.86934 32.4
      vertex 11.0311 6.25 2.2
      vertex 11.0311 6.25 32.4
    endloop
  endfacet
  facet normal 0.831418 -0.555647 0
    outer loop
      vertex 11.0311 6.25 2.2
      vertex 10.7767 5.86934 32.4
      vertex 10.7767 5.86934 2.2
    endloop
  endfacet
  facet normal -0.997859 -0.0653969 0
    outer loop
      vertex 4.52994 7.54316 2.2
      vertex 4.5 8 32.4
      vertex 4.5 8 2.2
    endloop
  endfacet
  facet normal -0.997859 -0.0653969 0
    outer loop
      vertex 4.5 8 32.4
      vertex 4.52994 7.54316 2.2
      vertex 4.52994 7.54316 32.4
    endloop
  endfacet
  facet normal -0.94693 -0.321439 0
    outer loop
      vertex 4.76642 6.66061 2.2
      vertex 4.61926 7.09413 32.4
      vertex 4.61926 7.09413 2.2
    endloop
  endfacet
  facet normal -0.94693 -0.321439 0
    outer loop
      vertex 4.61926 7.09413 32.4
      vertex 4.76642 6.66061 2.2
      vertex 4.76642 6.66061 32.4
    endloop
  endfacet
  facet normal -0.659353 -0.751833 0
    outer loop
      vertex 5.52513 5.52513 2.2
      vertex 5.86934 5.22326 32.4
      vertex 5.52513 5.52513 32.4
    endloop
  endfacet
  facet normal -0.659353 -0.751833 -0
    outer loop
      vertex 5.86934 5.22326 32.4
      vertex 5.52513 5.52513 2.2
      vertex 5.86934 5.22326 2.2
    endloop
  endfacet
  facet normal 0.442305 0.896864 -0
    outer loop
      vertex 9.75 11.0311 2.2
      vertex 9.33939 11.2336 32.4
      vertex 9.75 11.0311 32.4
    endloop
  endfacet
  facet normal 0.442305 0.896864 0
    outer loop
      vertex 9.33939 11.2336 32.4
      vertex 9.75 11.0311 2.2
      vertex 9.33939 11.2336 2.2
    endloop
  endfacet
  facet normal -0.195263 0.980751 0
    outer loop
      vertex 7.54316 11.4701 2.2
      vertex 7.09413 11.3807 32.4
      vertex 7.54316 11.4701 32.4
    endloop
  endfacet
  facet normal -0.195263 0.980751 0
    outer loop
      vertex 7.09413 11.3807 32.4
      vertex 7.54316 11.4701 2.2
      vertex 7.09413 11.3807 2.2
    endloop
  endfacet
  facet normal 0.7519 0.659278 0
    outer loop
      vertex 10.7767 10.1307 32.4
      vertex 10.4749 10.4749 2.2
      vertex 10.4749 10.4749 32.4
    endloop
  endfacet
  facet normal 0.7519 0.659278 0
    outer loop
      vertex 10.4749 10.4749 2.2
      vertex 10.7767 10.1307 32.4
      vertex 10.7767 10.1307 2.2
    endloop
  endfacet
  facet normal 0.195263 0.980751 -0
    outer loop
      vertex 8.90587 11.3807 2.2
      vertex 8.45684 11.4701 32.4
      vertex 8.90587 11.3807 32.4
    endloop
  endfacet
  facet normal 0.195263 0.980751 0
    outer loop
      vertex 8.45684 11.4701 32.4
      vertex 8.90587 11.3807 2.2
      vertex 8.45684 11.4701 2.2
    endloop
  endfacet
  facet normal 0.751909 -0.659267 0
    outer loop
      vertex 10.4749 5.52513 32.4
      vertex 10.7767 5.86934 2.2
      vertex 10.7767 5.86934 32.4
    endloop
  endfacet
  facet normal 0.751909 -0.659267 0
    outer loop
      vertex 10.7767 5.86934 2.2
      vertex 10.4749 5.52513 32.4
      vertex 10.4749 5.52513 2.2
    endloop
  endfacet
  facet normal -0.442288 -0.896873 0
    outer loop
      vertex 6.25 4.96891 2.2
      vertex 6.66061 4.76642 32.4
      vertex 6.25 4.96891 32.4
    endloop
  endfacet
  facet normal -0.442288 -0.896873 -0
    outer loop
      vertex 6.66061 4.76642 32.4
      vertex 6.25 4.96891 2.2
      vertex 6.66061 4.76642 2.2
    endloop
  endfacet
  facet normal -0.0653099 0.997865 0
    outer loop
      vertex 8 11.5 2.2
      vertex 7.54316 11.4701 32.4
      vertex 8 11.5 32.4
    endloop
  endfacet
  facet normal -0.0653099 0.997865 0
    outer loop
      vertex 7.54316 11.4701 32.4
      vertex 8 11.5 2.2
      vertex 7.54316 11.4701 2.2
    endloop
  endfacet
  facet normal -0.980784 0.195095 0
    outer loop
      vertex 4.52994 8.45684 2.2
      vertex 4.61926 8.90587 32.4
      vertex 4.61926 8.90587 2.2
    endloop
  endfacet
  facet normal -0.980784 0.195095 0
    outer loop
      vertex 4.61926 8.90587 32.4
      vertex 4.52994 8.45684 2.2
      vertex 4.52994 8.45684 32.4
    endloop
  endfacet
  facet normal 0.0653969 -0.997859 0
    outer loop
      vertex 8 4.5 2.2
      vertex 8.45684 4.52994 32.4
      vertex 8 4.5 32.4
    endloop
  endfacet
  facet normal 0.0653969 -0.997859 0
    outer loop
      vertex 8.45684 4.52994 32.4
      vertex 8 4.5 2.2
      vertex 8.45684 4.52994 2.2
    endloop
  endfacet
  facet normal 0.442288 -0.896873 0
    outer loop
      vertex 9.33939 4.76642 2.2
      vertex 9.75 4.96891 32.4
      vertex 9.33939 4.76642 32.4
    endloop
  endfacet
  facet normal 0.442288 -0.896873 0
    outer loop
      vertex 9.75 4.96891 32.4
      vertex 9.33939 4.76642 2.2
      vertex 9.75 4.96891 2.2
    endloop
  endfacet
  facet normal 0.659364 -0.751824 0
    outer loop
      vertex 10.1307 5.22326 2.2
      vertex 10.4749 5.52513 32.4
      vertex 10.1307 5.22326 32.4
    endloop
  endfacet
  facet normal 0.659364 -0.751824 0
    outer loop
      vertex 10.4749 5.52513 32.4
      vertex 10.1307 5.22326 2.2
      vertex 10.4749 5.52513 2.2
    endloop
  endfacet
  facet normal -0.896873 -0.442288 0
    outer loop
      vertex 4.96891 6.25 2.2
      vertex 4.76642 6.66061 32.4
      vertex 4.76642 6.66061 2.2
    endloop
  endfacet
  facet normal -0.896873 -0.442288 0
    outer loop
      vertex 4.76642 6.66061 32.4
      vertex 4.96891 6.25 2.2
      vertex 4.96891 6.25 32.4
    endloop
  endfacet
  facet normal 0.896864 -0.442305 0
    outer loop
      vertex 11.0311 6.25 32.4
      vertex 11.2336 6.66061 2.2
      vertex 11.2336 6.66061 32.4
    endloop
  endfacet
  facet normal 0.896864 -0.442305 0
    outer loop
      vertex 11.2336 6.66061 2.2
      vertex 11.0311 6.25 32.4
      vertex 11.0311 6.25 2.2
    endloop
  endfacet
  facet normal 0.659278 0.7519 -0
    outer loop
      vertex 10.4749 10.4749 2.2
      vertex 10.1307 10.7767 32.4
      vertex 10.4749 10.4749 32.4
    endloop
  endfacet
  facet normal 0.659278 0.7519 0
    outer loop
      vertex 10.1307 10.7767 32.4
      vertex 10.4749 10.4749 2.2
      vertex 10.1307 10.7767 2.2
    endloop
  endfacet
  facet normal 0.997865 -0.0653099 0
    outer loop
      vertex 11.4701 7.54316 32.4
      vertex 11.5 8 2.2
      vertex 11.5 8 32.4
    endloop
  endfacet
  facet normal 0.997865 -0.0653099 0
    outer loop
      vertex 11.5 8 2.2
      vertex 11.4701 7.54316 32.4
      vertex 11.4701 7.54316 2.2
    endloop
  endfacet
  facet normal -0.555572 -0.831468 0
    outer loop
      vertex 5.86934 5.22326 2.2
      vertex 6.25 4.96891 32.4
      vertex 5.86934 5.22326 32.4
    endloop
  endfacet
  facet normal -0.555572 -0.831468 -0
    outer loop
      vertex 6.25 4.96891 32.4
      vertex 5.86934 5.22326 2.2
      vertex 6.25 4.96891 2.2
    endloop
  endfacet
  facet normal 0.896864 0.442305 0
    outer loop
      vertex 11.2336 9.33939 32.4
      vertex 11.0311 9.75 2.2
      vertex 11.0311 9.75 32.4
    endloop
  endfacet
  facet normal 0.896864 0.442305 0
    outer loop
      vertex 11.0311 9.75 2.2
      vertex 11.2336 9.33939 32.4
      vertex 11.2336 9.33939 2.2
    endloop
  endfacet
  facet normal 0.980751 -0.195263 0
    outer loop
      vertex 11.3807 7.09413 32.4
      vertex 11.4701 7.54316 2.2
      vertex 11.4701 7.54316 32.4
    endloop
  endfacet
  facet normal 0.980751 -0.195263 0
    outer loop
      vertex 11.4701 7.54316 2.2
      vertex 11.3807 7.09413 32.4
      vertex 11.3807 7.09413 2.2
    endloop
  endfacet
  facet normal 0.94697 0.321322 0
    outer loop
      vertex 11.3807 8.90587 32.4
      vertex 11.2336 9.33939 2.2
      vertex 11.2336 9.33939 32.4
    endloop
  endfacet
  facet normal 0.94697 0.321322 0
    outer loop
      vertex 11.2336 9.33939 2.2
      vertex 11.3807 8.90587 32.4
      vertex 11.3807 8.90587 2.2
    endloop
  endfacet
  facet normal 0 0 -1
    outer loop
      vertex 9.3 8 2.2
      vertex 11.5 8 2.2
      vertex 11.4701 7.54316 2.2
    endloop
  endfacet
  facet normal 0 0 -1
    outer loop
      vertex 9.28888 7.83032 2.2
      vertex 11.4701 7.54316 2.2
      vertex 11.3807 7.09413 2.2
    endloop
  endfacet
  facet normal 0 0 -1
    outer loop
      vertex 11.5 8 2.2
      vertex 9.3 8 2.2
      vertex 11.4701 8.45684 2.2
    endloop
  endfacet
  facet normal 0 0 -1
    outer loop
      vertex 9.2557 7.66354 2.2
      vertex 11.3807 7.09413 2.2
      vertex 11.2336 6.66061 2.2
    endloop
  endfacet
  facet normal 0 0 -1
    outer loop
      vertex 9.28888 8.16968 2.2
      vertex 11.4701 8.45684 2.2
      vertex 9.3 8 2.2
    endloop
  endfacet
  facet normal 0 0 -1
    outer loop
      vertex 9.20104 7.50251 2.2
      vertex 11.2336 6.66061 2.2
      vertex 11.0311 6.25 2.2
    endloop
  endfacet
  facet normal -0 0 -1
    outer loop
      vertex 11.4701 8.45684 2.2
      vertex 9.28888 8.16968 2.2
      vertex 11.3807 8.90587 2.2
    endloop
  endfacet
  facet normal 0 0 -1
    outer loop
      vertex 9.12583 7.35 2.2
      vertex 11.0311 6.25 2.2
      vertex 10.7767 5.86934 2.2
    endloop
  endfacet
  facet normal 0 0 -1
    outer loop
      vertex 9.2557 8.33646 2.2
      vertex 11.3807 8.90587 2.2
      vertex 9.28888 8.16968 2.2
    endloop
  endfacet
  facet normal 0 0 -1
    outer loop
      vertex 9.03136 7.20861 2.2
      vertex 10.7767 5.86934 2.2
      vertex 10.4749 5.52513 2.2
    endloop
  endfacet
  facet normal -0 0 -1
    outer loop
      vertex 11.3807 8.90587 2.2
      vertex 9.2557 8.33646 2.2
      vertex 11.2336 9.33939 2.2
    endloop
  endfacet
  facet normal 0 0 -1
    outer loop
      vertex 8.91924 7.08076 2.2
      vertex 10.4749 5.52513 2.2
      vertex 10.1307 5.22326 2.2
    endloop
  endfacet
  facet normal 0 0 -1
    outer loop
      vertex 9.20104 8.49749 2.2
      vertex 11.2336 9.33939 2.2
      vertex 9.2557 8.33646 2.2
    endloop
  endfacet
  facet normal 0 0 -1
    outer loop
      vertex 8.79139 6.96864 2.2
      vertex 10.1307 5.22326 2.2
      vertex 9.75 4.96891 2.2
    endloop
  endfacet
  facet normal -0 0 -1
    outer loop
      vertex 11.2336 9.33939 2.2
      vertex 9.20104 8.49749 2.2
      vertex 11.0311 9.75 2.2
    endloop
  endfacet
  facet normal 0 0 -1
    outer loop
      vertex 8.65 6.87417 2.2
      vertex 9.75 4.96891 2.2
      vertex 9.33939 4.76642 2.2
    endloop
  endfacet
  facet normal 0 0 -1
    outer loop
      vertex 9.12583 8.65 2.2
      vertex 11.0311 9.75 2.2
      vertex 9.20104 8.49749 2.2
    endloop
  endfacet
  facet normal -0 0 -1
    outer loop
      vertex 11.0311 9.75 2.2
      vertex 9.12583 8.65 2.2
      vertex 10.7767 10.1307 2.2
    endloop
  endfacet
  facet normal 0 0 -1
    outer loop
      vertex 11.4701 7.54316 2.2
      vertex 9.28888 7.83032 2.2
      vertex 9.3 8 2.2
    endloop
  endfacet
  facet normal 0 0 -1
    outer loop
      vertex 11.3807 7.09413 2.2
      vertex 9.2557 7.66354 2.2
      vertex 9.28888 7.83032 2.2
    endloop
  endfacet
  facet normal 0 0 -1
    outer loop
      vertex 11.2336 6.66061 2.2
      vertex 9.20104 7.50251 2.2
      vertex 9.2557 7.66354 2.2
    endloop
  endfacet
  facet normal 0 0 -1
    outer loop
      vertex 11.0311 6.25 2.2
      vertex 9.12583 7.35 2.2
      vertex 9.20104 7.50251 2.2
    endloop
  endfacet
  facet normal 0 0 -1
    outer loop
      vertex 10.7767 5.86934 2.2
      vertex 9.03136 7.20861 2.2
      vertex 9.12583 7.35 2.2
    endloop
  endfacet
  facet normal 0 0 -1
    outer loop
      vertex 10.4749 5.52513 2.2
      vertex 8.91924 7.08076 2.2
      vertex 9.03136 7.20861 2.2
    endloop
  endfacet
  facet normal 0 0 -1
    outer loop
      vertex 8.49749 6.79896 2.2
      vertex 9.33939 4.76642 2.2
      vertex 8.90587 4.61926 2.2
    endloop
  endfacet
  facet normal 0 0 -1
    outer loop
      vertex 10.1307 5.22326 2.2
      vertex 8.79139 6.96864 2.2
      vertex 8.91924 7.08076 2.2
    endloop
  endfacet
  facet normal 0 0 -1
    outer loop
      vertex 9.75 4.96891 2.2
      vertex 8.65 6.87417 2.2
      vertex 8.79139 6.96864 2.2
    endloop
  endfacet
  facet normal 0 0 -1
    outer loop
      vertex 9.33939 4.76642 2.2
      vertex 8.49749 6.79896 2.2
      vertex 8.65 6.87417 2.2
    endloop
  endfacet
  facet normal 0 0 -1
    outer loop
      vertex 8.33646 6.7443 2.2
      vertex 8.90587 4.61926 2.2
      vertex 8.45684 4.52994 2.2
    endloop
  endfacet
  facet normal 0 0 -1
    outer loop
      vertex 8.90587 4.61926 2.2
      vertex 8.33646 6.7443 2.2
      vertex 8.49749 6.79896 2.2
    endloop
  endfacet
  facet normal 0 0 -1
    outer loop
      vertex 8.45684 4.52994 2.2
      vertex 8.16968 6.71112 2.2
      vertex 8.33646 6.7443 2.2
    endloop
  endfacet
  facet normal 0 0 -1
    outer loop
      vertex 8 4.5 2.2
      vertex 8.16968 6.71112 2.2
      vertex 8.45684 4.52994 2.2
    endloop
  endfacet
  facet normal 0 0 -1
    outer loop
      vertex 8 4.5 2.2
      vertex 8 6.7 2.2
      vertex 8.16968 6.71112 2.2
    endloop
  endfacet
  facet normal 0 0 -1
    outer loop
      vertex 8 4.5 2.2
      vertex 7.83032 6.71112 2.2
      vertex 8 6.7 2.2
    endloop
  endfacet
  facet normal 0 0 -1
    outer loop
      vertex 7.54316 4.52994 2.2
      vertex 7.83032 6.71112 2.2
      vertex 8 4.5 2.2
    endloop
  endfacet
  facet normal -0 0 -1
    outer loop
      vertex 7.83032 6.71112 2.2
      vertex 7.54316 4.52994 2.2
      vertex 7.66354 6.7443 2.2
    endloop
  endfacet
  facet normal 0 0 -1
    outer loop
      vertex 7.09413 4.61926 2.2
      vertex 7.66354 6.7443 2.2
      vertex 7.54316 4.52994 2.2
    endloop
  endfacet
  facet normal -0 0 -1
    outer loop
      vertex 7.66354 6.7443 2.2
      vertex 7.09413 4.61926 2.2
      vertex 7.50251 6.79896 2.2
    endloop
  endfacet
  facet normal 0 0 -1
    outer loop
      vertex 6.66061 4.76642 2.2
      vertex 7.50251 6.79896 2.2
      vertex 7.09413 4.61926 2.2
    endloop
  endfacet
  facet normal -0 0 -1
    outer loop
      vertex 7.50251 6.79896 2.2
      vertex 6.66061 4.76642 2.2
      vertex 7.35 6.87417 2.2
    endloop
  endfacet
  facet normal 0 0 -1
    outer loop
      vertex 6.25 4.96891 2.2
      vertex 7.35 6.87417 2.2
      vertex 6.66061 4.76642 2.2
    endloop
  endfacet
  facet normal -0 0 -1
    outer loop
      vertex 7.35 6.87417 2.2
      vertex 6.25 4.96891 2.2
      vertex 7.20861 6.96864 2.2
    endloop
  endfacet
  facet normal 0 0 -1
    outer loop
      vertex 5.86934 5.22326 2.2
      vertex 7.20861 6.96864 2.2
      vertex 6.25 4.96891 2.2
    endloop
  endfacet
  facet normal -0 0 -1
    outer loop
      vertex 7.20861 6.96864 2.2
      vertex 5.86934 5.22326 2.2
      vertex 7.08076 7.08076 2.2
    endloop
  endfacet
  facet normal 0 0 -1
    outer loop
      vertex 5.52513 5.52513 2.2
      vertex 7.08076 7.08076 2.2
      vertex 5.86934 5.22326 2.2
    endloop
  endfacet
  facet normal -0 0 -1
    outer loop
      vertex 7.08076 7.08076 2.2
      vertex 5.52513 5.52513 2.2
      vertex 6.96864 7.20861 2.2
    endloop
  endfacet
  facet normal -0 0 -1
    outer loop
      vertex 6.96864 7.20861 2.2
      vertex 5.22326 5.86934 2.2
      vertex 6.87417 7.35 2.2
    endloop
  endfacet
  facet normal 0 0 -1
    outer loop
      vertex 5.22326 5.86934 2.2
      vertex 6.96864 7.20861 2.2
      vertex 5.52513 5.52513 2.2
    endloop
  endfacet
  facet normal 0 0 -1
    outer loop
      vertex 9.03136 8.79139 2.2
      vertex 10.7767 10.1307 2.2
      vertex 9.12583 8.65 2.2
    endloop
  endfacet
  facet normal -0 0 -1
    outer loop
      vertex 10.7767 10.1307 2.2
      vertex 9.03136 8.79139 2.2
      vertex 10.4749 10.4749 2.2
    endloop
  endfacet
  facet normal 0 0 -1
    outer loop
      vertex 8.91924 8.91924 2.2
      vertex 10.4749 10.4749 2.2
      vertex 9.03136 8.79139 2.2
    endloop
  endfacet
  facet normal -0 0 -1
    outer loop
      vertex 10.4749 10.4749 2.2
      vertex 8.91924 8.91924 2.2
      vertex 10.1307 10.7767 2.2
    endloop
  endfacet
  facet normal 0 0 -1
    outer loop
      vertex 8.79139 9.03136 2.2
      vertex 10.1307 10.7767 2.2
      vertex 8.91924 8.91924 2.2
    endloop
  endfacet
  facet normal -0 0 -1
    outer loop
      vertex 10.1307 10.7767 2.2
      vertex 8.79139 9.03136 2.2
      vertex 9.75 11.0311 2.2
    endloop
  endfacet
  facet normal 0 0 -1
    outer loop
      vertex 8.65 9.12583 2.2
      vertex 9.75 11.0311 2.2
      vertex 8.79139 9.03136 2.2
    endloop
  endfacet
  facet normal -0 0 -1
    outer loop
      vertex 9.75 11.0311 2.2
      vertex 8.65 9.12583 2.2
      vertex 9.33939 11.2336 2.2
    endloop
  endfacet
  facet normal 0 0 -1
    outer loop
      vertex 8.49749 9.20104 2.2
      vertex 9.33939 11.2336 2.2
      vertex 8.65 9.12583 2.2
    endloop
  endfacet
  facet normal -0 0 -1
    outer loop
      vertex 9.33939 11.2336 2.2
      vertex 8.49749 9.20104 2.2
      vertex 8.90587 11.3807 2.2
    endloop
  endfacet
  facet normal 0 0 -1
    outer loop
      vertex 8.33646 9.2557 2.2
      vertex 8.90587 11.3807 2.2
      vertex 8.49749 9.20104 2.2
    endloop
  endfacet
  facet normal -0 0 -1
    outer loop
      vertex 8.90587 11.3807 2.2
      vertex 8.33646 9.2557 2.2
      vertex 8.45684 11.4701 2.2
    endloop
  endfacet
  facet normal 0 0 -1
    outer loop
      vertex 8.16968 9.28888 2.2
      vertex 8.45684 11.4701 2.2
      vertex 8.33646 9.2557 2.2
    endloop
  endfacet
  facet normal 0 0 -1
    outer loop
      vertex 8 9.3 2.2
      vertex 8.45684 11.4701 2.2
      vertex 8.16968 9.28888 2.2
    endloop
  endfacet
  facet normal 0 0 -1
    outer loop
      vertex 8 9.3 2.2
      vertex 8 11.5 2.2
      vertex 8.45684 11.4701 2.2
    endloop
  endfacet
  facet normal 0 0 -1
    outer loop
      vertex 7.83032 9.28888 2.2
      vertex 8 11.5 2.2
      vertex 8 9.3 2.2
    endloop
  endfacet
  facet normal 0 0 -1
    outer loop
      vertex 7.54316 11.4701 2.2
      vertex 7.83032 9.28888 2.2
      vertex 7.66354 9.2557 2.2
    endloop
  endfacet
  facet normal 0 0 -1
    outer loop
      vertex 7.83032 9.28888 2.2
      vertex 7.54316 11.4701 2.2
      vertex 8 11.5 2.2
    endloop
  endfacet
  facet normal 0 0 -1
    outer loop
      vertex 7.09413 11.3807 2.2
      vertex 7.66354 9.2557 2.2
      vertex 7.50251 9.20104 2.2
    endloop
  endfacet
  facet normal 0 0 -1
    outer loop
      vertex 6.66061 11.2336 2.2
      vertex 7.50251 9.20104 2.2
      vertex 7.35 9.12583 2.2
    endloop
  endfacet
  facet normal 0 0 -1
    outer loop
      vertex 6.25 11.0311 2.2
      vertex 7.35 9.12583 2.2
      vertex 7.20861 9.03136 2.2
    endloop
  endfacet
  facet normal 0 0 -1
    outer loop
      vertex 7.66354 9.2557 2.2
      vertex 7.09413 11.3807 2.2
      vertex 7.54316 11.4701 2.2
    endloop
  endfacet
  facet normal 0 0 -1
    outer loop
      vertex 5.86934 10.7767 2.2
      vertex 7.20861 9.03136 2.2
      vertex 7.08076 8.91924 2.2
    endloop
  endfacet
  facet normal 0 0 -1
    outer loop
      vertex 5.52513 10.4749 2.2
      vertex 7.08076 8.91924 2.2
      vertex 6.96864 8.79139 2.2
    endloop
  endfacet
  facet normal 0 0 -1
    outer loop
      vertex 5.22326 10.1307 2.2
      vertex 6.96864 8.79139 2.2
      vertex 6.87417 8.65 2.2
    endloop
  endfacet
  facet normal 0 0 -1
    outer loop
      vertex 4.96891 9.75 2.2
      vertex 6.87417 8.65 2.2
      vertex 6.79896 8.49749 2.2
    endloop
  endfacet
  facet normal 0 0 -1
    outer loop
      vertex 4.76642 9.33939 2.2
      vertex 6.79896 8.49749 2.2
      vertex 6.7443 8.33646 2.2
    endloop
  endfacet
  facet normal 0 0 -1
    outer loop
      vertex 4.61926 8.90587 2.2
      vertex 6.7443 8.33646 2.2
      vertex 6.71112 8.16968 2.2
    endloop
  endfacet
  facet normal 0 0 -1
    outer loop
      vertex 7.50251 9.20104 2.2
      vertex 6.66061 11.2336 2.2
      vertex 7.09413 11.3807 2.2
    endloop
  endfacet
  facet normal 0 0 -1
    outer loop
      vertex 4.52994 8.45684 2.2
      vertex 6.71112 8.16968 2.2
      vertex 6.7 8 2.2
    endloop
  endfacet
  facet normal 0 0 -1
    outer loop
      vertex 4.96891 6.25 2.2
      vertex 6.87417 7.35 2.2
      vertex 5.22326 5.86934 2.2
    endloop
  endfacet
  facet normal -0 0 -1
    outer loop
      vertex 6.87417 7.35 2.2
      vertex 4.96891 6.25 2.2
      vertex 6.79896 7.50251 2.2
    endloop
  endfacet
  facet normal 0 0 -1
    outer loop
      vertex 7.35 9.12583 2.2
      vertex 6.25 11.0311 2.2
      vertex 6.66061 11.2336 2.2
    endloop
  endfacet
  facet normal 0 0 -1
    outer loop
      vertex 4.76642 6.66061 2.2
      vertex 6.79896 7.50251 2.2
      vertex 4.96891 6.25 2.2
    endloop
  endfacet
  facet normal 0 0 -1
    outer loop
      vertex 7.20861 9.03136 2.2
      vertex 5.86934 10.7767 2.2
      vertex 6.25 11.0311 2.2
    endloop
  endfacet
  facet normal -0 0 -1
    outer loop
      vertex 6.79896 7.50251 2.2
      vertex 4.76642 6.66061 2.2
      vertex 6.7443 7.66354 2.2
    endloop
  endfacet
  facet normal 0 0 -1
    outer loop
      vertex 7.08076 8.91924 2.2
      vertex 5.52513 10.4749 2.2
      vertex 5.86934 10.7767 2.2
    endloop
  endfacet
  facet normal 0 0 -1
    outer loop
      vertex 4.61926 7.09413 2.2
      vertex 6.7443 7.66354 2.2
      vertex 4.76642 6.66061 2.2
    endloop
  endfacet
  facet normal 0 0 -1
    outer loop
      vertex 6.96864 8.79139 2.2
      vertex 5.22326 10.1307 2.2
      vertex 5.52513 10.4749 2.2
    endloop
  endfacet
  facet normal -0 0 -1
    outer loop
      vertex 6.7443 7.66354 2.2
      vertex 4.61926 7.09413 2.2
      vertex 6.71112 7.83032 2.2
    endloop
  endfacet
  facet normal 0 0 -1
    outer loop
      vertex 6.87417 8.65 2.2
      vertex 4.96891 9.75 2.2
      vertex 5.22326 10.1307 2.2
    endloop
  endfacet
  facet normal 0 0 -1
    outer loop
      vertex 4.52994 7.54316 2.2
      vertex 6.71112 7.83032 2.2
      vertex 4.61926 7.09413 2.2
    endloop
  endfacet
  facet normal 0 0 -1
    outer loop
      vertex 6.79896 8.49749 2.2
      vertex 4.76642 9.33939 2.2
      vertex 4.96891 9.75 2.2
    endloop
  endfacet
  facet normal -0 0 -1
    outer loop
      vertex 6.71112 7.83032 2.2
      vertex 4.52994 7.54316 2.2
      vertex 6.7 8 2.2
    endloop
  endfacet
  facet normal 0 0 -1
    outer loop
      vertex 6.7443 8.33646 2.2
      vertex 4.61926 8.90587 2.2
      vertex 4.76642 9.33939 2.2
    endloop
  endfacet
  facet normal 0 0 -1
    outer loop
      vertex 4.5 8 2.2
      vertex 6.7 8 2.2
      vertex 4.52994 7.54316 2.2
    endloop
  endfacet
  facet normal 0 0 -1
    outer loop
      vertex 6.71112 8.16968 2.2
      vertex 4.52994 8.45684 2.2
      vertex 4.61926 8.90587 2.2
    endloop
  endfacet
  facet normal 0 0 -1
    outer loop
      vertex 6.7 8 2.2
      vertex 4.5 8 2.2
      vertex 4.52994 8.45684 2.2
    endloop
  endfacet
  facet normal -0.980784 -0.195095 0
    outer loop
      vertex 4.61926 7.09413 2.2
      vertex 4.52994 7.54316 32.4
      vertex 4.52994 7.54316 2.2
    endloop
  endfacet
  facet normal -0.980784 -0.195095 0
    outer loop
      vertex 4.52994 7.54316 32.4
      vertex 4.61926 7.09413 2.2
      vertex 4.61926 7.09413 32.4
    endloop
  endfacet
  facet normal -0.751833 -0.659353 0
    outer loop
      vertex 5.52513 5.52513 2.2
      vertex 5.22326 5.86934 32.4
      vertex 5.22326 5.86934 2.2
    endloop
  endfacet
  facet normal -0.751833 -0.659353 0
    outer loop
      vertex 5.22326 5.86934 32.4
      vertex 5.52513 5.52513 2.2
      vertex 5.52513 5.52513 32.4
    endloop
  endfacet
  facet normal -0.195095 -0.980784 0
    outer loop
      vertex 7.09413 4.61926 2.2
      vertex 7.54316 4.52994 32.4
      vertex 7.09413 4.61926 32.4
    endloop
  endfacet
  facet normal -0.195095 -0.980784 -0
    outer loop
      vertex 7.54316 4.52994 32.4
      vertex 7.09413 4.61926 2.2
      vertex 7.54316 4.52994 2.2
    endloop
  endfacet
  facet normal -0.831495 0.555532 0
    outer loop
      vertex 4.96891 9.75 2.2
      vertex 5.22326 10.1307 32.4
      vertex 5.22326 10.1307 2.2
    endloop
  endfacet
  facet normal -0.831495 0.555532 0
    outer loop
      vertex 5.22326 10.1307 32.4
      vertex 4.96891 9.75 2.2
      vertex 4.96891 9.75 32.4
    endloop
  endfacet
  facet normal -0.0653969 -0.997859 0
    outer loop
      vertex 7.54316 4.52994 2.2
      vertex 8 4.5 32.4
      vertex 7.54316 4.52994 32.4
    endloop
  endfacet
  facet normal -0.0653969 -0.997859 -0
    outer loop
      vertex 8 4.5 32.4
      vertex 7.54316 4.52994 2.2
      vertex 8 4.5 2.2
    endloop
  endfacet
  facet normal -0.980779 -0.195121 0
    outer loop
      vertex 9.28888 8.16968 2.2
      vertex 9.2557 8.33646 32.4
      vertex 9.2557 8.33646 2.2
    endloop
  endfacet
  facet normal -0.980779 -0.195121 0
    outer loop
      vertex 9.2557 8.33646 32.4
      vertex 9.28888 8.16968 2.2
      vertex 9.28888 8.16968 32.4
    endloop
  endfacet
  facet normal -0.997859 -0.0653948 0
    outer loop
      vertex 9.3 8 2.2
      vertex 9.28888 8.16968 32.4
      vertex 9.28888 8.16968 2.2
    endloop
  endfacet
  facet normal -0.997859 -0.0653948 0
    outer loop
      vertex 9.28888 8.16968 32.4
      vertex 9.3 8 2.2
      vertex 9.3 8 32.4
    endloop
  endfacet
  facet normal -0.946934 -0.321427 0
    outer loop
      vertex 9.2557 8.33646 2.2
      vertex 9.20104 8.49749 32.4
      vertex 9.20104 8.49749 2.2
    endloop
  endfacet
  facet normal -0.946934 -0.321427 0
    outer loop
      vertex 9.20104 8.49749 32.4
      vertex 9.2557 8.33646 2.2
      vertex 9.2557 8.33646 32.4
    endloop
  endfacet
  facet normal 0.195121 0.980779 -0
    outer loop
      vertex 7.83032 6.71112 2.2
      vertex 7.66354 6.7443 32.4
      vertex 7.83032 6.71112 32.4
    endloop
  endfacet
  facet normal 0.195121 0.980779 0
    outer loop
      vertex 7.66354 6.7443 32.4
      vertex 7.83032 6.71112 2.2
      vertex 7.66354 6.7443 2.2
    endloop
  endfacet
  facet normal -0.442291 -0.896872 0
    outer loop
      vertex 8.49749 9.20104 2.2
      vertex 8.65 9.12583 32.4
      vertex 8.49749 9.20104 32.4
    endloop
  endfacet
  facet normal -0.442291 -0.896872 -0
    outer loop
      vertex 8.65 9.12583 32.4
      vertex 8.49749 9.20104 2.2
      vertex 8.65 9.12583 2.2
    endloop
  endfacet
  facet normal -0.896872 -0.442291 0
    outer loop
      vertex 9.20104 8.49749 2.2
      vertex 9.12583 8.65 32.4
      vertex 9.12583 8.65 2.2
    endloop
  endfacet
  facet normal -0.896872 -0.442291 0
    outer loop
      vertex 9.12583 8.65 32.4
      vertex 9.20104 8.49749 2.2
      vertex 9.20104 8.49749 32.4
    endloop
  endfacet
  facet normal -0.83148 -0.555555 0
    outer loop
      vertex 9.12583 8.65 2.2
      vertex 9.03136 8.79139 32.4
      vertex 9.03136 8.79139 2.2
    endloop
  endfacet
  facet normal -0.83148 -0.555555 0
    outer loop
      vertex 9.03136 8.79139 32.4
      vertex 9.12583 8.65 2.2
      vertex 9.12583 8.65 32.4
    endloop
  endfacet
  facet normal -0.751844 0.659341 0
    outer loop
      vertex 8.91924 7.08076 2.2
      vertex 9.03136 7.20861 32.4
      vertex 9.03136 7.20861 2.2
    endloop
  endfacet
  facet normal -0.751844 0.659341 0
    outer loop
      vertex 9.03136 7.20861 32.4
      vertex 8.91924 7.08076 2.2
      vertex 8.91924 7.08076 32.4
    endloop
  endfacet
  facet normal 0.442291 -0.896872 0
    outer loop
      vertex 7.35 9.12583 2.2
      vertex 7.50251 9.20104 32.4
      vertex 7.35 9.12583 32.4
    endloop
  endfacet
  facet normal 0.442291 -0.896872 0
    outer loop
      vertex 7.50251 9.20104 32.4
      vertex 7.35 9.12583 2.2
      vertex 7.50251 9.20104 2.2
    endloop
  endfacet
  facet normal 0.997859 0.0653948 0
    outer loop
      vertex 6.71112 7.83032 32.4
      vertex 6.7 8 2.2
      vertex 6.7 8 32.4
    endloop
  endfacet
  facet normal 0.997859 0.0653948 0
    outer loop
      vertex 6.7 8 2.2
      vertex 6.71112 7.83032 32.4
      vertex 6.71112 7.83032 2.2
    endloop
  endfacet
  facet normal -0.896872 0.442291 0
    outer loop
      vertex 9.12583 7.35 2.2
      vertex 9.20104 7.50251 32.4
      vertex 9.20104 7.50251 2.2
    endloop
  endfacet
  facet normal -0.896872 0.442291 0
    outer loop
      vertex 9.20104 7.50251 32.4
      vertex 9.12583 7.35 2.2
      vertex 9.12583 7.35 32.4
    endloop
  endfacet
  facet normal 0.659341 -0.751844 0
    outer loop
      vertex 7.08076 8.91924 2.2
      vertex 7.20861 9.03136 32.4
      vertex 7.08076 8.91924 32.4
    endloop
  endfacet
  facet normal 0.659341 -0.751844 0
    outer loop
      vertex 7.20861 9.03136 32.4
      vertex 7.08076 8.91924 2.2
      vertex 7.20861 9.03136 2.2
    endloop
  endfacet
  facet normal -0.751844 -0.659341 0
    outer loop
      vertex 9.03136 8.79139 2.2
      vertex 8.91924 8.91924 32.4
      vertex 8.91924 8.91924 2.2
    endloop
  endfacet
  facet normal -0.751844 -0.659341 0
    outer loop
      vertex 8.91924 8.91924 32.4
      vertex 9.03136 8.79139 2.2
      vertex 9.03136 8.79139 32.4
    endloop
  endfacet
  facet normal -0.980779 0.195121 0
    outer loop
      vertex 9.2557 7.66354 2.2
      vertex 9.28888 7.83032 32.4
      vertex 9.28888 7.83032 2.2
    endloop
  endfacet
  facet normal -0.980779 0.195121 0
    outer loop
      vertex 9.28888 7.83032 32.4
      vertex 9.2557 7.66354 2.2
      vertex 9.2557 7.66354 32.4
    endloop
  endfacet
  facet normal -0.946934 0.321427 0
    outer loop
      vertex 9.20104 7.50251 2.2
      vertex 9.2557 7.66354 32.4
      vertex 9.2557 7.66354 2.2
    endloop
  endfacet
  facet normal -0.946934 0.321427 0
    outer loop
      vertex 9.2557 7.66354 32.4
      vertex 9.20104 7.50251 2.2
      vertex 9.20104 7.50251 32.4
    endloop
  endfacet
  facet normal 0.980779 0.195121 0
    outer loop
      vertex 6.7443 7.66354 32.4
      vertex 6.71112 7.83032 2.2
      vertex 6.71112 7.83032 32.4
    endloop
  endfacet
  facet normal 0.980779 0.195121 0
    outer loop
      vertex 6.71112 7.83032 2.2
      vertex 6.7443 7.66354 32.4
      vertex 6.7443 7.66354 2.2
    endloop
  endfacet
  facet normal 0.751844 0.659341 0
    outer loop
      vertex 7.08076 7.08076 32.4
      vertex 6.96864 7.20861 2.2
      vertex 6.96864 7.20861 32.4
    endloop
  endfacet
  facet normal 0.751844 0.659341 0
    outer loop
      vertex 6.96864 7.20861 2.2
      vertex 7.08076 7.08076 32.4
      vertex 7.08076 7.08076 2.2
    endloop
  endfacet
  facet normal -0.555555 -0.83148 0
    outer loop
      vertex 8.65 9.12583 2.2
      vertex 8.79139 9.03136 32.4
      vertex 8.65 9.12583 32.4
    endloop
  endfacet
  facet normal -0.555555 -0.83148 -0
    outer loop
      vertex 8.79139 9.03136 32.4
      vertex 8.65 9.12583 2.2
      vertex 8.79139 9.03136 2.2
    endloop
  endfacet
  facet normal -0.83148 0.555555 0
    outer loop
      vertex 9.03136 7.20861 2.2
      vertex 9.12583 7.35 32.4
      vertex 9.12583 7.35 2.2
    endloop
  endfacet
  facet normal -0.83148 0.555555 0
    outer loop
      vertex 9.12583 7.35 32.4
      vertex 9.03136 7.20861 2.2
      vertex 9.03136 7.20861 32.4
    endloop
  endfacet
  facet normal -0.321427 0.946934 0
    outer loop
      vertex 8.49749 6.79896 2.2
      vertex 8.33646 6.7443 32.4
      vertex 8.49749 6.79896 32.4
    endloop
  endfacet
  facet normal -0.321427 0.946934 0
    outer loop
      vertex 8.33646 6.7443 32.4
      vertex 8.49749 6.79896 2.2
      vertex 8.33646 6.7443 2.2
    endloop
  endfacet
  facet normal -0.195121 0.980779 0
    outer loop
      vertex 8.33646 6.7443 2.2
      vertex 8.16968 6.71112 32.4
      vertex 8.33646 6.7443 32.4
    endloop
  endfacet
  facet normal -0.195121 0.980779 0
    outer loop
      vertex 8.16968 6.71112 32.4
      vertex 8.33646 6.7443 2.2
      vertex 8.16968 6.71112 2.2
    endloop
  endfacet
  facet normal 0.0653948 0.997859 -0
    outer loop
      vertex 8 6.7 2.2
      vertex 7.83032 6.71112 32.4
      vertex 8 6.7 32.4
    endloop
  endfacet
  facet normal 0.0653948 0.997859 0
    outer loop
      vertex 7.83032 6.71112 32.4
      vertex 8 6.7 2.2
      vertex 7.83032 6.71112 2.2
    endloop
  endfacet
  facet normal 0.659341 0.751844 -0
    outer loop
      vertex 7.20861 6.96864 2.2
      vertex 7.08076 7.08076 32.4
      vertex 7.20861 6.96864 32.4
    endloop
  endfacet
  facet normal 0.659341 0.751844 0
    outer loop
      vertex 7.08076 7.08076 32.4
      vertex 7.20861 6.96864 2.2
      vertex 7.08076 7.08076 2.2
    endloop
  endfacet
  facet normal -0.659341 -0.751844 0
    outer loop
      vertex 8.79139 9.03136 2.2
      vertex 8.91924 8.91924 32.4
      vertex 8.79139 9.03136 32.4
    endloop
  endfacet
  facet normal -0.659341 -0.751844 -0
    outer loop
      vertex 8.91924 8.91924 32.4
      vertex 8.79139 9.03136 2.2
      vertex 8.91924 8.91924 2.2
    endloop
  endfacet
  facet normal 0.980779 -0.195121 0
    outer loop
      vertex 6.71112 8.16968 32.4
      vertex 6.7443 8.33646 2.2
      vertex 6.7443 8.33646 32.4
    endloop
  endfacet
  facet normal 0.980779 -0.195121 0
    outer loop
      vertex 6.7443 8.33646 2.2
      vertex 6.71112 8.16968 32.4
      vertex 6.71112 8.16968 2.2
    endloop
  endfacet
  facet normal 0.321427 -0.946934 0
    outer loop
      vertex 7.50251 9.20104 2.2
      vertex 7.66354 9.2557 32.4
      vertex 7.50251 9.20104 32.4
    endloop
  endfacet
  facet normal 0.321427 -0.946934 0
    outer loop
      vertex 7.66354 9.2557 32.4
      vertex 7.50251 9.20104 2.2
      vertex 7.66354 9.2557 2.2
    endloop
  endfacet
  facet normal -0.659341 0.751844 0
    outer loop
      vertex 8.91924 7.08076 2.2
      vertex 8.79139 6.96864 32.4
      vertex 8.91924 7.08076 32.4
    endloop
  endfacet
  facet normal -0.659341 0.751844 0
    outer loop
      vertex 8.79139 6.96864 32.4
      vertex 8.91924 7.08076 2.2
      vertex 8.79139 6.96864 2.2
    endloop
  endfacet
  facet normal 0.946934 0.321427 0
    outer loop
      vertex 6.79896 7.50251 32.4
      vertex 6.7443 7.66354 2.2
      vertex 6.7443 7.66354 32.4
    endloop
  endfacet
  facet normal 0.946934 0.321427 0
    outer loop
      vertex 6.7443 7.66354 2.2
      vertex 6.79896 7.50251 32.4
      vertex 6.79896 7.50251 2.2
    endloop
  endfacet
  facet normal -0.0653948 0.997859 0
    outer loop
      vertex 8.16968 6.71112 2.2
      vertex 8 6.7 32.4
      vertex 8.16968 6.71112 32.4
    endloop
  endfacet
  facet normal -0.0653948 0.997859 0
    outer loop
      vertex 8 6.7 32.4
      vertex 8.16968 6.71112 2.2
      vertex 8 6.7 2.2
    endloop
  endfacet
  facet normal 0.751844 -0.659341 0
    outer loop
      vertex 6.96864 8.79139 32.4
      vertex 7.08076 8.91924 2.2
      vertex 7.08076 8.91924 32.4
    endloop
  endfacet
  facet normal 0.751844 -0.659341 0
    outer loop
      vertex 7.08076 8.91924 2.2
      vertex 6.96864 8.79139 32.4
      vertex 6.96864 8.79139 2.2
    endloop
  endfacet
  facet normal 0.83148 -0.555555 0
    outer loop
      vertex 6.87417 8.65 32.4
      vertex 6.96864 8.79139 2.2
      vertex 6.96864 8.79139 32.4
    endloop
  endfacet
  facet normal 0.83148 -0.555555 0
    outer loop
      vertex 6.96864 8.79139 2.2
      vertex 6.87417 8.65 32.4
      vertex 6.87417 8.65 2.2
    endloop
  endfacet
  facet normal 0.946934 -0.321427 0
    outer loop
      vertex 6.7443 8.33646 32.4
      vertex 6.79896 8.49749 2.2
      vertex 6.79896 8.49749 32.4
    endloop
  endfacet
  facet normal 0.946934 -0.321427 0
    outer loop
      vertex 6.79896 8.49749 2.2
      vertex 6.7443 8.33646 32.4
      vertex 6.7443 8.33646 2.2
    endloop
  endfacet
  facet normal -0.321427 -0.946934 0
    outer loop
      vertex 8.33646 9.2557 2.2
      vertex 8.49749 9.20104 32.4
      vertex 8.33646 9.2557 32.4
    endloop
  endfacet
  facet normal -0.321427 -0.946934 -0
    outer loop
      vertex 8.49749 9.20104 32.4
      vertex 8.33646 9.2557 2.2
      vertex 8.49749 9.20104 2.2
    endloop
  endfacet
  facet normal 0.997859 -0.0653948 0
    outer loop
      vertex 6.7 8 32.4
      vertex 6.71112 8.16968 2.2
      vertex 6.71112 8.16968 32.4
    endloop
  endfacet
  facet normal 0.997859 -0.0653948 0
    outer loop
      vertex 6.71112 8.16968 2.2
      vertex 6.7 8 32.4
      vertex 6.7 8 2.2
    endloop
  endfacet
  facet normal 0.896872 0.442291 0
    outer loop
      vertex 6.87417 7.35 32.4
      vertex 6.79896 7.50251 2.2
      vertex 6.79896 7.50251 32.4
    endloop
  endfacet
  facet normal 0.896872 0.442291 0
    outer loop
      vertex 6.79896 7.50251 2.2
      vertex 6.87417 7.35 32.4
      vertex 6.87417 7.35 2.2
    endloop
  endfacet
  facet normal 0.83148 0.555555 0
    outer loop
      vertex 6.96864 7.20861 32.4
      vertex 6.87417 7.35 2.2
      vertex 6.87417 7.35 32.4
    endloop
  endfacet
  facet normal 0.83148 0.555555 0
    outer loop
      vertex 6.87417 7.35 2.2
      vertex 6.96864 7.20861 32.4
      vertex 6.96864 7.20861 2.2
    endloop
  endfacet
  facet normal -0.997859 0.0653948 0
    outer loop
      vertex 9.28888 7.83032 2.2
      vertex 9.3 8 32.4
      vertex 9.3 8 2.2
    endloop
  endfacet
  facet normal -0.997859 0.0653948 0
    outer loop
      vertex 9.3 8 32.4
      vertex 9.28888 7.83032 2.2
      vertex 9.28888 7.83032 32.4
    endloop
  endfacet
  facet normal 0.0653948 -0.997859 0
    outer loop
      vertex 7.83032 9.28888 2.2
      vertex 8 9.3 32.4
      vertex 7.83032 9.28888 32.4
    endloop
  endfacet
  facet normal 0.0653948 -0.997859 0
    outer loop
      vertex 8 9.3 32.4
      vertex 7.83032 9.28888 2.2
      vertex 8 9.3 2.2
    endloop
  endfacet
  facet normal -0.555555 0.83148 0
    outer loop
      vertex 8.79139 6.96864 2.2
      vertex 8.65 6.87417 32.4
      vertex 8.79139 6.96864 32.4
    endloop
  endfacet
  facet normal -0.555555 0.83148 0
    outer loop
      vertex 8.65 6.87417 32.4
      vertex 8.79139 6.96864 2.2
      vertex 8.65 6.87417 2.2
    endloop
  endfacet
  facet normal 0.195121 -0.980779 0
    outer loop
      vertex 7.66354 9.2557 2.2
      vertex 7.83032 9.28888 32.4
      vertex 7.66354 9.2557 32.4
    endloop
  endfacet
  facet normal 0.195121 -0.980779 0
    outer loop
      vertex 7.83032 9.28888 32.4
      vertex 7.66354 9.2557 2.2
      vertex 7.83032 9.28888 2.2
    endloop
  endfacet
  facet normal 0.896872 -0.442291 0
    outer loop
      vertex 6.79896 8.49749 32.4
      vertex 6.87417 8.65 2.2
      vertex 6.87417 8.65 32.4
    endloop
  endfacet
  facet normal 0.896872 -0.442291 0
    outer loop
      vertex 6.87417 8.65 2.2
      vertex 6.79896 8.49749 32.4
      vertex 6.79896 8.49749 2.2
    endloop
  endfacet
  facet normal 0.555555 -0.83148 0
    outer loop
      vertex 7.20861 9.03136 2.2
      vertex 7.35 9.12583 32.4
      vertex 7.20861 9.03136 32.4
    endloop
  endfacet
  facet normal 0.555555 -0.83148 0
    outer loop
      vertex 7.35 9.12583 32.4
      vertex 7.20861 9.03136 2.2
      vertex 7.35 9.12583 2.2
    endloop
  endfacet
  facet normal 0.321427 0.946934 -0
    outer loop
      vertex 7.66354 6.7443 2.2
      vertex 7.50251 6.79896 32.4
      vertex 7.66354 6.7443 32.4
    endloop
  endfacet
  facet normal 0.321427 0.946934 0
    outer loop
      vertex 7.50251 6.79896 32.4
      vertex 7.66354 6.7443 2.2
      vertex 7.50251 6.79896 2.2
    endloop
  endfacet
  facet normal -0.0653948 -0.997859 0
    outer loop
      vertex 8 9.3 2.2
      vertex 8.16968 9.28888 32.4
      vertex 8 9.3 32.4
    endloop
  endfacet
  facet normal -0.0653948 -0.997859 -0
    outer loop
      vertex 8.16968 9.28888 32.4
      vertex 8 9.3 2.2
      vertex 8.16968 9.28888 2.2
    endloop
  endfacet
  facet normal -0.195121 -0.980779 0
    outer loop
      vertex 8.16968 9.28888 2.2
      vertex 8.33646 9.2557 32.4
      vertex 8.16968 9.28888 32.4
    endloop
  endfacet
  facet normal -0.195121 -0.980779 -0
    outer loop
      vertex 8.33646 9.2557 32.4
      vertex 8.16968 9.28888 2.2
      vertex 8.33646 9.2557 2.2
    endloop
  endfacet
  facet normal -0.442291 0.896872 0
    outer loop
      vertex 8.65 6.87417 2.2
      vertex 8.49749 6.79896 32.4
      vertex 8.65 6.87417 32.4
    endloop
  endfacet
  facet normal -0.442291 0.896872 0
    outer loop
      vertex 8.49749 6.79896 32.4
      vertex 8.65 6.87417 2.2
      vertex 8.49749 6.79896 2.2
    endloop
  endfacet
  facet normal 0.442291 0.896872 -0
    outer loop
      vertex 7.50251 6.79896 2.2
      vertex 7.35 6.87417 32.4
      vertex 7.50251 6.79896 32.4
    endloop
  endfacet
  facet normal 0.442291 0.896872 0
    outer loop
      vertex 7.35 6.87417 32.4
      vertex 7.50251 6.79896 2.2
      vertex 7.35 6.87417 2.2
    endloop
  endfacet
  facet normal 0.555555 0.83148 -0
    outer loop
      vertex 7.35 6.87417 2.2
      vertex 7.20861 6.96864 32.4
      vertex 7.35 6.87417 32.4
    endloop
  endfacet
  facet normal 0.555555 0.83148 0
    outer loop
      vertex 7.20861 6.96864 32.4
      vertex 7.35 6.87417 2.2
      vertex 7.20861 6.96864 2.2
    endloop
  endfacet
  facet normal 0.980757 0.195234 0
    outer loop
      vertex 11.4701 33.1568 32.4
      vertex 11.3807 33.6059 2.2
      vertex 11.3807 33.6059 32.4
    endloop
  endfacet
  facet normal 0.980757 0.195234 0
    outer loop
      vertex 11.3807 33.6059 2.2
      vertex 11.4701 33.1568 32.4
      vertex 11.4701 33.1568 2.2
    endloop
  endfacet
  facet normal 0.997865 0.0653156 0
    outer loop
      vertex 11.5 32.7 32.4
      vertex 11.4701 33.1568 2.2
      vertex 11.4701 33.1568 32.4
    endloop
  endfacet
  facet normal 0.997865 0.0653156 0
    outer loop
      vertex 11.4701 33.1568 2.2
      vertex 11.5 32.7 32.4
      vertex 11.5 32.7 2.2
    endloop
  endfacet
  facet normal 0.321322 -0.94697 0
    outer loop
      vertex 8.90587 29.3193 2.2
      vertex 9.33939 29.4664 32.4
      vertex 8.90587 29.3193 32.4
    endloop
  endfacet
  facet normal 0.321322 -0.94697 0
    outer loop
      vertex 9.33939 29.4664 32.4
      vertex 8.90587 29.3193 2.2
      vertex 9.33939 29.4664 2.2
    endloop
  endfacet
  facet normal 0.831445 0.555607 0
    outer loop
      vertex 11.0311 34.45 32.4
      vertex 10.7767 34.8307 2.2
      vertex 10.7767 34.8307 32.4
    endloop
  endfacet
  facet normal 0.831445 0.555607 0
    outer loop
      vertex 10.7767 34.8307 2.2
      vertex 11.0311 34.45 32.4
      vertex 11.0311 34.45 2.2
    endloop
  endfacet
  facet normal -0.896869 0.442297 0
    outer loop
      vertex 4.76642 34.0394 2.2
      vertex 4.96891 34.45 32.4
      vertex 4.96891 34.45 2.2
    endloop
  endfacet
  facet normal -0.896869 0.442297 0
    outer loop
      vertex 4.96891 34.45 32.4
      vertex 4.76642 34.0394 2.2
      vertex 4.76642 34.0394 32.4
    endloop
  endfacet
  facet normal -0.555647 0.831418 0
    outer loop
      vertex 6.25 35.7311 2.2
      vertex 5.86934 35.4767 32.4
      vertex 6.25 35.7311 32.4
    endloop
  endfacet
  facet normal -0.555647 0.831418 0
    outer loop
      vertex 5.86934 35.4767 32.4
      vertex 6.25 35.7311 2.2
      vertex 5.86934 35.4767 2.2
    endloop
  endfacet
  facet normal -0.659267 0.751909 0
    outer loop
      vertex 5.86934 35.4767 2.2
      vertex 5.52513 35.1749 32.4
      vertex 5.86934 35.4767 32.4
    endloop
  endfacet
  facet normal -0.659267 0.751909 0
    outer loop
      vertex 5.52513 35.1749 32.4
      vertex 5.86934 35.4767 2.2
      vertex 5.52513 35.1749 2.2
    endloop
  endfacet
  facet normal -0.751824 0.659364 0
    outer loop
      vertex 5.22326 34.8307 2.2
      vertex 5.52513 35.1749 32.4
      vertex 5.52513 35.1749 2.2
    endloop
  endfacet
  facet normal -0.751824 0.659364 0
    outer loop
      vertex 5.52513 35.1749 32.4
      vertex 5.22326 34.8307 2.2
      vertex 5.22326 34.8307 32.4
    endloop
  endfacet
  facet normal 0.946966 -0.321335 0
    outer loop
      vertex 11.2336 31.3606 32.4
      vertex 11.3807 31.7941 2.2
      vertex 11.3807 31.7941 32.4
    endloop
  endfacet
  facet normal 0.946966 -0.321335 0
    outer loop
      vertex 11.3807 31.7941 2.2
      vertex 11.2336 31.3606 32.4
      vertex 11.2336 31.3606 2.2
    endloop
  endfacet
  facet normal -0.997859 0.0654026 0
    outer loop
      vertex 4.5 32.7 2.2
      vertex 4.52994 33.1568 32.4
      vertex 4.52994 33.1568 2.2
    endloop
  endfacet
  facet normal -0.997859 0.0654026 0
    outer loop
      vertex 4.52994 33.1568 32.4
      vertex 4.5 32.7 2.2
      vertex 4.5 32.7 32.4
    endloop
  endfacet
  facet normal 0.555607 0.831445 -0
    outer loop
      vertex 10.1307 35.4767 2.2
      vertex 9.75 35.7311 32.4
      vertex 10.1307 35.4767 32.4
    endloop
  endfacet
  facet normal 0.555607 0.831445 0
    outer loop
      vertex 9.75 35.7311 32.4
      vertex 10.1307 35.4767 2.2
      vertex 9.75 35.7311 2.2
    endloop
  endfacet
  facet normal -0.321322 -0.94697 0
    outer loop
      vertex 6.66061 29.4664 2.2
      vertex 7.09413 29.3193 32.4
      vertex 6.66061 29.4664 32.4
    endloop
  endfacet
  facet normal -0.321322 -0.94697 -0
    outer loop
      vertex 7.09413 29.3193 32.4
      vertex 6.66061 29.4664 2.2
      vertex 7.09413 29.3193 2.2
    endloop
  endfacet
  facet normal 0.195263 -0.980751 0
    outer loop
      vertex 8.45684 29.2299 2.2
      vertex 8.90587 29.3193 32.4
      vertex 8.45684 29.2299 32.4
    endloop
  endfacet
  facet normal 0.195263 -0.980751 0
    outer loop
      vertex 8.90587 29.3193 32.4
      vertex 8.45684 29.2299 2.2
      vertex 8.90587 29.3193 2.2
    endloop
  endfacet
  facet normal -0.321322 0.94697 0
    outer loop
      vertex 7.09413 36.0807 2.2
      vertex 6.66061 35.9336 32.4
      vertex 7.09413 36.0807 32.4
    endloop
  endfacet
  facet normal -0.321322 0.94697 0
    outer loop
      vertex 6.66061 35.9336 32.4
      vertex 7.09413 36.0807 2.2
      vertex 6.66061 35.9336 2.2
    endloop
  endfacet
  facet normal -0.831495 -0.555532 0
    outer loop
      vertex 5.22326 30.5693 2.2
      vertex 4.96891 30.95 32.4
      vertex 4.96891 30.95 2.2
    endloop
  endfacet
  facet normal -0.831495 -0.555532 0
    outer loop
      vertex 4.96891 30.95 32.4
      vertex 5.22326 30.5693 2.2
      vertex 5.22326 30.5693 32.4
    endloop
  endfacet
  facet normal 0.555607 -0.831445 0
    outer loop
      vertex 9.75 29.6689 2.2
      vertex 10.1307 29.9233 32.4
      vertex 9.75 29.6689 32.4
    endloop
  endfacet
  facet normal 0.555607 -0.831445 0
    outer loop
      vertex 10.1307 29.9233 32.4
      vertex 9.75 29.6689 2.2
      vertex 10.1307 29.9233 2.2
    endloop
  endfacet
  facet normal -0.946926 0.321452 0
    outer loop
      vertex 4.61926 33.6059 2.2
      vertex 4.76642 34.0394 32.4
      vertex 4.76642 34.0394 2.2
    endloop
  endfacet
  facet normal -0.946926 0.321452 0
    outer loop
      vertex 4.76642 34.0394 32.4
      vertex 4.61926 33.6059 2.2
      vertex 4.61926 33.6059 32.4
    endloop
  endfacet
  facet normal 0.321322 0.94697 -0
    outer loop
      vertex 9.33939 35.9336 2.2
      vertex 8.90587 36.0807 32.4
      vertex 9.33939 35.9336 32.4
    endloop
  endfacet
  facet normal 0.321322 0.94697 0
    outer loop
      vertex 8.90587 36.0807 32.4
      vertex 9.33939 35.9336 2.2
      vertex 8.90587 36.0807 2.2
    endloop
  endfacet
  facet normal 0.0653099 0.997865 -0
    outer loop
      vertex 8.45684 36.1701 2.2
      vertex 8 36.2 32.4
      vertex 8.45684 36.1701 32.4
    endloop
  endfacet
  facet normal 0.0653099 0.997865 0
    outer loop
      vertex 8 36.2 32.4
      vertex 8.45684 36.1701 2.2
      vertex 8 36.2 2.2
    endloop
  endfacet
  facet normal -0.442305 0.896864 0
    outer loop
      vertex 6.66061 35.9336 2.2
      vertex 6.25 35.7311 32.4
      vertex 6.66061 35.9336 32.4
    endloop
  endfacet
  facet normal -0.442305 0.896864 0
    outer loop
      vertex 6.25 35.7311 32.4
      vertex 6.66061 35.9336 2.2
      vertex 6.25 35.7311 2.2
    endloop
  endfacet
  facet normal 0.831445 -0.555607 0
    outer loop
      vertex 10.7767 30.5693 32.4
      vertex 11.0311 30.95 2.2
      vertex 11.0311 30.95 32.4
    endloop
  endfacet
  facet normal 0.831445 -0.555607 0
    outer loop
      vertex 11.0311 30.95 2.2
      vertex 10.7767 30.5693 32.4
      vertex 10.7767 30.5693 2.2
    endloop
  endfacet
  facet normal -0.997859 -0.0654026 0
    outer loop
      vertex 4.52994 32.2432 2.2
      vertex 4.5 32.7 32.4
      vertex 4.5 32.7 2.2
    endloop
  endfacet
  facet normal -0.997859 -0.0654026 0
    outer loop
      vertex 4.5 32.7 32.4
      vertex 4.52994 32.2432 2.2
      vertex 4.52994 32.2432 32.4
    endloop
  endfacet
  facet normal -0.946926 -0.321452 0
    outer loop
      vertex 4.76642 31.3606 2.2
      vertex 4.61926 31.7941 32.4
      vertex 4.61926 31.7941 2.2
    endloop
  endfacet
  facet normal -0.946926 -0.321452 0
    outer loop
      vertex 4.61926 31.7941 32.4
      vertex 4.76642 31.3606 2.2
      vertex 4.76642 31.3606 32.4
    endloop
  endfacet
  facet normal -0.659267 -0.751909 0
    outer loop
      vertex 5.52513 30.2251 2.2
      vertex 5.86934 29.9233 32.4
      vertex 5.52513 30.2251 32.4
    endloop
  endfacet
  facet normal -0.659267 -0.751909 -0
    outer loop
      vertex 5.86934 29.9233 32.4
      vertex 5.52513 30.2251 2.2
      vertex 5.86934 29.9233 2.2
    endloop
  endfacet
  facet normal 0.442305 0.896864 -0
    outer loop
      vertex 9.75 35.7311 2.2
      vertex 9.33939 35.9336 32.4
      vertex 9.75 35.7311 32.4
    endloop
  endfacet
  facet normal 0.442305 0.896864 0
    outer loop
      vertex 9.33939 35.9336 32.4
      vertex 9.75 35.7311 2.2
      vertex 9.33939 35.9336 2.2
    endloop
  endfacet
  facet normal -0.195263 0.980751 0
    outer loop
      vertex 7.54316 36.1701 2.2
      vertex 7.09413 36.0807 32.4
      vertex 7.54316 36.1701 32.4
    endloop
  endfacet
  facet normal -0.195263 0.980751 0
    outer loop
      vertex 7.09413 36.0807 32.4
      vertex 7.54316 36.1701 2.2
      vertex 7.09413 36.0807 2.2
    endloop
  endfacet
  facet normal 0.7519 0.659278 0
    outer loop
      vertex 10.7767 34.8307 32.4
      vertex 10.4749 35.1749 2.2
      vertex 10.4749 35.1749 32.4
    endloop
  endfacet
  facet normal 0.7519 0.659278 0
    outer loop
      vertex 10.4749 35.1749 2.2
      vertex 10.7767 34.8307 32.4
      vertex 10.7767 34.8307 2.2
    endloop
  endfacet
  facet normal 0.195263 0.980751 -0
    outer loop
      vertex 8.90587 36.0807 2.2
      vertex 8.45684 36.1701 32.4
      vertex 8.90587 36.0807 32.4
    endloop
  endfacet
  facet normal 0.195263 0.980751 0
    outer loop
      vertex 8.45684 36.1701 32.4
      vertex 8.90587 36.0807 2.2
      vertex 8.45684 36.1701 2.2
    endloop
  endfacet
  facet normal 0.7519 -0.659278 0
    outer loop
      vertex 10.4749 30.2251 32.4
      vertex 10.7767 30.5693 2.2
      vertex 10.7767 30.5693 32.4
    endloop
  endfacet
  facet normal 0.7519 -0.659278 0
    outer loop
      vertex 10.7767 30.5693 2.2
      vertex 10.4749 30.2251 32.4
      vertex 10.4749 30.2251 2.2
    endloop
  endfacet
  facet normal -0.442305 -0.896864 0
    outer loop
      vertex 6.25 29.6689 2.2
      vertex 6.66061 29.4664 32.4
      vertex 6.25 29.6689 32.4
    endloop
  endfacet
  facet normal -0.442305 -0.896864 -0
    outer loop
      vertex 6.66061 29.4664 32.4
      vertex 6.25 29.6689 2.2
      vertex 6.66061 29.4664 2.2
    endloop
  endfacet
  facet normal -0.0653099 0.997865 0
    outer loop
      vertex 8 36.2 2.2
      vertex 7.54316 36.1701 32.4
      vertex 8 36.2 32.4
    endloop
  endfacet
  facet normal -0.0653099 0.997865 0
    outer loop
      vertex 7.54316 36.1701 32.4
      vertex 8 36.2 2.2
      vertex 7.54316 36.1701 2.2
    endloop
  endfacet
  facet normal -0.98079 0.195066 0
    outer loop
      vertex 4.52994 33.1568 2.2
      vertex 4.61926 33.6059 32.4
      vertex 4.61926 33.6059 2.2
    endloop
  endfacet
  facet normal -0.98079 0.195066 0
    outer loop
      vertex 4.61926 33.6059 32.4
      vertex 4.52994 33.1568 2.2
      vertex 4.52994 33.1568 32.4
    endloop
  endfacet
  facet normal 0.0653099 -0.997865 0
    outer loop
      vertex 8 29.2 2.2
      vertex 8.45684 29.2299 32.4
      vertex 8 29.2 32.4
    endloop
  endfacet
  facet normal 0.0653099 -0.997865 0
    outer loop
      vertex 8.45684 29.2299 32.4
      vertex 8 29.2 2.2
      vertex 8.45684 29.2299 2.2
    endloop
  endfacet
  facet normal 0.442305 -0.896864 0
    outer loop
      vertex 9.33939 29.4664 2.2
      vertex 9.75 29.6689 32.4
      vertex 9.33939 29.4664 32.4
    endloop
  endfacet
  facet normal 0.442305 -0.896864 0
    outer loop
      vertex 9.75 29.6689 32.4
      vertex 9.33939 29.4664 2.2
      vertex 9.75 29.6689 2.2
    endloop
  endfacet
  facet normal 0.659278 -0.7519 0
    outer loop
      vertex 10.1307 29.9233 2.2
      vertex 10.4749 30.2251 32.4
      vertex 10.1307 29.9233 32.4
    endloop
  endfacet
  facet normal 0.659278 -0.7519 0
    outer loop
      vertex 10.4749 30.2251 32.4
      vertex 10.1307 29.9233 2.2
      vertex 10.4749 30.2251 2.2
    endloop
  endfacet
  facet normal -0.896869 -0.442297 0
    outer loop
      vertex 4.96891 30.95 2.2
      vertex 4.76642 31.3606 32.4
      vertex 4.76642 31.3606 2.2
    endloop
  endfacet
  facet normal -0.896869 -0.442297 0
    outer loop
      vertex 4.76642 31.3606 32.4
      vertex 4.96891 30.95 2.2
      vertex 4.96891 30.95 32.4
    endloop
  endfacet
  facet normal 0.89686 -0.442314 0
    outer loop
      vertex 11.0311 30.95 32.4
      vertex 11.2336 31.3606 2.2
      vertex 11.2336 31.3606 32.4
    endloop
  endfacet
  facet normal 0.89686 -0.442314 0
    outer loop
      vertex 11.2336 31.3606 2.2
      vertex 11.0311 30.95 32.4
      vertex 11.0311 30.95 2.2
    endloop
  endfacet
  facet normal 0.659278 0.7519 -0
    outer loop
      vertex 10.4749 35.1749 2.2
      vertex 10.1307 35.4767 32.4
      vertex 10.4749 35.1749 32.4
    endloop
  endfacet
  facet normal 0.659278 0.7519 0
    outer loop
      vertex 10.1307 35.4767 32.4
      vertex 10.4749 35.1749 2.2
      vertex 10.1307 35.4767 2.2
    endloop
  endfacet
  facet normal 0.997865 -0.0653156 0
    outer loop
      vertex 11.4701 32.2432 32.4
      vertex 11.5 32.7 2.2
      vertex 11.5 32.7 32.4
    endloop
  endfacet
  facet normal 0.997865 -0.0653156 0
    outer loop
      vertex 11.5 32.7 2.2
      vertex 11.4701 32.2432 32.4
      vertex 11.4701 32.2432 2.2
    endloop
  endfacet
  facet normal -0.555647 -0.831418 0
    outer loop
      vertex 5.86934 29.9233 2.2
      vertex 6.25 29.6689 32.4
      vertex 5.86934 29.9233 32.4
    endloop
  endfacet
  facet normal -0.555647 -0.831418 -0
    outer loop
      vertex 6.25 29.6689 32.4
      vertex 5.86934 29.9233 2.2
      vertex 6.25 29.6689 2.2
    endloop
  endfacet
  facet normal 0.89686 0.442314 0
    outer loop
      vertex 11.2336 34.0394 32.4
      vertex 11.0311 34.45 2.2
      vertex 11.0311 34.45 32.4
    endloop
  endfacet
  facet normal 0.89686 0.442314 0
    outer loop
      vertex 11.0311 34.45 2.2
      vertex 11.2336 34.0394 32.4
      vertex 11.2336 34.0394 2.2
    endloop
  endfacet
  facet normal 0.980757 -0.195234 0
    outer loop
      vertex 11.3807 31.7941 32.4
      vertex 11.4701 32.2432 2.2
      vertex 11.4701 32.2432 32.4
    endloop
  endfacet
  facet normal 0.980757 -0.195234 0
    outer loop
      vertex 11.4701 32.2432 2.2
      vertex 11.3807 31.7941 32.4
      vertex 11.3807 31.7941 2.2
    endloop
  endfacet
  facet normal 0.946966 0.321335 0
    outer loop
      vertex 11.3807 33.6059 32.4
      vertex 11.2336 34.0394 2.2
      vertex 11.2336 34.0394 32.4
    endloop
  endfacet
  facet normal 0.946966 0.321335 0
    outer loop
      vertex 11.2336 34.0394 2.2
      vertex 11.3807 33.6059 32.4
      vertex 11.3807 33.6059 2.2
    endloop
  endfacet
  facet normal 0 0 -1
    outer loop
      vertex 9.3 32.7 2.2
      vertex 11.5 32.7 2.2
      vertex 11.4701 32.2432 2.2
    endloop
  endfacet
  facet normal 0 0 -1
    outer loop
      vertex 9.28888 32.5303 2.2
      vertex 11.4701 32.2432 2.2
      vertex 11.3807 31.7941 2.2
    endloop
  endfacet
  facet normal 0 0 -1
    outer loop
      vertex 11.5 32.7 2.2
      vertex 9.3 32.7 2.2
      vertex 11.4701 33.1568 2.2
    endloop
  endfacet
  facet normal 0 0 -1
    outer loop
      vertex 9.2557 32.3635 2.2
      vertex 11.3807 31.7941 2.2
      vertex 11.2336 31.3606 2.2
    endloop
  endfacet
  facet normal 0 0 -1
    outer loop
      vertex 9.28888 32.8697 2.2
      vertex 11.4701 33.1568 2.2
      vertex 9.3 32.7 2.2
    endloop
  endfacet
  facet normal 0 0 -1
    outer loop
      vertex 9.20104 32.2025 2.2
      vertex 11.2336 31.3606 2.2
      vertex 11.0311 30.95 2.2
    endloop
  endfacet
  facet normal -0 0 -1
    outer loop
      vertex 11.4701 33.1568 2.2
      vertex 9.28888 32.8697 2.2
      vertex 11.3807 33.6059 2.2
    endloop
  endfacet
  facet normal 0 0 -1
    outer loop
      vertex 9.12583 32.05 2.2
      vertex 11.0311 30.95 2.2
      vertex 10.7767 30.5693 2.2
    endloop
  endfacet
  facet normal 0 0 -1
    outer loop
      vertex 9.2557 33.0365 2.2
      vertex 11.3807 33.6059 2.2
      vertex 9.28888 32.8697 2.2
    endloop
  endfacet
  facet normal 0 0 -1
    outer loop
      vertex 9.03136 31.9086 2.2
      vertex 10.7767 30.5693 2.2
      vertex 10.4749 30.2251 2.2
    endloop
  endfacet
  facet normal -0 0 -1
    outer loop
      vertex 11.3807 33.6059 2.2
      vertex 9.2557 33.0365 2.2
      vertex 11.2336 34.0394 2.2
    endloop
  endfacet
  facet normal 0 0 -1
    outer loop
      vertex 8.91924 31.7808 2.2
      vertex 10.4749 30.2251 2.2
      vertex 10.1307 29.9233 2.2
    endloop
  endfacet
  facet normal 0 0 -1
    outer loop
      vertex 9.20104 33.1975 2.2
      vertex 11.2336 34.0394 2.2
      vertex 9.2557 33.0365 2.2
    endloop
  endfacet
  facet normal 0 0 -1
    outer loop
      vertex 8.79139 31.6686 2.2
      vertex 10.1307 29.9233 2.2
      vertex 9.75 29.6689 2.2
    endloop
  endfacet
  facet normal -0 0 -1
    outer loop
      vertex 11.2336 34.0394 2.2
      vertex 9.20104 33.1975 2.2
      vertex 11.0311 34.45 2.2
    endloop
  endfacet
  facet normal 0 0 -1
    outer loop
      vertex 8.65 31.5742 2.2
      vertex 9.75 29.6689 2.2
      vertex 9.33939 29.4664 2.2
    endloop
  endfacet
  facet normal 0 0 -1
    outer loop
      vertex 9.12583 33.35 2.2
      vertex 11.0311 34.45 2.2
      vertex 9.20104 33.1975 2.2
    endloop
  endfacet
  facet normal -0 0 -1
    outer loop
      vertex 11.0311 34.45 2.2
      vertex 9.12583 33.35 2.2
      vertex 10.7767 34.8307 2.2
    endloop
  endfacet
  facet normal 0 0 -1
    outer loop
      vertex 11.4701 32.2432 2.2
      vertex 9.28888 32.5303 2.2
      vertex 9.3 32.7 2.2
    endloop
  endfacet
  facet normal 0 0 -1
    outer loop
      vertex 11.3807 31.7941 2.2
      vertex 9.2557 32.3635 2.2
      vertex 9.28888 32.5303 2.2
    endloop
  endfacet
  facet normal 0 0 -1
    outer loop
      vertex 11.2336 31.3606 2.2
      vertex 9.20104 32.2025 2.2
      vertex 9.2557 32.3635 2.2
    endloop
  endfacet
  facet normal 0 0 -1
    outer loop
      vertex 11.0311 30.95 2.2
      vertex 9.12583 32.05 2.2
      vertex 9.20104 32.2025 2.2
    endloop
  endfacet
  facet normal 0 0 -1
    outer loop
      vertex 10.7767 30.5693 2.2
      vertex 9.03136 31.9086 2.2
      vertex 9.12583 32.05 2.2
    endloop
  endfacet
  facet normal 0 0 -1
    outer loop
      vertex 10.4749 30.2251 2.2
      vertex 8.91924 31.7808 2.2
      vertex 9.03136 31.9086 2.2
    endloop
  endfacet
  facet normal 0 0 -1
    outer loop
      vertex 8.49749 31.499 2.2
      vertex 9.33939 29.4664 2.2
      vertex 8.90587 29.3193 2.2
    endloop
  endfacet
  facet normal 0 0 -1
    outer loop
      vertex 10.1307 29.9233 2.2
      vertex 8.79139 31.6686 2.2
      vertex 8.91924 31.7808 2.2
    endloop
  endfacet
  facet normal 0 0 -1
    outer loop
      vertex 9.75 29.6689 2.2
      vertex 8.65 31.5742 2.2
      vertex 8.79139 31.6686 2.2
    endloop
  endfacet
  facet normal 0 0 -1
    outer loop
      vertex 9.33939 29.4664 2.2
      vertex 8.49749 31.499 2.2
      vertex 8.65 31.5742 2.2
    endloop
  endfacet
  facet normal 0 0 -1
    outer loop
      vertex 8.33646 31.4443 2.2
      vertex 8.90587 29.3193 2.2
      vertex 8.45684 29.2299 2.2
    endloop
  endfacet
  facet normal 0 0 -1
    outer loop
      vertex 8.90587 29.3193 2.2
      vertex 8.33646 31.4443 2.2
      vertex 8.49749 31.499 2.2
    endloop
  endfacet
  facet normal 0 0 -1
    outer loop
      vertex 8.45684 29.2299 2.2
      vertex 8.16968 31.4111 2.2
      vertex 8.33646 31.4443 2.2
    endloop
  endfacet
  facet normal 0 0 -1
    outer loop
      vertex 8 29.2 2.2
      vertex 8.16968 31.4111 2.2
      vertex 8.45684 29.2299 2.2
    endloop
  endfacet
  facet normal 0 0 -1
    outer loop
      vertex 8 29.2 2.2
      vertex 8 31.4 2.2
      vertex 8.16968 31.4111 2.2
    endloop
  endfacet
  facet normal 0 0 -1
    outer loop
      vertex 8 29.2 2.2
      vertex 7.83032 31.4111 2.2
      vertex 8 31.4 2.2
    endloop
  endfacet
  facet normal 0 0 -1
    outer loop
      vertex 7.54316 29.2299 2.2
      vertex 7.83032 31.4111 2.2
      vertex 8 29.2 2.2
    endloop
  endfacet
  facet normal -0 0 -1
    outer loop
      vertex 7.83032 31.4111 2.2
      vertex 7.54316 29.2299 2.2
      vertex 7.66354 31.4443 2.2
    endloop
  endfacet
  facet normal 0 0 -1
    outer loop
      vertex 7.09413 29.3193 2.2
      vertex 7.66354 31.4443 2.2
      vertex 7.54316 29.2299 2.2
    endloop
  endfacet
  facet normal -0 0 -1
    outer loop
      vertex 7.66354 31.4443 2.2
      vertex 7.09413 29.3193 2.2
      vertex 7.50251 31.499 2.2
    endloop
  endfacet
  facet normal 0 0 -1
    outer loop
      vertex 6.66061 29.4664 2.2
      vertex 7.50251 31.499 2.2
      vertex 7.09413 29.3193 2.2
    endloop
  endfacet
  facet normal -0 0 -1
    outer loop
      vertex 7.50251 31.499 2.2
      vertex 6.66061 29.4664 2.2
      vertex 7.35 31.5742 2.2
    endloop
  endfacet
  facet normal 0 0 -1
    outer loop
      vertex 6.25 29.6689 2.2
      vertex 7.35 31.5742 2.2
      vertex 6.66061 29.4664 2.2
    endloop
  endfacet
  facet normal -0 0 -1
    outer loop
      vertex 7.35 31.5742 2.2
      vertex 6.25 29.6689 2.2
      vertex 7.20861 31.6686 2.2
    endloop
  endfacet
  facet normal 0 0 -1
    outer loop
      vertex 5.86934 29.9233 2.2
      vertex 7.20861 31.6686 2.2
      vertex 6.25 29.6689 2.2
    endloop
  endfacet
  facet normal -0 0 -1
    outer loop
      vertex 7.20861 31.6686 2.2
      vertex 5.86934 29.9233 2.2
      vertex 7.08076 31.7808 2.2
    endloop
  endfacet
  facet normal 0 0 -1
    outer loop
      vertex 5.52513 30.2251 2.2
      vertex 7.08076 31.7808 2.2
      vertex 5.86934 29.9233 2.2
    endloop
  endfacet
  facet normal -0 0 -1
    outer loop
      vertex 7.08076 31.7808 2.2
      vertex 5.52513 30.2251 2.2
      vertex 6.96864 31.9086 2.2
    endloop
  endfacet
  facet normal -0 0 -1
    outer loop
      vertex 6.96864 31.9086 2.2
      vertex 5.22326 30.5693 2.2
      vertex 6.87417 32.05 2.2
    endloop
  endfacet
  facet normal 0 0 -1
    outer loop
      vertex 5.22326 30.5693 2.2
      vertex 6.96864 31.9086 2.2
      vertex 5.52513 30.2251 2.2
    endloop
  endfacet
  facet normal 0 0 -1
    outer loop
      vertex 9.03136 33.4914 2.2
      vertex 10.7767 34.8307 2.2
      vertex 9.12583 33.35 2.2
    endloop
  endfacet
  facet normal -0 0 -1
    outer loop
      vertex 10.7767 34.8307 2.2
      vertex 9.03136 33.4914 2.2
      vertex 10.4749 35.1749 2.2
    endloop
  endfacet
  facet normal 0 0 -1
    outer loop
      vertex 8.91924 33.6192 2.2
      vertex 10.4749 35.1749 2.2
      vertex 9.03136 33.4914 2.2
    endloop
  endfacet
  facet normal -0 0 -1
    outer loop
      vertex 10.4749 35.1749 2.2
      vertex 8.91924 33.6192 2.2
      vertex 10.1307 35.4767 2.2
    endloop
  endfacet
  facet normal 0 0 -1
    outer loop
      vertex 8.79139 33.7314 2.2
      vertex 10.1307 35.4767 2.2
      vertex 8.91924 33.6192 2.2
    endloop
  endfacet
  facet normal -0 0 -1
    outer loop
      vertex 10.1307 35.4767 2.2
      vertex 8.79139 33.7314 2.2
      vertex 9.75 35.7311 2.2
    endloop
  endfacet
  facet normal 0 0 -1
    outer loop
      vertex 8.65 33.8258 2.2
      vertex 9.75 35.7311 2.2
      vertex 8.79139 33.7314 2.2
    endloop
  endfacet
  facet normal -0 0 -1
    outer loop
      vertex 9.75 35.7311 2.2
      vertex 8.65 33.8258 2.2
      vertex 9.33939 35.9336 2.2
    endloop
  endfacet
  facet normal 0 0 -1
    outer loop
      vertex 8.49749 33.901 2.2
      vertex 9.33939 35.9336 2.2
      vertex 8.65 33.8258 2.2
    endloop
  endfacet
  facet normal -0 0 -1
    outer loop
      vertex 9.33939 35.9336 2.2
      vertex 8.49749 33.901 2.2
      vertex 8.90587 36.0807 2.2
    endloop
  endfacet
  facet normal 0 0 -1
    outer loop
      vertex 8.33646 33.9557 2.2
      vertex 8.90587 36.0807 2.2
      vertex 8.49749 33.901 2.2
    endloop
  endfacet
  facet normal -0 0 -1
    outer loop
      vertex 8.90587 36.0807 2.2
      vertex 8.33646 33.9557 2.2
      vertex 8.45684 36.1701 2.2
    endloop
  endfacet
  facet normal 0 0 -1
    outer loop
      vertex 8.16968 33.9889 2.2
      vertex 8.45684 36.1701 2.2
      vertex 8.33646 33.9557 2.2
    endloop
  endfacet
  facet normal 0 0 -1
    outer loop
      vertex 8 34 2.2
      vertex 8.45684 36.1701 2.2
      vertex 8.16968 33.9889 2.2
    endloop
  endfacet
  facet normal 0 0 -1
    outer loop
      vertex 8 34 2.2
      vertex 8 36.2 2.2
      vertex 8.45684 36.1701 2.2
    endloop
  endfacet
  facet normal 0 0 -1
    outer loop
      vertex 7.83032 33.9889 2.2
      vertex 8 36.2 2.2
      vertex 8 34 2.2
    endloop
  endfacet
  facet normal 0 0 -1
    outer loop
      vertex 7.54316 36.1701 2.2
      vertex 7.83032 33.9889 2.2
      vertex 7.66354 33.9557 2.2
    endloop
  endfacet
  facet normal 0 0 -1
    outer loop
      vertex 7.83032 33.9889 2.2
      vertex 7.54316 36.1701 2.2
      vertex 8 36.2 2.2
    endloop
  endfacet
  facet normal 0 0 -1
    outer loop
      vertex 7.09413 36.0807 2.2
      vertex 7.66354 33.9557 2.2
      vertex 7.50251 33.901 2.2
    endloop
  endfacet
  facet normal 0 0 -1
    outer loop
      vertex 6.66061 35.9336 2.2
      vertex 7.50251 33.901 2.2
      vertex 7.35 33.8258 2.2
    endloop
  endfacet
  facet normal 0 0 -1
    outer loop
      vertex 6.25 35.7311 2.2
      vertex 7.35 33.8258 2.2
      vertex 7.20861 33.7314 2.2
    endloop
  endfacet
  facet normal 0 0 -1
    outer loop
      vertex 7.66354 33.9557 2.2
      vertex 7.09413 36.0807 2.2
      vertex 7.54316 36.1701 2.2
    endloop
  endfacet
  facet normal 0 0 -1
    outer loop
      vertex 5.86934 35.4767 2.2
      vertex 7.20861 33.7314 2.2
      vertex 7.08076 33.6192 2.2
    endloop
  endfacet
  facet normal 0 0 -1
    outer loop
      vertex 5.52513 35.1749 2.2
      vertex 7.08076 33.6192 2.2
      vertex 6.96864 33.4914 2.2
    endloop
  endfacet
  facet normal 0 0 -1
    outer loop
      vertex 5.22326 34.8307 2.2
      vertex 6.96864 33.4914 2.2
      vertex 6.87417 33.35 2.2
    endloop
  endfacet
  facet normal 0 0 -1
    outer loop
      vertex 4.96891 34.45 2.2
      vertex 6.87417 33.35 2.2
      vertex 6.79896 33.1975 2.2
    endloop
  endfacet
  facet normal 0 0 -1
    outer loop
      vertex 4.76642 34.0394 2.2
      vertex 6.79896 33.1975 2.2
      vertex 6.7443 33.0365 2.2
    endloop
  endfacet
  facet normal 0 0 -1
    outer loop
      vertex 4.61926 33.6059 2.2
      vertex 6.7443 33.0365 2.2
      vertex 6.71112 32.8697 2.2
    endloop
  endfacet
  facet normal 0 0 -1
    outer loop
      vertex 7.50251 33.901 2.2
      vertex 6.66061 35.9336 2.2
      vertex 7.09413 36.0807 2.2
    endloop
  endfacet
  facet normal 0 0 -1
    outer loop
      vertex 4.52994 33.1568 2.2
      vertex 6.71112 32.8697 2.2
      vertex 6.7 32.7 2.2
    endloop
  endfacet
  facet normal 0 0 -1
    outer loop
      vertex 4.96891 30.95 2.2
      vertex 6.87417 32.05 2.2
      vertex 5.22326 30.5693 2.2
    endloop
  endfacet
  facet normal -0 0 -1
    outer loop
      vertex 6.87417 32.05 2.2
      vertex 4.96891 30.95 2.2
      vertex 6.79896 32.2025 2.2
    endloop
  endfacet
  facet normal 0 0 -1
    outer loop
      vertex 7.35 33.8258 2.2
      vertex 6.25 35.7311 2.2
      vertex 6.66061 35.9336 2.2
    endloop
  endfacet
  facet normal 0 0 -1
    outer loop
      vertex 4.76642 31.3606 2.2
      vertex 6.79896 32.2025 2.2
      vertex 4.96891 30.95 2.2
    endloop
  endfacet
  facet normal 0 0 -1
    outer loop
      vertex 7.20861 33.7314 2.2
      vertex 5.86934 35.4767 2.2
      vertex 6.25 35.7311 2.2
    endloop
  endfacet
  facet normal -0 0 -1
    outer loop
      vertex 6.79896 32.2025 2.2
      vertex 4.76642 31.3606 2.2
      vertex 6.7443 32.3635 2.2
    endloop
  endfacet
  facet normal 0 0 -1
    outer loop
      vertex 7.08076 33.6192 2.2
      vertex 5.52513 35.1749 2.2
      vertex 5.86934 35.4767 2.2
    endloop
  endfacet
  facet normal 0 0 -1
    outer loop
      vertex 4.61926 31.7941 2.2
      vertex 6.7443 32.3635 2.2
      vertex 4.76642 31.3606 2.2
    endloop
  endfacet
  facet normal 0 0 -1
    outer loop
      vertex 6.96864 33.4914 2.2
      vertex 5.22326 34.8307 2.2
      vertex 5.52513 35.1749 2.2
    endloop
  endfacet
  facet normal -0 0 -1
    outer loop
      vertex 6.7443 32.3635 2.2
      vertex 4.61926 31.7941 2.2
      vertex 6.71112 32.5303 2.2
    endloop
  endfacet
  facet normal 0 0 -1
    outer loop
      vertex 6.87417 33.35 2.2
      vertex 4.96891 34.45 2.2
      vertex 5.22326 34.8307 2.2
    endloop
  endfacet
  facet normal 0 0 -1
    outer loop
      vertex 4.52994 32.2432 2.2
      vertex 6.71112 32.5303 2.2
      vertex 4.61926 31.7941 2.2
    endloop
  endfacet
  facet normal 0 0 -1
    outer loop
      vertex 6.79896 33.1975 2.2
      vertex 4.76642 34.0394 2.2
      vertex 4.96891 34.45 2.2
    endloop
  endfacet
  facet normal -0 0 -1
    outer loop
      vertex 6.71112 32.5303 2.2
      vertex 4.52994 32.2432 2.2
      vertex 6.7 32.7 2.2
    endloop
  endfacet
  facet normal 0 0 -1
    outer loop
      vertex 6.7443 33.0365 2.2
      vertex 4.61926 33.6059 2.2
      vertex 4.76642 34.0394 2.2
    endloop
  endfacet
  facet normal 0 0 -1
    outer loop
      vertex 4.5 32.7 2.2
      vertex 6.7 32.7 2.2
      vertex 4.52994 32.2432 2.2
    endloop
  endfacet
  facet normal 0 0 -1
    outer loop
      vertex 6.71112 32.8697 2.2
      vertex 4.52994 33.1568 2.2
      vertex 4.61926 33.6059 2.2
    endloop
  endfacet
  facet normal 0 0 -1
    outer loop
      vertex 6.7 32.7 2.2
      vertex 4.5 32.7 2.2
      vertex 4.52994 33.1568 2.2
    endloop
  endfacet
  facet normal -0.98079 -0.195066 0
    outer loop
      vertex 4.61926 31.7941 2.2
      vertex 4.52994 32.2432 32.4
      vertex 4.52994 32.2432 2.2
    endloop
  endfacet
  facet normal -0.98079 -0.195066 0
    outer loop
      vertex 4.52994 32.2432 32.4
      vertex 4.61926 31.7941 2.2
      vertex 4.61926 31.7941 32.4
    endloop
  endfacet
  facet normal -0.751824 -0.659364 0
    outer loop
      vertex 5.52513 30.2251 2.2
      vertex 5.22326 30.5693 32.4
      vertex 5.22326 30.5693 2.2
    endloop
  endfacet
  facet normal -0.751824 -0.659364 0
    outer loop
      vertex 5.22326 30.5693 32.4
      vertex 5.52513 30.2251 2.2
      vertex 5.52513 30.2251 32.4
    endloop
  endfacet
  facet normal -0.195263 -0.980751 0
    outer loop
      vertex 7.09413 29.3193 2.2
      vertex 7.54316 29.2299 32.4
      vertex 7.09413 29.3193 32.4
    endloop
  endfacet
  facet normal -0.195263 -0.980751 -0
    outer loop
      vertex 7.54316 29.2299 32.4
      vertex 7.09413 29.3193 2.2
      vertex 7.54316 29.2299 2.2
    endloop
  endfacet
  facet normal -0.831495 0.555532 0
    outer loop
      vertex 4.96891 34.45 2.2
      vertex 5.22326 34.8307 32.4
      vertex 5.22326 34.8307 2.2
    endloop
  endfacet
  facet normal -0.831495 0.555532 0
    outer loop
      vertex 5.22326 34.8307 32.4
      vertex 4.96891 34.45 2.2
      vertex 4.96891 34.45 32.4
    endloop
  endfacet
  facet normal -0.0653099 -0.997865 0
    outer loop
      vertex 7.54316 29.2299 2.2
      vertex 8 29.2 32.4
      vertex 7.54316 29.2299 32.4
    endloop
  endfacet
  facet normal -0.0653099 -0.997865 -0
    outer loop
      vertex 8 29.2 32.4
      vertex 7.54316 29.2299 2.2
      vertex 8 29.2 2.2
    endloop
  endfacet
  facet normal -0.980784 -0.195098 0
    outer loop
      vertex 9.28888 32.8697 2.2
      vertex 9.2557 33.0365 32.4
      vertex 9.2557 33.0365 2.2
    endloop
  endfacet
  facet normal -0.980784 -0.195098 0
    outer loop
      vertex 9.2557 33.0365 32.4
      vertex 9.28888 32.8697 2.2
      vertex 9.28888 32.8697 32.4
    endloop
  endfacet
  facet normal -0.99786 -0.0653872 0
    outer loop
      vertex 9.3 32.7 2.2
      vertex 9.28888 32.8697 32.4
      vertex 9.28888 32.8697 2.2
    endloop
  endfacet
  facet normal -0.99786 -0.0653872 0
    outer loop
      vertex 9.28888 32.8697 32.4
      vertex 9.3 32.7 2.2
      vertex 9.3 32.7 32.4
    endloop
  endfacet
  facet normal -0.946916 -0.321481 0
    outer loop
      vertex 9.2557 33.0365 2.2
      vertex 9.20104 33.1975 32.4
      vertex 9.20104 33.1975 2.2
    endloop
  endfacet
  facet normal -0.946916 -0.321481 0
    outer loop
      vertex 9.20104 33.1975 32.4
      vertex 9.2557 33.0365 2.2
      vertex 9.2557 33.0365 32.4
    endloop
  endfacet
  facet normal 0.195234 0.980757 -0
    outer loop
      vertex 7.83032 31.4111 2.2
      vertex 7.66354 31.4443 32.4
      vertex 7.83032 31.4111 32.4
    endloop
  endfacet
  facet normal 0.195234 0.980757 0
    outer loop
      vertex 7.66354 31.4443 32.4
      vertex 7.83032 31.4111 2.2
      vertex 7.66354 31.4443 2.2
    endloop
  endfacet
  facet normal -0.442243 -0.896895 0
    outer loop
      vertex 8.49749 33.901 2.2
      vertex 8.65 33.8258 32.4
      vertex 8.49749 33.901 32.4
    endloop
  endfacet
  facet normal -0.442243 -0.896895 -0
    outer loop
      vertex 8.65 33.8258 32.4
      vertex 8.49749 33.901 2.2
      vertex 8.65 33.8258 2.2
    endloop
  endfacet
  facet normal -0.89686 -0.442314 0
    outer loop
      vertex 9.20104 33.1975 2.2
      vertex 9.12583 33.35 32.4
      vertex 9.12583 33.35 2.2
    endloop
  endfacet
  facet normal -0.89686 -0.442314 0
    outer loop
      vertex 9.12583 33.35 32.4
      vertex 9.20104 33.1975 2.2
      vertex 9.20104 33.1975 32.4
    endloop
  endfacet
  facet normal -0.831498 -0.555528 0
    outer loop
      vertex 9.12583 33.35 2.2
      vertex 9.03136 33.4914 32.4
      vertex 9.03136 33.4914 2.2
    endloop
  endfacet
  facet normal -0.831498 -0.555528 0
    outer loop
      vertex 9.03136 33.4914 32.4
      vertex 9.12583 33.35 2.2
      vertex 9.12583 33.35 32.4
    endloop
  endfacet
  facet normal -0.751716 0.659487 0
    outer loop
      vertex 8.91924 31.7808 2.2
      vertex 9.03136 31.9086 32.4
      vertex 9.03136 31.9086 2.2
    endloop
  endfacet
  facet normal -0.751716 0.659487 0
    outer loop
      vertex 9.03136 31.9086 32.4
      vertex 8.91924 31.7808 2.2
      vertex 8.91924 31.7808 32.4
    endloop
  endfacet
  facet normal 0.442243 -0.896895 0
    outer loop
      vertex 7.35 33.8258 2.2
      vertex 7.50251 33.901 32.4
      vertex 7.35 33.8258 32.4
    endloop
  endfacet
  facet normal 0.442243 -0.896895 0
    outer loop
      vertex 7.50251 33.901 32.4
      vertex 7.35 33.8258 2.2
      vertex 7.50251 33.901 2.2
    endloop
  endfacet
  facet normal 0.99786 0.0653872 0
    outer loop
      vertex 6.71112 32.5303 32.4
      vertex 6.7 32.7 2.2
      vertex 6.7 32.7 32.4
    endloop
  endfacet
  facet normal 0.99786 0.0653872 0
    outer loop
      vertex 6.7 32.7 2.2
      vertex 6.71112 32.5303 32.4
      vertex 6.71112 32.5303 2.2
    endloop
  endfacet
  facet normal -0.89686 0.442314 0
    outer loop
      vertex 9.12583 32.05 2.2
      vertex 9.20104 32.2025 32.4
      vertex 9.20104 32.2025 2.2
    endloop
  endfacet
  facet normal -0.89686 0.442314 0
    outer loop
      vertex 9.20104 32.2025 32.4
      vertex 9.12583 32.05 2.2
      vertex 9.12583 32.05 32.4
    endloop
  endfacet
  facet normal 0.659607 -0.751611 0
    outer loop
      vertex 7.08076 33.6192 2.2
      vertex 7.20861 33.7314 32.4
      vertex 7.08076 33.6192 32.4
    endloop
  endfacet
  facet normal 0.659607 -0.751611 0
    outer loop
      vertex 7.20861 33.7314 32.4
      vertex 7.08076 33.6192 2.2
      vertex 7.20861 33.7314 2.2
    endloop
  endfacet
  facet normal -0.751716 -0.659487 0
    outer loop
      vertex 9.03136 33.4914 2.2
      vertex 8.91924 33.6192 32.4
      vertex 8.91924 33.6192 2.2
    endloop
  endfacet
  facet normal -0.751716 -0.659487 0
    outer loop
      vertex 8.91924 33.6192 32.4
      vertex 9.03136 33.4914 2.2
      vertex 9.03136 33.4914 32.4
    endloop
  endfacet
  facet normal -0.980784 0.195098 0
    outer loop
      vertex 9.2557 32.3635 2.2
      vertex 9.28888 32.5303 32.4
      vertex 9.28888 32.5303 2.2
    endloop
  endfacet
  facet normal -0.980784 0.195098 0
    outer loop
      vertex 9.28888 32.5303 32.4
      vertex 9.2557 32.3635 2.2
      vertex 9.2557 32.3635 32.4
    endloop
  endfacet
  facet normal -0.946916 0.321481 0
    outer loop
      vertex 9.20104 32.2025 2.2
      vertex 9.2557 32.3635 32.4
      vertex 9.2557 32.3635 2.2
    endloop
  endfacet
  facet normal -0.946916 0.321481 0
    outer loop
      vertex 9.2557 32.3635 32.4
      vertex 9.20104 32.2025 2.2
      vertex 9.20104 32.2025 32.4
    endloop
  endfacet
  facet normal 0.980784 0.195098 0
    outer loop
      vertex 6.7443 32.3635 32.4
      vertex 6.71112 32.5303 2.2
      vertex 6.71112 32.5303 32.4
    endloop
  endfacet
  facet normal 0.980784 0.195098 0
    outer loop
      vertex 6.71112 32.5303 2.2
      vertex 6.7443 32.3635 32.4
      vertex 6.7443 32.3635 2.2
    endloop
  endfacet
  facet normal 0.751716 0.659487 0
    outer loop
      vertex 7.08076 31.7808 32.4
      vertex 6.96864 31.9086 2.2
      vertex 6.96864 31.9086 32.4
    endloop
  endfacet
  facet normal 0.751716 0.659487 0
    outer loop
      vertex 6.96864 31.9086 2.2
      vertex 7.08076 31.7808 32.4
      vertex 7.08076 31.7808 2.2
    endloop
  endfacet
  facet normal -0.55527 -0.83167 0
    outer loop
      vertex 8.65 33.8258 2.2
      vertex 8.79139 33.7314 32.4
      vertex 8.65 33.8258 32.4
    endloop
  endfacet
  facet normal -0.55527 -0.83167 -0
    outer loop
      vertex 8.79139 33.7314 32.4
      vertex 8.65 33.8258 2.2
      vertex 8.79139 33.7314 2.2
    endloop
  endfacet
  facet normal -0.831498 0.555528 0
    outer loop
      vertex 9.03136 31.9086 2.2
      vertex 9.12583 32.05 32.4
      vertex 9.12583 32.05 2.2
    endloop
  endfacet
  facet normal -0.831498 0.555528 0
    outer loop
      vertex 9.12583 32.05 32.4
      vertex 9.03136 31.9086 2.2
      vertex 9.03136 31.9086 32.4
    endloop
  endfacet
  facet normal -0.321638 0.946863 0
    outer loop
      vertex 8.49749 31.499 2.2
      vertex 8.33646 31.4443 32.4
      vertex 8.49749 31.499 32.4
    endloop
  endfacet
  facet normal -0.321638 0.946863 0
    outer loop
      vertex 8.33646 31.4443 32.4
      vertex 8.49749 31.499 2.2
      vertex 8.33646 31.4443 2.2
    endloop
  endfacet
  facet normal -0.195234 0.980757 0
    outer loop
      vertex 8.33646 31.4443 2.2
      vertex 8.16968 31.4111 32.4
      vertex 8.33646 31.4443 32.4
    endloop
  endfacet
  facet normal -0.195234 0.980757 0
    outer loop
      vertex 8.16968 31.4111 32.4
      vertex 8.33646 31.4443 2.2
      vertex 8.16968 31.4111 2.2
    endloop
  endfacet
  facet normal 0.0652777 0.997867 -0
    outer loop
      vertex 8 31.4 2.2
      vertex 7.83032 31.4111 32.4
      vertex 8 31.4 32.4
    endloop
  endfacet
  facet normal 0.0652777 0.997867 0
    outer loop
      vertex 7.83032 31.4111 32.4
      vertex 8 31.4 2.2
      vertex 7.83032 31.4111 2.2
    endloop
  endfacet
  facet normal 0.659607 0.751611 -0
    outer loop
      vertex 7.20861 31.6686 2.2
      vertex 7.08076 31.7808 32.4
      vertex 7.20861 31.6686 32.4
    endloop
  endfacet
  facet normal 0.659607 0.751611 0
    outer loop
      vertex 7.08076 31.7808 32.4
      vertex 7.20861 31.6686 2.2
      vertex 7.08076 31.7808 2.2
    endloop
  endfacet
  facet normal -0.659607 -0.751611 0
    outer loop
      vertex 8.79139 33.7314 2.2
      vertex 8.91924 33.6192 32.4
      vertex 8.79139 33.7314 32.4
    endloop
  endfacet
  facet normal -0.659607 -0.751611 -0
    outer loop
      vertex 8.91924 33.6192 32.4
      vertex 8.79139 33.7314 2.2
      vertex 8.91924 33.6192 2.2
    endloop
  endfacet
  facet normal 0.980784 -0.195098 0
    outer loop
      vertex 6.71112 32.8697 32.4
      vertex 6.7443 33.0365 2.2
      vertex 6.7443 33.0365 32.4
    endloop
  endfacet
  facet normal 0.980784 -0.195098 0
    outer loop
      vertex 6.7443 33.0365 2.2
      vertex 6.71112 32.8697 32.4
      vertex 6.71112 32.8697 2.2
    endloop
  endfacet
  facet normal 0.321638 -0.946863 0
    outer loop
      vertex 7.50251 33.901 2.2
      vertex 7.66354 33.9557 32.4
      vertex 7.50251 33.901 32.4
    endloop
  endfacet
  facet normal 0.321638 -0.946863 0
    outer loop
      vertex 7.66354 33.9557 32.4
      vertex 7.50251 33.901 2.2
      vertex 7.66354 33.9557 2.2
    endloop
  endfacet
  facet normal -0.659607 0.751611 0
    outer loop
      vertex 8.91924 31.7808 2.2
      vertex 8.79139 31.6686 32.4
      vertex 8.91924 31.7808 32.4
    endloop
  endfacet
  facet normal -0.659607 0.751611 0
    outer loop
      vertex 8.79139 31.6686 32.4
      vertex 8.91924 31.7808 2.2
      vertex 8.79139 31.6686 2.2
    endloop
  endfacet
  facet normal 0.946916 0.321481 0
    outer loop
      vertex 6.79896 32.2025 32.4
      vertex 6.7443 32.3635 2.2
      vertex 6.7443 32.3635 32.4
    endloop
  endfacet
  facet normal 0.946916 0.321481 0
    outer loop
      vertex 6.7443 32.3635 2.2
      vertex 6.79896 32.2025 32.4
      vertex 6.79896 32.2025 2.2
    endloop
  endfacet
  facet normal -0.0652777 0.997867 0
    outer loop
      vertex 8.16968 31.4111 2.2
      vertex 8 31.4 32.4
      vertex 8.16968 31.4111 32.4
    endloop
  endfacet
  facet normal -0.0652777 0.997867 0
    outer loop
      vertex 8 31.4 32.4
      vertex 8.16968 31.4111 2.2
      vertex 8 31.4 2.2
    endloop
  endfacet
  facet normal 0.751716 -0.659487 0
    outer loop
      vertex 6.96864 33.4914 32.4
      vertex 7.08076 33.6192 2.2
      vertex 7.08076 33.6192 32.4
    endloop
  endfacet
  facet normal 0.751716 -0.659487 0
    outer loop
      vertex 7.08076 33.6192 2.2
      vertex 6.96864 33.4914 32.4
      vertex 6.96864 33.4914 2.2
    endloop
  endfacet
  facet normal 0.831498 -0.555528 0
    outer loop
      vertex 6.87417 33.35 32.4
      vertex 6.96864 33.4914 2.2
      vertex 6.96864 33.4914 32.4
    endloop
  endfacet
  facet normal 0.831498 -0.555528 0
    outer loop
      vertex 6.96864 33.4914 2.2
      vertex 6.87417 33.35 32.4
      vertex 6.87417 33.35 2.2
    endloop
  endfacet
  facet normal 0.946916 -0.321481 0
    outer loop
      vertex 6.7443 33.0365 32.4
      vertex 6.79896 33.1975 2.2
      vertex 6.79896 33.1975 32.4
    endloop
  endfacet
  facet normal 0.946916 -0.321481 0
    outer loop
      vertex 6.79896 33.1975 2.2
      vertex 6.7443 33.0365 32.4
      vertex 6.7443 33.0365 2.2
    endloop
  endfacet
  facet normal -0.321638 -0.946863 0
    outer loop
      vertex 8.33646 33.9557 2.2
      vertex 8.49749 33.901 32.4
      vertex 8.33646 33.9557 32.4
    endloop
  endfacet
  facet normal -0.321638 -0.946863 -0
    outer loop
      vertex 8.49749 33.901 32.4
      vertex 8.33646 33.9557 2.2
      vertex 8.49749 33.901 2.2
    endloop
  endfacet
  facet normal 0.99786 -0.0653872 0
    outer loop
      vertex 6.7 32.7 32.4
      vertex 6.71112 32.8697 2.2
      vertex 6.71112 32.8697 32.4
    endloop
  endfacet
  facet normal 0.99786 -0.0653872 0
    outer loop
      vertex 6.71112 32.8697 2.2
      vertex 6.7 32.7 32.4
      vertex 6.7 32.7 2.2
    endloop
  endfacet
  facet normal 0.89686 0.442314 0
    outer loop
      vertex 6.87417 32.05 32.4
      vertex 6.79896 32.2025 2.2
      vertex 6.79896 32.2025 32.4
    endloop
  endfacet
  facet normal 0.89686 0.442314 0
    outer loop
      vertex 6.79896 32.2025 2.2
      vertex 6.87417 32.05 32.4
      vertex 6.87417 32.05 2.2
    endloop
  endfacet
  facet normal 0.831498 0.555528 0
    outer loop
      vertex 6.96864 31.9086 32.4
      vertex 6.87417 32.05 2.2
      vertex 6.87417 32.05 32.4
    endloop
  endfacet
  facet normal 0.831498 0.555528 0
    outer loop
      vertex 6.87417 32.05 2.2
      vertex 6.96864 31.9086 32.4
      vertex 6.96864 31.9086 2.2
    endloop
  endfacet
  facet normal -0.99786 0.0653872 0
    outer loop
      vertex 9.28888 32.5303 2.2
      vertex 9.3 32.7 32.4
      vertex 9.3 32.7 2.2
    endloop
  endfacet
  facet normal -0.99786 0.0653872 0
    outer loop
      vertex 9.3 32.7 32.4
      vertex 9.28888 32.5303 2.2
      vertex 9.28888 32.5303 32.4
    endloop
  endfacet
  facet normal 0.0652777 -0.997867 0
    outer loop
      vertex 7.83032 33.9889 2.2
      vertex 8 34 32.4
      vertex 7.83032 33.9889 32.4
    endloop
  endfacet
  facet normal 0.0652777 -0.997867 0
    outer loop
      vertex 8 34 32.4
      vertex 7.83032 33.9889 2.2
      vertex 8 34 2.2
    endloop
  endfacet
  facet normal -0.55527 0.83167 0
    outer loop
      vertex 8.79139 31.6686 2.2
      vertex 8.65 31.5742 32.4
      vertex 8.79139 31.6686 32.4
    endloop
  endfacet
  facet normal -0.55527 0.83167 0
    outer loop
      vertex 8.65 31.5742 32.4
      vertex 8.79139 31.6686 2.2
      vertex 8.65 31.5742 2.2
    endloop
  endfacet
  facet normal 0.195234 -0.980757 0
    outer loop
      vertex 7.66354 33.9557 2.2
      vertex 7.83032 33.9889 32.4
      vertex 7.66354 33.9557 32.4
    endloop
  endfacet
  facet normal 0.195234 -0.980757 0
    outer loop
      vertex 7.83032 33.9889 32.4
      vertex 7.66354 33.9557 2.2
      vertex 7.83032 33.9889 2.2
    endloop
  endfacet
  facet normal 0.89686 -0.442314 0
    outer loop
      vertex 6.79896 33.1975 32.4
      vertex 6.87417 33.35 2.2
      vertex 6.87417 33.35 32.4
    endloop
  endfacet
  facet normal 0.89686 -0.442314 0
    outer loop
      vertex 6.87417 33.35 2.2
      vertex 6.79896 33.1975 32.4
      vertex 6.79896 33.1975 2.2
    endloop
  endfacet
  facet normal 0.55527 -0.83167 0
    outer loop
      vertex 7.20861 33.7314 2.2
      vertex 7.35 33.8258 32.4
      vertex 7.20861 33.7314 32.4
    endloop
  endfacet
  facet normal 0.55527 -0.83167 0
    outer loop
      vertex 7.35 33.8258 32.4
      vertex 7.20861 33.7314 2.2
      vertex 7.35 33.8258 2.2
    endloop
  endfacet
  facet normal 0.321638 0.946863 -0
    outer loop
      vertex 7.66354 31.4443 2.2
      vertex 7.50251 31.499 32.4
      vertex 7.66354 31.4443 32.4
    endloop
  endfacet
  facet normal 0.321638 0.946863 0
    outer loop
      vertex 7.50251 31.499 32.4
      vertex 7.66354 31.4443 2.2
      vertex 7.50251 31.499 2.2
    endloop
  endfacet
  facet normal -0.0652777 -0.997867 0
    outer loop
      vertex 8 34 2.2
      vertex 8.16968 33.9889 32.4
      vertex 8 34 32.4
    endloop
  endfacet
  facet normal -0.0652777 -0.997867 -0
    outer loop
      vertex 8.16968 33.9889 32.4
      vertex 8 34 2.2
      vertex 8.16968 33.9889 2.2
    endloop
  endfacet
  facet normal -0.195234 -0.980757 0
    outer loop
      vertex 8.16968 33.9889 2.2
      vertex 8.33646 33.9557 32.4
      vertex 8.16968 33.9889 32.4
    endloop
  endfacet
  facet normal -0.195234 -0.980757 -0
    outer loop
      vertex 8.33646 33.9557 32.4
      vertex 8.16968 33.9889 2.2
      vertex 8.33646 33.9557 2.2
    endloop
  endfacet
  facet normal -0.442243 0.896895 0
    outer loop
      vertex 8.65 31.5742 2.2
      vertex 8.49749 31.499 32.4
      vertex 8.65 31.5742 32.4
    endloop
  endfacet
  facet normal -0.442243 0.896895 0
    outer loop
      vertex 8.49749 31.499 32.4
      vertex 8.65 31.5742 2.2
      vertex 8.49749 31.499 2.2
    endloop
  endfacet
  facet normal 0.442243 0.896895 -0
    outer loop
      vertex 7.50251 31.499 2.2
      vertex 7.35 31.5742 32.4
      vertex 7.50251 31.499 32.4
    endloop
  endfacet
  facet normal 0.442243 0.896895 0
    outer loop
      vertex 7.35 31.5742 32.4
      vertex 7.50251 31.499 2.2
      vertex 7.35 31.5742 2.2
    endloop
  endfacet
  facet normal 0.55527 0.83167 -0
    outer loop
      vertex 7.35 31.5742 2.2
      vertex 7.20861 31.6686 32.4
      vertex 7.35 31.5742 32.4
    endloop
  endfacet
  facet normal 0.55527 0.83167 0
    outer loop
      vertex 7.20861 31.6686 32.4
      vertex 7.35 31.5742 2.2
      vertex 7.20861 31.6686 2.2
    endloop
  endfacet
  facet normal 0.980751 0.195263 0
    outer loop
      vertex 80.7701 8.45684 32.4
      vertex 80.6807 8.90587 2.2
      vertex 80.6807 8.90587 32.4
    endloop
  endfacet
  facet normal 0.980751 0.195263 0
    outer loop
      vertex 80.6807 8.90587 2.2
      vertex 80.7701 8.45684 32.4
      vertex 80.7701 8.45684 2.2
    endloop
  endfacet
  facet normal 0.997865 0.0653099 0
    outer loop
      vertex 80.8 8 32.4
      vertex 80.7701 8.45684 2.2
      vertex 80.7701 8.45684 32.4
    endloop
  endfacet
  facet normal 0.997865 0.0653099 0
    outer loop
      vertex 80.7701 8.45684 2.2
      vertex 80.8 8 32.4
      vertex 80.8 8 2.2
    endloop
  endfacet
  facet normal 0.321452 -0.946926 0
    outer loop
      vertex 78.2059 4.61926 2.2
      vertex 78.6394 4.76642 32.4
      vertex 78.2059 4.61926 32.4
    endloop
  endfacet
  facet normal 0.321452 -0.946926 0
    outer loop
      vertex 78.6394 4.76642 32.4
      vertex 78.2059 4.61926 2.2
      vertex 78.6394 4.76642 2.2
    endloop
  endfacet
  facet normal 0.831445 0.555607 0
    outer loop
      vertex 80.3311 9.75 32.4
      vertex 80.0767 10.1307 2.2
      vertex 80.0767 10.1307 32.4
    endloop
  endfacet
  facet normal 0.831445 0.555607 0
    outer loop
      vertex 80.0767 10.1307 2.2
      vertex 80.3311 9.75 32.4
      vertex 80.3311 9.75 2.2
    endloop
  endfacet
  facet normal -0.896864 0.442305 0
    outer loop
      vertex 74.0664 9.33939 2.2
      vertex 74.2689 9.75 32.4
      vertex 74.2689 9.75 2.2
    endloop
  endfacet
  facet normal -0.896864 0.442305 0
    outer loop
      vertex 74.2689 9.75 32.4
      vertex 74.0664 9.33939 2.2
      vertex 74.0664 9.33939 32.4
    endloop
  endfacet
  facet normal -0.555607 0.831445 0
    outer loop
      vertex 75.55 11.0311 2.2
      vertex 75.1693 10.7767 32.4
      vertex 75.55 11.0311 32.4
    endloop
  endfacet
  facet normal -0.555607 0.831445 0
    outer loop
      vertex 75.1693 10.7767 32.4
      vertex 75.55 11.0311 2.2
      vertex 75.1693 10.7767 2.2
    endloop
  endfacet
  facet normal -0.659278 0.7519 0
    outer loop
      vertex 75.1693 10.7767 2.2
      vertex 74.8251 10.4749 32.4
      vertex 75.1693 10.7767 32.4
    endloop
  endfacet
  facet normal -0.659278 0.7519 0
    outer loop
      vertex 74.8251 10.4749 32.4
      vertex 75.1693 10.7767 2.2
      vertex 74.8251 10.4749 2.2
    endloop
  endfacet
  facet normal -0.7519 0.659278 0
    outer loop
      vertex 74.5233 10.1307 2.2
      vertex 74.8251 10.4749 32.4
      vertex 74.8251 10.4749 2.2
    endloop
  endfacet
  facet normal -0.7519 0.659278 0
    outer loop
      vertex 74.8251 10.4749 32.4
      vertex 74.5233 10.1307 2.2
      vertex 74.5233 10.1307 32.4
    endloop
  endfacet
  facet normal 0.94697 -0.321322 0
    outer loop
      vertex 80.5336 6.66061 32.4
      vertex 80.6807 7.09413 2.2
      vertex 80.6807 7.09413 32.4
    endloop
  endfacet
  facet normal 0.94697 -0.321322 0
    outer loop
      vertex 80.6807 7.09413 2.2
      vertex 80.5336 6.66061 32.4
      vertex 80.5336 6.66061 2.2
    endloop
  endfacet
  facet normal -0.997865 0.0653099 0
    outer loop
      vertex 73.8 8 2.2
      vertex 73.8299 8.45684 32.4
      vertex 73.8299 8.45684 2.2
    endloop
  endfacet
  facet normal -0.997865 0.0653099 0
    outer loop
      vertex 73.8299 8.45684 32.4
      vertex 73.8 8 2.2
      vertex 73.8 8 32.4
    endloop
  endfacet
  facet normal 0.555607 0.831445 -0
    outer loop
      vertex 79.4307 10.7767 2.2
      vertex 79.05 11.0311 32.4
      vertex 79.4307 10.7767 32.4
    endloop
  endfacet
  facet normal 0.555607 0.831445 0
    outer loop
      vertex 79.05 11.0311 32.4
      vertex 79.4307 10.7767 2.2
      vertex 79.05 11.0311 2.2
    endloop
  endfacet
  facet normal -0.321452 -0.946926 0
    outer loop
      vertex 75.9606 4.76642 2.2
      vertex 76.3941 4.61926 32.4
      vertex 75.9606 4.76642 32.4
    endloop
  endfacet
  facet normal -0.321452 -0.946926 -0
    outer loop
      vertex 76.3941 4.61926 32.4
      vertex 75.9606 4.76642 2.2
      vertex 76.3941 4.61926 2.2
    endloop
  endfacet
  facet normal 0.195066 -0.98079 0
    outer loop
      vertex 77.7568 4.52994 2.2
      vertex 78.2059 4.61926 32.4
      vertex 77.7568 4.52994 32.4
    endloop
  endfacet
  facet normal 0.195066 -0.98079 0
    outer loop
      vertex 78.2059 4.61926 32.4
      vertex 77.7568 4.52994 2.2
      vertex 78.2059 4.61926 2.2
    endloop
  endfacet
  facet normal -0.321335 0.946966 0
    outer loop
      vertex 76.3941 11.3807 2.2
      vertex 75.9606 11.2336 32.4
      vertex 76.3941 11.3807 32.4
    endloop
  endfacet
  facet normal -0.321335 0.946966 0
    outer loop
      vertex 75.9606 11.2336 32.4
      vertex 76.3941 11.3807 2.2
      vertex 75.9606 11.2336 2.2
    endloop
  endfacet
  facet normal -0.831418 -0.555647 0
    outer loop
      vertex 74.5233 5.86934 2.2
      vertex 74.2689 6.25 32.4
      vertex 74.2689 6.25 2.2
    endloop
  endfacet
  facet normal -0.831418 -0.555647 0
    outer loop
      vertex 74.2689 6.25 32.4
      vertex 74.5233 5.86934 2.2
      vertex 74.5233 5.86934 32.4
    endloop
  endfacet
  facet normal 0.555532 -0.831495 0
    outer loop
      vertex 79.05 4.96891 2.2
      vertex 79.4307 5.22326 32.4
      vertex 79.05 4.96891 32.4
    endloop
  endfacet
  facet normal 0.555532 -0.831495 0
    outer loop
      vertex 79.4307 5.22326 32.4
      vertex 79.05 4.96891 2.2
      vertex 79.4307 5.22326 2.2
    endloop
  endfacet
  facet normal -0.94697 0.321322 0
    outer loop
      vertex 73.9193 8.90587 2.2
      vertex 74.0664 9.33939 32.4
      vertex 74.0664 9.33939 2.2
    endloop
  endfacet
  facet normal -0.94697 0.321322 0
    outer loop
      vertex 74.0664 9.33939 32.4
      vertex 73.9193 8.90587 2.2
      vertex 73.9193 8.90587 32.4
    endloop
  endfacet
  facet normal 0.321335 0.946966 -0
    outer loop
      vertex 78.6394 11.2336 2.2
      vertex 78.2059 11.3807 32.4
      vertex 78.6394 11.2336 32.4
    endloop
  endfacet
  facet normal 0.321335 0.946966 0
    outer loop
      vertex 78.2059 11.3807 32.4
      vertex 78.6394 11.2336 2.2
      vertex 78.2059 11.3807 2.2
    endloop
  endfacet
  facet normal 0.0653156 0.997865 -0
    outer loop
      vertex 77.7568 11.4701 2.2
      vertex 77.3 11.5 32.4
      vertex 77.7568 11.4701 32.4
    endloop
  endfacet
  facet normal 0.0653156 0.997865 0
    outer loop
      vertex 77.3 11.5 32.4
      vertex 77.7568 11.4701 2.2
      vertex 77.3 11.5 2.2
    endloop
  endfacet
  facet normal -0.442314 0.89686 0
    outer loop
      vertex 75.9606 11.2336 2.2
      vertex 75.55 11.0311 32.4
      vertex 75.9606 11.2336 32.4
    endloop
  endfacet
  facet normal -0.442314 0.89686 0
    outer loop
      vertex 75.55 11.0311 32.4
      vertex 75.9606 11.2336 2.2
      vertex 75.55 11.0311 2.2
    endloop
  endfacet
  facet normal 0.831418 -0.555647 0
    outer loop
      vertex 80.0767 5.86934 32.4
      vertex 80.3311 6.25 2.2
      vertex 80.3311 6.25 32.4
    endloop
  endfacet
  facet normal 0.831418 -0.555647 0
    outer loop
      vertex 80.3311 6.25 2.2
      vertex 80.0767 5.86934 32.4
      vertex 80.0767 5.86934 2.2
    endloop
  endfacet
  facet normal -0.997865 -0.0653099 0
    outer loop
      vertex 73.8299 7.54316 2.2
      vertex 73.8 8 32.4
      vertex 73.8 8 2.2
    endloop
  endfacet
  facet normal -0.997865 -0.0653099 0
    outer loop
      vertex 73.8 8 32.4
      vertex 73.8299 7.54316 2.2
      vertex 73.8299 7.54316 32.4
    endloop
  endfacet
  facet normal -0.94697 -0.321322 0
    outer loop
      vertex 74.0664 6.66061 2.2
      vertex 73.9193 7.09413 32.4
      vertex 73.9193 7.09413 2.2
    endloop
  endfacet
  facet normal -0.94697 -0.321322 0
    outer loop
      vertex 73.9193 7.09413 32.4
      vertex 74.0664 6.66061 2.2
      vertex 74.0664 6.66061 32.4
    endloop
  endfacet
  facet normal -0.659364 -0.751824 0
    outer loop
      vertex 74.8251 5.52513 2.2
      vertex 75.1693 5.22326 32.4
      vertex 74.8251 5.52513 32.4
    endloop
  endfacet
  facet normal -0.659364 -0.751824 -0
    outer loop
      vertex 75.1693 5.22326 32.4
      vertex 74.8251 5.52513 2.2
      vertex 75.1693 5.22326 2.2
    endloop
  endfacet
  facet normal 0.442314 0.89686 -0
    outer loop
      vertex 79.05 11.0311 2.2
      vertex 78.6394 11.2336 32.4
      vertex 79.05 11.0311 32.4
    endloop
  endfacet
  facet normal 0.442314 0.89686 0
    outer loop
      vertex 78.6394 11.2336 32.4
      vertex 79.05 11.0311 2.2
      vertex 78.6394 11.2336 2.2
    endloop
  endfacet
  facet normal -0.195234 0.980757 0
    outer loop
      vertex 76.8432 11.4701 2.2
      vertex 76.3941 11.3807 32.4
      vertex 76.8432 11.4701 32.4
    endloop
  endfacet
  facet normal -0.195234 0.980757 0
    outer loop
      vertex 76.3941 11.3807 32.4
      vertex 76.8432 11.4701 2.2
      vertex 76.3941 11.3807 2.2
    endloop
  endfacet
  facet normal 0.7519 0.659278 0
    outer loop
      vertex 80.0767 10.1307 32.4
      vertex 79.7749 10.4749 2.2
      vertex 79.7749 10.4749 32.4
    endloop
  endfacet
  facet normal 0.7519 0.659278 0
    outer loop
      vertex 79.7749 10.4749 2.2
      vertex 80.0767 10.1307 32.4
      vertex 80.0767 10.1307 2.2
    endloop
  endfacet
  facet normal 0.195234 0.980757 -0
    outer loop
      vertex 78.2059 11.3807 2.2
      vertex 77.7568 11.4701 32.4
      vertex 78.2059 11.3807 32.4
    endloop
  endfacet
  facet normal 0.195234 0.980757 0
    outer loop
      vertex 77.7568 11.4701 32.4
      vertex 78.2059 11.3807 2.2
      vertex 77.7568 11.4701 2.2
    endloop
  endfacet
  facet normal 0.751909 -0.659267 0
    outer loop
      vertex 79.7749 5.52513 32.4
      vertex 80.0767 5.86934 2.2
      vertex 80.0767 5.86934 32.4
    endloop
  endfacet
  facet normal 0.751909 -0.659267 0
    outer loop
      vertex 80.0767 5.86934 2.2
      vertex 79.7749 5.52513 32.4
      vertex 79.7749 5.52513 2.2
    endloop
  endfacet
  facet normal -0.442297 -0.896869 0
    outer loop
      vertex 75.55 4.96891 2.2
      vertex 75.9606 4.76642 32.4
      vertex 75.55 4.96891 32.4
    endloop
  endfacet
  facet normal -0.442297 -0.896869 -0
    outer loop
      vertex 75.9606 4.76642 32.4
      vertex 75.55 4.96891 2.2
      vertex 75.9606 4.76642 2.2
    endloop
  endfacet
  facet normal -0.0653156 0.997865 0
    outer loop
      vertex 77.3 11.5 2.2
      vertex 76.8432 11.4701 32.4
      vertex 77.3 11.5 32.4
    endloop
  endfacet
  facet normal -0.0653156 0.997865 0
    outer loop
      vertex 76.8432 11.4701 32.4
      vertex 77.3 11.5 2.2
      vertex 76.8432 11.4701 2.2
    endloop
  endfacet
  facet normal -0.980751 0.195263 0
    outer loop
      vertex 73.8299 8.45684 2.2
      vertex 73.9193 8.90587 32.4
      vertex 73.9193 8.90587 2.2
    endloop
  endfacet
  facet normal -0.980751 0.195263 0
    outer loop
      vertex 73.9193 8.90587 32.4
      vertex 73.8299 8.45684 2.2
      vertex 73.8299 8.45684 32.4
    endloop
  endfacet
  facet normal 0.0654026 -0.997859 0
    outer loop
      vertex 77.3 4.5 2.2
      vertex 77.7568 4.52994 32.4
      vertex 77.3 4.5 32.4
    endloop
  endfacet
  facet normal 0.0654026 -0.997859 0
    outer loop
      vertex 77.7568 4.52994 32.4
      vertex 77.3 4.5 2.2
      vertex 77.7568 4.52994 2.2
    endloop
  endfacet
  facet normal 0.442297 -0.896869 0
    outer loop
      vertex 78.6394 4.76642 2.2
      vertex 79.05 4.96891 32.4
      vertex 78.6394 4.76642 32.4
    endloop
  endfacet
  facet normal 0.442297 -0.896869 0
    outer loop
      vertex 79.05 4.96891 32.4
      vertex 78.6394 4.76642 2.2
      vertex 79.05 4.96891 2.2
    endloop
  endfacet
  facet normal 0.659364 -0.751824 0
    outer loop
      vertex 79.4307 5.22326 2.2
      vertex 79.7749 5.52513 32.4
      vertex 79.4307 5.22326 32.4
    endloop
  endfacet
  facet normal 0.659364 -0.751824 0
    outer loop
      vertex 79.7749 5.52513 32.4
      vertex 79.4307 5.22326 2.2
      vertex 79.7749 5.52513 2.2
    endloop
  endfacet
  facet normal -0.896864 -0.442305 0
    outer loop
      vertex 74.2689 6.25 2.2
      vertex 74.0664 6.66061 32.4
      vertex 74.0664 6.66061 2.2
    endloop
  endfacet
  facet normal -0.896864 -0.442305 0
    outer loop
      vertex 74.0664 6.66061 32.4
      vertex 74.2689 6.25 2.2
      vertex 74.2689 6.25 32.4
    endloop
  endfacet
  facet normal 0.896864 -0.442305 0
    outer loop
      vertex 80.3311 6.25 32.4
      vertex 80.5336 6.66061 2.2
      vertex 80.5336 6.66061 32.4
    endloop
  endfacet
  facet normal 0.896864 -0.442305 0
    outer loop
      vertex 80.5336 6.66061 2.2
      vertex 80.3311 6.25 32.4
      vertex 80.3311 6.25 2.2
    endloop
  endfacet
  facet normal 0.659278 0.7519 -0
    outer loop
      vertex 79.7749 10.4749 2.2
      vertex 79.4307 10.7767 32.4
      vertex 79.7749 10.4749 32.4
    endloop
  endfacet
  facet normal 0.659278 0.7519 0
    outer loop
      vertex 79.4307 10.7767 32.4
      vertex 79.7749 10.4749 2.2
      vertex 79.4307 10.7767 2.2
    endloop
  endfacet
  facet normal 0.997865 -0.0653099 0
    outer loop
      vertex 80.7701 7.54316 32.4
      vertex 80.8 8 2.2
      vertex 80.8 8 32.4
    endloop
  endfacet
  facet normal 0.997865 -0.0653099 0
    outer loop
      vertex 80.8 8 2.2
      vertex 80.7701 7.54316 32.4
      vertex 80.7701 7.54316 2.2
    endloop
  endfacet
  facet normal -0.555532 -0.831495 0
    outer loop
      vertex 75.1693 5.22326 2.2
      vertex 75.55 4.96891 32.4
      vertex 75.1693 5.22326 32.4
    endloop
  endfacet
  facet normal -0.555532 -0.831495 -0
    outer loop
      vertex 75.55 4.96891 32.4
      vertex 75.1693 5.22326 2.2
      vertex 75.55 4.96891 2.2
    endloop
  endfacet
  facet normal 0.896864 0.442305 0
    outer loop
      vertex 80.5336 9.33939 32.4
      vertex 80.3311 9.75 2.2
      vertex 80.3311 9.75 32.4
    endloop
  endfacet
  facet normal 0.896864 0.442305 0
    outer loop
      vertex 80.3311 9.75 2.2
      vertex 80.5336 9.33939 32.4
      vertex 80.5336 9.33939 2.2
    endloop
  endfacet
  facet normal 0.980751 -0.195263 0
    outer loop
      vertex 80.6807 7.09413 32.4
      vertex 80.7701 7.54316 2.2
      vertex 80.7701 7.54316 32.4
    endloop
  endfacet
  facet normal 0.980751 -0.195263 0
    outer loop
      vertex 80.7701 7.54316 2.2
      vertex 80.6807 7.09413 32.4
      vertex 80.6807 7.09413 2.2
    endloop
  endfacet
  facet normal 0.94697 0.321322 0
    outer loop
      vertex 80.6807 8.90587 32.4
      vertex 80.5336 9.33939 2.2
      vertex 80.5336 9.33939 32.4
    endloop
  endfacet
  facet normal 0.94697 0.321322 0
    outer loop
      vertex 80.5336 9.33939 2.2
      vertex 80.6807 8.90587 32.4
      vertex 80.6807 8.90587 2.2
    endloop
  endfacet
  facet normal 0 0 -1
    outer loop
      vertex 78.6 8 2.2
      vertex 80.8 8 2.2
      vertex 80.7701 7.54316 2.2
    endloop
  endfacet
  facet normal 0 0 -1
    outer loop
      vertex 78.5889 7.83032 2.2
      vertex 80.7701 7.54316 2.2
      vertex 80.6807 7.09413 2.2
    endloop
  endfacet
  facet normal 0 0 -1
    outer loop
      vertex 80.8 8 2.2
      vertex 78.6 8 2.2
      vertex 80.7701 8.45684 2.2
    endloop
  endfacet
  facet normal 0 0 -1
    outer loop
      vertex 78.5557 7.66354 2.2
      vertex 80.6807 7.09413 2.2
      vertex 80.5336 6.66061 2.2
    endloop
  endfacet
  facet normal 0 0 -1
    outer loop
      vertex 78.5889 8.16968 2.2
      vertex 80.7701 8.45684 2.2
      vertex 78.6 8 2.2
    endloop
  endfacet
  facet normal 0 0 -1
    outer loop
      vertex 78.501 7.50251 2.2
      vertex 80.5336 6.66061 2.2
      vertex 80.3311 6.25 2.2
    endloop
  endfacet
  facet normal -0 0 -1
    outer loop
      vertex 80.7701 8.45684 2.2
      vertex 78.5889 8.16968 2.2
      vertex 80.6807 8.90587 2.2
    endloop
  endfacet
  facet normal 0 0 -1
    outer loop
      vertex 78.4258 7.35 2.2
      vertex 80.3311 6.25 2.2
      vertex 80.0767 5.86934 2.2
    endloop
  endfacet
  facet normal 0 0 -1
    outer loop
      vertex 78.5557 8.33646 2.2
      vertex 80.6807 8.90587 2.2
      vertex 78.5889 8.16968 2.2
    endloop
  endfacet
  facet normal 0 0 -1
    outer loop
      vertex 78.3314 7.20861 2.2
      vertex 80.0767 5.86934 2.2
      vertex 79.7749 5.52513 2.2
    endloop
  endfacet
  facet normal -0 0 -1
    outer loop
      vertex 80.6807 8.90587 2.2
      vertex 78.5557 8.33646 2.2
      vertex 80.5336 9.33939 2.2
    endloop
  endfacet
  facet normal 0 0 -1
    outer loop
      vertex 78.2192 7.08076 2.2
      vertex 79.7749 5.52513 2.2
      vertex 79.4307 5.22326 2.2
    endloop
  endfacet
  facet normal 0 0 -1
    outer loop
      vertex 78.501 8.49749 2.2
      vertex 80.5336 9.33939 2.2
      vertex 78.5557 8.33646 2.2
    endloop
  endfacet
  facet normal 0 0 -1
    outer loop
      vertex 78.0914 6.96864 2.2
      vertex 79.4307 5.22326 2.2
      vertex 79.05 4.96891 2.2
    endloop
  endfacet
  facet normal -0 0 -1
    outer loop
      vertex 80.5336 9.33939 2.2
      vertex 78.501 8.49749 2.2
      vertex 80.3311 9.75 2.2
    endloop
  endfacet
  facet normal 0 0 -1
    outer loop
      vertex 77.95 6.87417 2.2
      vertex 79.05 4.96891 2.2
      vertex 78.6394 4.76642 2.2
    endloop
  endfacet
  facet normal 0 0 -1
    outer loop
      vertex 78.4258 8.65 2.2
      vertex 80.3311 9.75 2.2
      vertex 78.501 8.49749 2.2
    endloop
  endfacet
  facet normal -0 0 -1
    outer loop
      vertex 80.3311 9.75 2.2
      vertex 78.4258 8.65 2.2
      vertex 80.0767 10.1307 2.2
    endloop
  endfacet
  facet normal 0 0 -1
    outer loop
      vertex 80.7701 7.54316 2.2
      vertex 78.5889 7.83032 2.2
      vertex 78.6 8 2.2
    endloop
  endfacet
  facet normal 0 0 -1
    outer loop
      vertex 80.6807 7.09413 2.2
      vertex 78.5557 7.66354 2.2
      vertex 78.5889 7.83032 2.2
    endloop
  endfacet
  facet normal 0 0 -1
    outer loop
      vertex 80.5336 6.66061 2.2
      vertex 78.501 7.50251 2.2
      vertex 78.5557 7.66354 2.2
    endloop
  endfacet
  facet normal 0 0 -1
    outer loop
      vertex 80.3311 6.25 2.2
      vertex 78.4258 7.35 2.2
      vertex 78.501 7.50251 2.2
    endloop
  endfacet
  facet normal 0 0 -1
    outer loop
      vertex 80.0767 5.86934 2.2
      vertex 78.3314 7.20861 2.2
      vertex 78.4258 7.35 2.2
    endloop
  endfacet
  facet normal 0 0 -1
    outer loop
      vertex 79.7749 5.52513 2.2
      vertex 78.2192 7.08076 2.2
      vertex 78.3314 7.20861 2.2
    endloop
  endfacet
  facet normal 0 0 -1
    outer loop
      vertex 77.7975 6.79896 2.2
      vertex 78.6394 4.76642 2.2
      vertex 78.2059 4.61926 2.2
    endloop
  endfacet
  facet normal 0 0 -1
    outer loop
      vertex 79.4307 5.22326 2.2
      vertex 78.0914 6.96864 2.2
      vertex 78.2192 7.08076 2.2
    endloop
  endfacet
  facet normal 0 0 -1
    outer loop
      vertex 79.05 4.96891 2.2
      vertex 77.95 6.87417 2.2
      vertex 78.0914 6.96864 2.2
    endloop
  endfacet
  facet normal 0 0 -1
    outer loop
      vertex 78.6394 4.76642 2.2
      vertex 77.7975 6.79896 2.2
      vertex 77.95 6.87417 2.2
    endloop
  endfacet
  facet normal 0 0 -1
    outer loop
      vertex 77.6365 6.7443 2.2
      vertex 78.2059 4.61926 2.2
      vertex 77.7568 4.52994 2.2
    endloop
  endfacet
  facet normal 0 0 -1
    outer loop
      vertex 78.2059 4.61926 2.2
      vertex 77.6365 6.7443 2.2
      vertex 77.7975 6.79896 2.2
    endloop
  endfacet
  facet normal 0 0 -1
    outer loop
      vertex 77.7568 4.52994 2.2
      vertex 77.4697 6.71112 2.2
      vertex 77.6365 6.7443 2.2
    endloop
  endfacet
  facet normal 0 0 -1
    outer loop
      vertex 77.3 4.5 2.2
      vertex 77.4697 6.71112 2.2
      vertex 77.7568 4.52994 2.2
    endloop
  endfacet
  facet normal 0 0 -1
    outer loop
      vertex 77.3 4.5 2.2
      vertex 77.3 6.7 2.2
      vertex 77.4697 6.71112 2.2
    endloop
  endfacet
  facet normal 0 0 -1
    outer loop
      vertex 77.3 4.5 2.2
      vertex 77.1303 6.71112 2.2
      vertex 77.3 6.7 2.2
    endloop
  endfacet
  facet normal 0 0 -1
    outer loop
      vertex 76.8432 4.52994 2.2
      vertex 77.1303 6.71112 2.2
      vertex 77.3 4.5 2.2
    endloop
  endfacet
  facet normal -0 0 -1
    outer loop
      vertex 77.1303 6.71112 2.2
      vertex 76.8432 4.52994 2.2
      vertex 76.9635 6.7443 2.2
    endloop
  endfacet
  facet normal 0 0 -1
    outer loop
      vertex 76.3941 4.61926 2.2
      vertex 76.9635 6.7443 2.2
      vertex 76.8432 4.52994 2.2
    endloop
  endfacet
  facet normal -0 0 -1
    outer loop
      vertex 76.9635 6.7443 2.2
      vertex 76.3941 4.61926 2.2
      vertex 76.8025 6.79896 2.2
    endloop
  endfacet
  facet normal 0 0 -1
    outer loop
      vertex 75.9606 4.76642 2.2
      vertex 76.8025 6.79896 2.2
      vertex 76.3941 4.61926 2.2
    endloop
  endfacet
  facet normal -0 0 -1
    outer loop
      vertex 76.8025 6.79896 2.2
      vertex 75.9606 4.76642 2.2
      vertex 76.65 6.87417 2.2
    endloop
  endfacet
  facet normal 0 0 -1
    outer loop
      vertex 75.55 4.96891 2.2
      vertex 76.65 6.87417 2.2
      vertex 75.9606 4.76642 2.2
    endloop
  endfacet
  facet normal -0 0 -1
    outer loop
      vertex 76.65 6.87417 2.2
      vertex 75.55 4.96891 2.2
      vertex 76.5086 6.96864 2.2
    endloop
  endfacet
  facet normal 0 0 -1
    outer loop
      vertex 75.1693 5.22326 2.2
      vertex 76.5086 6.96864 2.2
      vertex 75.55 4.96891 2.2
    endloop
  endfacet
  facet normal -0 0 -1
    outer loop
      vertex 76.5086 6.96864 2.2
      vertex 75.1693 5.22326 2.2
      vertex 76.3808 7.08076 2.2
    endloop
  endfacet
  facet normal 0 0 -1
    outer loop
      vertex 74.8251 5.52513 2.2
      vertex 76.3808 7.08076 2.2
      vertex 75.1693 5.22326 2.2
    endloop
  endfacet
  facet normal -0 0 -1
    outer loop
      vertex 76.3808 7.08076 2.2
      vertex 74.8251 5.52513 2.2
      vertex 76.2686 7.20861 2.2
    endloop
  endfacet
  facet normal -0 0 -1
    outer loop
      vertex 76.2686 7.20861 2.2
      vertex 74.5233 5.86934 2.2
      vertex 76.1742 7.35 2.2
    endloop
  endfacet
  facet normal 0 0 -1
    outer loop
      vertex 74.5233 5.86934 2.2
      vertex 76.2686 7.20861 2.2
      vertex 74.8251 5.52513 2.2
    endloop
  endfacet
  facet normal 0 0 -1
    outer loop
      vertex 78.3314 8.79139 2.2
      vertex 80.0767 10.1307 2.2
      vertex 78.4258 8.65 2.2
    endloop
  endfacet
  facet normal -0 0 -1
    outer loop
      vertex 80.0767 10.1307 2.2
      vertex 78.3314 8.79139 2.2
      vertex 79.7749 10.4749 2.2
    endloop
  endfacet
  facet normal 0 0 -1
    outer loop
      vertex 78.2192 8.91924 2.2
      vertex 79.7749 10.4749 2.2
      vertex 78.3314 8.79139 2.2
    endloop
  endfacet
  facet normal -0 0 -1
    outer loop
      vertex 79.7749 10.4749 2.2
      vertex 78.2192 8.91924 2.2
      vertex 79.4307 10.7767 2.2
    endloop
  endfacet
  facet normal 0 0 -1
    outer loop
      vertex 78.0914 9.03136 2.2
      vertex 79.4307 10.7767 2.2
      vertex 78.2192 8.91924 2.2
    endloop
  endfacet
  facet normal -0 0 -1
    outer loop
      vertex 79.4307 10.7767 2.2
      vertex 78.0914 9.03136 2.2
      vertex 79.05 11.0311 2.2
    endloop
  endfacet
  facet normal 0 0 -1
    outer loop
      vertex 77.95 9.12583 2.2
      vertex 79.05 11.0311 2.2
      vertex 78.0914 9.03136 2.2
    endloop
  endfacet
  facet normal -0 0 -1
    outer loop
      vertex 79.05 11.0311 2.2
      vertex 77.95 9.12583 2.2
      vertex 78.6394 11.2336 2.2
    endloop
  endfacet
  facet normal 0 0 -1
    outer loop
      vertex 77.7975 9.20104 2.2
      vertex 78.6394 11.2336 2.2
      vertex 77.95 9.12583 2.2
    endloop
  endfacet
  facet normal -0 0 -1
    outer loop
      vertex 78.6394 11.2336 2.2
      vertex 77.7975 9.20104 2.2
      vertex 78.2059 11.3807 2.2
    endloop
  endfacet
  facet normal 0 0 -1
    outer loop
      vertex 77.6365 9.2557 2.2
      vertex 78.2059 11.3807 2.2
      vertex 77.7975 9.20104 2.2
    endloop
  endfacet
  facet normal -0 0 -1
    outer loop
      vertex 78.2059 11.3807 2.2
      vertex 77.6365 9.2557 2.2
      vertex 77.7568 11.4701 2.2
    endloop
  endfacet
  facet normal 0 0 -1
    outer loop
      vertex 77.4697 9.28888 2.2
      vertex 77.7568 11.4701 2.2
      vertex 77.6365 9.2557 2.2
    endloop
  endfacet
  facet normal 0 0 -1
    outer loop
      vertex 77.3 9.3 2.2
      vertex 77.7568 11.4701 2.2
      vertex 77.4697 9.28888 2.2
    endloop
  endfacet
  facet normal 0 0 -1
    outer loop
      vertex 77.3 9.3 2.2
      vertex 77.3 11.5 2.2
      vertex 77.7568 11.4701 2.2
    endloop
  endfacet
  facet normal 0 0 -1
    outer loop
      vertex 77.1303 9.28888 2.2
      vertex 77.3 11.5 2.2
      vertex 77.3 9.3 2.2
    endloop
  endfacet
  facet normal 0 0 -1
    outer loop
      vertex 76.8432 11.4701 2.2
      vertex 77.1303 9.28888 2.2
      vertex 76.9635 9.2557 2.2
    endloop
  endfacet
  facet normal 0 0 -1
    outer loop
      vertex 77.1303 9.28888 2.2
      vertex 76.8432 11.4701 2.2
      vertex 77.3 11.5 2.2
    endloop
  endfacet
  facet normal 0 0 -1
    outer loop
      vertex 76.3941 11.3807 2.2
      vertex 76.9635 9.2557 2.2
      vertex 76.8025 9.20104 2.2
    endloop
  endfacet
  facet normal 0 0 -1
    outer loop
      vertex 75.9606 11.2336 2.2
      vertex 76.8025 9.20104 2.2
      vertex 76.65 9.12583 2.2
    endloop
  endfacet
  facet normal 0 0 -1
    outer loop
      vertex 75.55 11.0311 2.2
      vertex 76.65 9.12583 2.2
      vertex 76.5086 9.03136 2.2
    endloop
  endfacet
  facet normal 0 0 -1
    outer loop
      vertex 76.9635 9.2557 2.2
      vertex 76.3941 11.3807 2.2
      vertex 76.8432 11.4701 2.2
    endloop
  endfacet
  facet normal 0 0 -1
    outer loop
      vertex 75.1693 10.7767 2.2
      vertex 76.5086 9.03136 2.2
      vertex 76.3808 8.91924 2.2
    endloop
  endfacet
  facet normal 0 0 -1
    outer loop
      vertex 74.8251 10.4749 2.2
      vertex 76.3808 8.91924 2.2
      vertex 76.2686 8.79139 2.2
    endloop
  endfacet
  facet normal 0 0 -1
    outer loop
      vertex 74.5233 10.1307 2.2
      vertex 76.2686 8.79139 2.2
      vertex 76.1742 8.65 2.2
    endloop
  endfacet
  facet normal 0 0 -1
    outer loop
      vertex 74.2689 9.75 2.2
      vertex 76.1742 8.65 2.2
      vertex 76.099 8.49749 2.2
    endloop
  endfacet
  facet normal 0 0 -1
    outer loop
      vertex 74.0664 9.33939 2.2
      vertex 76.099 8.49749 2.2
      vertex 76.0443 8.33646 2.2
    endloop
  endfacet
  facet normal 0 0 -1
    outer loop
      vertex 73.9193 8.90587 2.2
      vertex 76.0443 8.33646 2.2
      vertex 76.0111 8.16968 2.2
    endloop
  endfacet
  facet normal 0 0 -1
    outer loop
      vertex 76.8025 9.20104 2.2
      vertex 75.9606 11.2336 2.2
      vertex 76.3941 11.3807 2.2
    endloop
  endfacet
  facet normal 0 0 -1
    outer loop
      vertex 73.8299 8.45684 2.2
      vertex 76.0111 8.16968 2.2
      vertex 76 8 2.2
    endloop
  endfacet
  facet normal 0 0 -1
    outer loop
      vertex 74.2689 6.25 2.2
      vertex 76.1742 7.35 2.2
      vertex 74.5233 5.86934 2.2
    endloop
  endfacet
  facet normal -0 0 -1
    outer loop
      vertex 76.1742 7.35 2.2
      vertex 74.2689 6.25 2.2
      vertex 76.099 7.50251 2.2
    endloop
  endfacet
  facet normal 0 0 -1
    outer loop
      vertex 76.65 9.12583 2.2
      vertex 75.55 11.0311 2.2
      vertex 75.9606 11.2336 2.2
    endloop
  endfacet
  facet normal 0 0 -1
    outer loop
      vertex 74.0664 6.66061 2.2
      vertex 76.099 7.50251 2.2
      vertex 74.2689 6.25 2.2
    endloop
  endfacet
  facet normal 0 0 -1
    outer loop
      vertex 76.5086 9.03136 2.2
      vertex 75.1693 10.7767 2.2
      vertex 75.55 11.0311 2.2
    endloop
  endfacet
  facet normal -0 0 -1
    outer loop
      vertex 76.099 7.50251 2.2
      vertex 74.0664 6.66061 2.2
      vertex 76.0443 7.66354 2.2
    endloop
  endfacet
  facet normal 0 0 -1
    outer loop
      vertex 76.3808 8.91924 2.2
      vertex 74.8251 10.4749 2.2
      vertex 75.1693 10.7767 2.2
    endloop
  endfacet
  facet normal 0 0 -1
    outer loop
      vertex 73.9193 7.09413 2.2
      vertex 76.0443 7.66354 2.2
      vertex 74.0664 6.66061 2.2
    endloop
  endfacet
  facet normal 0 0 -1
    outer loop
      vertex 76.2686 8.79139 2.2
      vertex 74.5233 10.1307 2.2
      vertex 74.8251 10.4749 2.2
    endloop
  endfacet
  facet normal -0 0 -1
    outer loop
      vertex 76.0443 7.66354 2.2
      vertex 73.9193 7.09413 2.2
      vertex 76.0111 7.83032 2.2
    endloop
  endfacet
  facet normal 0 0 -1
    outer loop
      vertex 76.1742 8.65 2.2
      vertex 74.2689 9.75 2.2
      vertex 74.5233 10.1307 2.2
    endloop
  endfacet
  facet normal 0 0 -1
    outer loop
      vertex 73.8299 7.54316 2.2
      vertex 76.0111 7.83032 2.2
      vertex 73.9193 7.09413 2.2
    endloop
  endfacet
  facet normal 0 0 -1
    outer loop
      vertex 76.099 8.49749 2.2
      vertex 74.0664 9.33939 2.2
      vertex 74.2689 9.75 2.2
    endloop
  endfacet
  facet normal -0 0 -1
    outer loop
      vertex 76.0111 7.83032 2.2
      vertex 73.8299 7.54316 2.2
      vertex 76 8 2.2
    endloop
  endfacet
  facet normal 0 0 -1
    outer loop
      vertex 76.0443 8.33646 2.2
      vertex 73.9193 8.90587 2.2
      vertex 74.0664 9.33939 2.2
    endloop
  endfacet
  facet normal 0 0 -1
    outer loop
      vertex 73.8 8 2.2
      vertex 76 8 2.2
      vertex 73.8299 7.54316 2.2
    endloop
  endfacet
  facet normal 0 0 -1
    outer loop
      vertex 76.0111 8.16968 2.2
      vertex 73.8299 8.45684 2.2
      vertex 73.9193 8.90587 2.2
    endloop
  endfacet
  facet normal 0 0 -1
    outer loop
      vertex 76 8 2.2
      vertex 73.8 8 2.2
      vertex 73.8299 8.45684 2.2
    endloop
  endfacet
  facet normal -0.980751 -0.195263 0
    outer loop
      vertex 73.9193 7.09413 2.2
      vertex 73.8299 7.54316 32.4
      vertex 73.8299 7.54316 2.2
    endloop
  endfacet
  facet normal -0.980751 -0.195263 0
    outer loop
      vertex 73.8299 7.54316 32.4
      vertex 73.9193 7.09413 2.2
      vertex 73.9193 7.09413 32.4
    endloop
  endfacet
  facet normal -0.751909 -0.659267 0
    outer loop
      vertex 74.8251 5.52513 2.2
      vertex 74.5233 5.86934 32.4
      vertex 74.5233 5.86934 2.2
    endloop
  endfacet
  facet normal -0.751909 -0.659267 0
    outer loop
      vertex 74.5233 5.86934 32.4
      vertex 74.8251 5.52513 2.2
      vertex 74.8251 5.52513 32.4
    endloop
  endfacet
  facet normal -0.195066 -0.98079 0
    outer loop
      vertex 76.3941 4.61926 2.2
      vertex 76.8432 4.52994 32.4
      vertex 76.3941 4.61926 32.4
    endloop
  endfacet
  facet normal -0.195066 -0.98079 -0
    outer loop
      vertex 76.8432 4.52994 32.4
      vertex 76.3941 4.61926 2.2
      vertex 76.8432 4.52994 2.2
    endloop
  endfacet
  facet normal -0.831445 0.555607 0
    outer loop
      vertex 74.2689 9.75 2.2
      vertex 74.5233 10.1307 32.4
      vertex 74.5233 10.1307 2.2
    endloop
  endfacet
  facet normal -0.831445 0.555607 0
    outer loop
      vertex 74.5233 10.1307 32.4
      vertex 74.2689 9.75 2.2
      vertex 74.2689 9.75 32.4
    endloop
  endfacet
  facet normal -0.0654026 -0.997859 0
    outer loop
      vertex 76.8432 4.52994 2.2
      vertex 77.3 4.5 32.4
      vertex 76.8432 4.52994 32.4
    endloop
  endfacet
  facet normal -0.0654026 -0.997859 -0
    outer loop
      vertex 77.3 4.5 32.4
      vertex 76.8432 4.52994 2.2
      vertex 77.3 4.5 2.2
    endloop
  endfacet
  facet normal -0.980757 -0.195234 0
    outer loop
      vertex 78.5889 8.16968 2.2
      vertex 78.5557 8.33646 32.4
      vertex 78.5557 8.33646 2.2
    endloop
  endfacet
  facet normal -0.980757 -0.195234 0
    outer loop
      vertex 78.5557 8.33646 32.4
      vertex 78.5889 8.16968 2.2
      vertex 78.5889 8.16968 32.4
    endloop
  endfacet
  facet normal -0.997867 -0.0652777 0
    outer loop
      vertex 78.6 8 2.2
      vertex 78.5889 8.16968 32.4
      vertex 78.5889 8.16968 2.2
    endloop
  endfacet
  facet normal -0.997867 -0.0652777 0
    outer loop
      vertex 78.5889 8.16968 32.4
      vertex 78.6 8 2.2
      vertex 78.6 8 32.4
    endloop
  endfacet
  facet normal -0.946863 -0.321638 0
    outer loop
      vertex 78.5557 8.33646 2.2
      vertex 78.501 8.49749 32.4
      vertex 78.501 8.49749 2.2
    endloop
  endfacet
  facet normal -0.946863 -0.321638 0
    outer loop
      vertex 78.501 8.49749 32.4
      vertex 78.5557 8.33646 2.2
      vertex 78.5557 8.33646 32.4
    endloop
  endfacet
  facet normal 0.195098 0.980784 -0
    outer loop
      vertex 77.1303 6.71112 2.2
      vertex 76.9635 6.7443 32.4
      vertex 77.1303 6.71112 32.4
    endloop
  endfacet
  facet normal 0.195098 0.980784 0
    outer loop
      vertex 76.9635 6.7443 32.4
      vertex 77.1303 6.71112 2.2
      vertex 76.9635 6.7443 2.2
    endloop
  endfacet
  facet normal -0.442314 -0.89686 0
    outer loop
      vertex 77.7975 9.20104 2.2
      vertex 77.95 9.12583 32.4
      vertex 77.7975 9.20104 32.4
    endloop
  endfacet
  facet normal -0.442314 -0.89686 -0
    outer loop
      vertex 77.95 9.12583 32.4
      vertex 77.7975 9.20104 2.2
      vertex 77.95 9.12583 2.2
    endloop
  endfacet
  facet normal -0.896895 -0.442243 0
    outer loop
      vertex 78.501 8.49749 2.2
      vertex 78.4258 8.65 32.4
      vertex 78.4258 8.65 2.2
    endloop
  endfacet
  facet normal -0.896895 -0.442243 0
    outer loop
      vertex 78.4258 8.65 32.4
      vertex 78.501 8.49749 2.2
      vertex 78.501 8.49749 32.4
    endloop
  endfacet
  facet normal -0.83167 -0.55527 0
    outer loop
      vertex 78.4258 8.65 2.2
      vertex 78.3314 8.79139 32.4
      vertex 78.3314 8.79139 2.2
    endloop
  endfacet
  facet normal -0.83167 -0.55527 0
    outer loop
      vertex 78.3314 8.79139 32.4
      vertex 78.4258 8.65 2.2
      vertex 78.4258 8.65 32.4
    endloop
  endfacet
  facet normal -0.751611 0.659607 0
    outer loop
      vertex 78.2192 7.08076 2.2
      vertex 78.3314 7.20861 32.4
      vertex 78.3314 7.20861 2.2
    endloop
  endfacet
  facet normal -0.751611 0.659607 0
    outer loop
      vertex 78.3314 7.20861 32.4
      vertex 78.2192 7.08076 2.2
      vertex 78.2192 7.08076 32.4
    endloop
  endfacet
  facet normal 0.442314 -0.89686 0
    outer loop
      vertex 76.65 9.12583 2.2
      vertex 76.8025 9.20104 32.4
      vertex 76.65 9.12583 32.4
    endloop
  endfacet
  facet normal 0.442314 -0.89686 0
    outer loop
      vertex 76.8025 9.20104 32.4
      vertex 76.65 9.12583 2.2
      vertex 76.8025 9.20104 2.2
    endloop
  endfacet
  facet normal 0.997867 0.0652777 0
    outer loop
      vertex 76.0111 7.83032 32.4
      vertex 76 8 2.2
      vertex 76 8 32.4
    endloop
  endfacet
  facet normal 0.997867 0.0652777 0
    outer loop
      vertex 76 8 2.2
      vertex 76.0111 7.83032 32.4
      vertex 76.0111 7.83032 2.2
    endloop
  endfacet
  facet normal -0.896895 0.442243 0
    outer loop
      vertex 78.4258 7.35 2.2
      vertex 78.501 7.50251 32.4
      vertex 78.501 7.50251 2.2
    endloop
  endfacet
  facet normal -0.896895 0.442243 0
    outer loop
      vertex 78.501 7.50251 32.4
      vertex 78.4258 7.35 2.2
      vertex 78.4258 7.35 32.4
    endloop
  endfacet
  facet normal 0.659487 -0.751716 0
    outer loop
      vertex 76.3808 8.91924 2.2
      vertex 76.5086 9.03136 32.4
      vertex 76.3808 8.91924 32.4
    endloop
  endfacet
  facet normal 0.659487 -0.751716 0
    outer loop
      vertex 76.5086 9.03136 32.4
      vertex 76.3808 8.91924 2.2
      vertex 76.5086 9.03136 2.2
    endloop
  endfacet
  facet normal -0.751611 -0.659607 0
    outer loop
      vertex 78.3314 8.79139 2.2
      vertex 78.2192 8.91924 32.4
      vertex 78.2192 8.91924 2.2
    endloop
  endfacet
  facet normal -0.751611 -0.659607 0
    outer loop
      vertex 78.2192 8.91924 32.4
      vertex 78.3314 8.79139 2.2
      vertex 78.3314 8.79139 32.4
    endloop
  endfacet
  facet normal -0.980757 0.195234 0
    outer loop
      vertex 78.5557 7.66354 2.2
      vertex 78.5889 7.83032 32.4
      vertex 78.5889 7.83032 2.2
    endloop
  endfacet
  facet normal -0.980757 0.195234 0
    outer loop
      vertex 78.5889 7.83032 32.4
      vertex 78.5557 7.66354 2.2
      vertex 78.5557 7.66354 32.4
    endloop
  endfacet
  facet normal -0.946863 0.321638 0
    outer loop
      vertex 78.501 7.50251 2.2
      vertex 78.5557 7.66354 32.4
      vertex 78.5557 7.66354 2.2
    endloop
  endfacet
  facet normal -0.946863 0.321638 0
    outer loop
      vertex 78.5557 7.66354 32.4
      vertex 78.501 7.50251 2.2
      vertex 78.501 7.50251 32.4
    endloop
  endfacet
  facet normal 0.980757 0.195234 0
    outer loop
      vertex 76.0443 7.66354 32.4
      vertex 76.0111 7.83032 2.2
      vertex 76.0111 7.83032 32.4
    endloop
  endfacet
  facet normal 0.980757 0.195234 0
    outer loop
      vertex 76.0111 7.83032 2.2
      vertex 76.0443 7.66354 32.4
      vertex 76.0443 7.66354 2.2
    endloop
  endfacet
  facet normal 0.751611 0.659607 0
    outer loop
      vertex 76.3808 7.08076 32.4
      vertex 76.2686 7.20861 2.2
      vertex 76.2686 7.20861 32.4
    endloop
  endfacet
  facet normal 0.751611 0.659607 0
    outer loop
      vertex 76.2686 7.20861 2.2
      vertex 76.3808 7.08076 32.4
      vertex 76.3808 7.08076 2.2
    endloop
  endfacet
  facet normal -0.555528 -0.831498 0
    outer loop
      vertex 77.95 9.12583 2.2
      vertex 78.0914 9.03136 32.4
      vertex 77.95 9.12583 32.4
    endloop
  endfacet
  facet normal -0.555528 -0.831498 -0
    outer loop
      vertex 78.0914 9.03136 32.4
      vertex 77.95 9.12583 2.2
      vertex 78.0914 9.03136 2.2
    endloop
  endfacet
  facet normal -0.83167 0.55527 0
    outer loop
      vertex 78.3314 7.20861 2.2
      vertex 78.4258 7.35 32.4
      vertex 78.4258 7.35 2.2
    endloop
  endfacet
  facet normal -0.83167 0.55527 0
    outer loop
      vertex 78.4258 7.35 32.4
      vertex 78.3314 7.20861 2.2
      vertex 78.3314 7.20861 32.4
    endloop
  endfacet
  facet normal -0.321481 0.946916 0
    outer loop
      vertex 77.7975 6.79896 2.2
      vertex 77.6365 6.7443 32.4
      vertex 77.7975 6.79896 32.4
    endloop
  endfacet
  facet normal -0.321481 0.946916 0
    outer loop
      vertex 77.6365 6.7443 32.4
      vertex 77.7975 6.79896 2.2
      vertex 77.6365 6.7443 2.2
    endloop
  endfacet
  facet normal -0.195098 0.980784 0
    outer loop
      vertex 77.6365 6.7443 2.2
      vertex 77.4697 6.71112 32.4
      vertex 77.6365 6.7443 32.4
    endloop
  endfacet
  facet normal -0.195098 0.980784 0
    outer loop
      vertex 77.4697 6.71112 32.4
      vertex 77.6365 6.7443 2.2
      vertex 77.4697 6.71112 2.2
    endloop
  endfacet
  facet normal 0.0653872 0.99786 -0
    outer loop
      vertex 77.3 6.7 2.2
      vertex 77.1303 6.71112 32.4
      vertex 77.3 6.7 32.4
    endloop
  endfacet
  facet normal 0.0653872 0.99786 0
    outer loop
      vertex 77.1303 6.71112 32.4
      vertex 77.3 6.7 2.2
      vertex 77.1303 6.71112 2.2
    endloop
  endfacet
  facet normal 0.659487 0.751716 -0
    outer loop
      vertex 76.5086 6.96864 2.2
      vertex 76.3808 7.08076 32.4
      vertex 76.5086 6.96864 32.4
    endloop
  endfacet
  facet normal 0.659487 0.751716 0
    outer loop
      vertex 76.3808 7.08076 32.4
      vertex 76.5086 6.96864 2.2
      vertex 76.3808 7.08076 2.2
    endloop
  endfacet
  facet normal -0.659487 -0.751716 0
    outer loop
      vertex 78.0914 9.03136 2.2
      vertex 78.2192 8.91924 32.4
      vertex 78.0914 9.03136 32.4
    endloop
  endfacet
  facet normal -0.659487 -0.751716 -0
    outer loop
      vertex 78.2192 8.91924 32.4
      vertex 78.0914 9.03136 2.2
      vertex 78.2192 8.91924 2.2
    endloop
  endfacet
  facet normal 0.980757 -0.195234 0
    outer loop
      vertex 76.0111 8.16968 32.4
      vertex 76.0443 8.33646 2.2
      vertex 76.0443 8.33646 32.4
    endloop
  endfacet
  facet normal 0.980757 -0.195234 0
    outer loop
      vertex 76.0443 8.33646 2.2
      vertex 76.0111 8.16968 32.4
      vertex 76.0111 8.16968 2.2
    endloop
  endfacet
  facet normal 0.321481 -0.946916 0
    outer loop
      vertex 76.8025 9.20104 2.2
      vertex 76.9635 9.2557 32.4
      vertex 76.8025 9.20104 32.4
    endloop
  endfacet
  facet normal 0.321481 -0.946916 0
    outer loop
      vertex 76.9635 9.2557 32.4
      vertex 76.8025 9.20104 2.2
      vertex 76.9635 9.2557 2.2
    endloop
  endfacet
  facet normal -0.659487 0.751716 0
    outer loop
      vertex 78.2192 7.08076 2.2
      vertex 78.0914 6.96864 32.4
      vertex 78.2192 7.08076 32.4
    endloop
  endfacet
  facet normal -0.659487 0.751716 0
    outer loop
      vertex 78.0914 6.96864 32.4
      vertex 78.2192 7.08076 2.2
      vertex 78.0914 6.96864 2.2
    endloop
  endfacet
  facet normal 0.946863 0.321638 0
    outer loop
      vertex 76.099 7.50251 32.4
      vertex 76.0443 7.66354 2.2
      vertex 76.0443 7.66354 32.4
    endloop
  endfacet
  facet normal 0.946863 0.321638 0
    outer loop
      vertex 76.0443 7.66354 2.2
      vertex 76.099 7.50251 32.4
      vertex 76.099 7.50251 2.2
    endloop
  endfacet
  facet normal -0.0653872 0.99786 0
    outer loop
      vertex 77.4697 6.71112 2.2
      vertex 77.3 6.7 32.4
      vertex 77.4697 6.71112 32.4
    endloop
  endfacet
  facet normal -0.0653872 0.99786 0
    outer loop
      vertex 77.3 6.7 32.4
      vertex 77.4697 6.71112 2.2
      vertex 77.3 6.7 2.2
    endloop
  endfacet
  facet normal 0.751611 -0.659607 0
    outer loop
      vertex 76.2686 8.79139 32.4
      vertex 76.3808 8.91924 2.2
      vertex 76.3808 8.91924 32.4
    endloop
  endfacet
  facet normal 0.751611 -0.659607 0
    outer loop
      vertex 76.3808 8.91924 2.2
      vertex 76.2686 8.79139 32.4
      vertex 76.2686 8.79139 2.2
    endloop
  endfacet
  facet normal 0.83167 -0.55527 0
    outer loop
      vertex 76.1742 8.65 32.4
      vertex 76.2686 8.79139 2.2
      vertex 76.2686 8.79139 32.4
    endloop
  endfacet
  facet normal 0.83167 -0.55527 0
    outer loop
      vertex 76.2686 8.79139 2.2
      vertex 76.1742 8.65 32.4
      vertex 76.1742 8.65 2.2
    endloop
  endfacet
  facet normal 0.946863 -0.321638 0
    outer loop
      vertex 76.0443 8.33646 32.4
      vertex 76.099 8.49749 2.2
      vertex 76.099 8.49749 32.4
    endloop
  endfacet
  facet normal 0.946863 -0.321638 0
    outer loop
      vertex 76.099 8.49749 2.2
      vertex 76.0443 8.33646 32.4
      vertex 76.0443 8.33646 2.2
    endloop
  endfacet
  facet normal -0.321481 -0.946916 0
    outer loop
      vertex 77.6365 9.2557 2.2
      vertex 77.7975 9.20104 32.4
      vertex 77.6365 9.2557 32.4
    endloop
  endfacet
  facet normal -0.321481 -0.946916 -0
    outer loop
      vertex 77.7975 9.20104 32.4
      vertex 77.6365 9.2557 2.2
      vertex 77.7975 9.20104 2.2
    endloop
  endfacet
  facet normal 0.997867 -0.0652777 0
    outer loop
      vertex 76 8 32.4
      vertex 76.0111 8.16968 2.2
      vertex 76.0111 8.16968 32.4
    endloop
  endfacet
  facet normal 0.997867 -0.0652777 0
    outer loop
      vertex 76.0111 8.16968 2.2
      vertex 76 8 32.4
      vertex 76 8 2.2
    endloop
  endfacet
  facet normal 0.896895 0.442243 0
    outer loop
      vertex 76.1742 7.35 32.4
      vertex 76.099 7.50251 2.2
      vertex 76.099 7.50251 32.4
    endloop
  endfacet
  facet normal 0.896895 0.442243 0
    outer loop
      vertex 76.099 7.50251 2.2
      vertex 76.1742 7.35 32.4
      vertex 76.1742 7.35 2.2
    endloop
  endfacet
  facet normal 0.83167 0.55527 0
    outer loop
      vertex 76.2686 7.20861 32.4
      vertex 76.1742 7.35 2.2
      vertex 76.1742 7.35 32.4
    endloop
  endfacet
  facet normal 0.83167 0.55527 0
    outer loop
      vertex 76.1742 7.35 2.2
      vertex 76.2686 7.20861 32.4
      vertex 76.2686 7.20861 2.2
    endloop
  endfacet
  facet normal -0.997867 0.0652777 0
    outer loop
      vertex 78.5889 7.83032 2.2
      vertex 78.6 8 32.4
      vertex 78.6 8 2.2
    endloop
  endfacet
  facet normal -0.997867 0.0652777 0
    outer loop
      vertex 78.6 8 32.4
      vertex 78.5889 7.83032 2.2
      vertex 78.5889 7.83032 32.4
    endloop
  endfacet
  facet normal 0.0653872 -0.99786 0
    outer loop
      vertex 77.1303 9.28888 2.2
      vertex 77.3 9.3 32.4
      vertex 77.1303 9.28888 32.4
    endloop
  endfacet
  facet normal 0.0653872 -0.99786 0
    outer loop
      vertex 77.3 9.3 32.4
      vertex 77.1303 9.28888 2.2
      vertex 77.3 9.3 2.2
    endloop
  endfacet
  facet normal -0.555528 0.831498 0
    outer loop
      vertex 78.0914 6.96864 2.2
      vertex 77.95 6.87417 32.4
      vertex 78.0914 6.96864 32.4
    endloop
  endfacet
  facet normal -0.555528 0.831498 0
    outer loop
      vertex 77.95 6.87417 32.4
      vertex 78.0914 6.96864 2.2
      vertex 77.95 6.87417 2.2
    endloop
  endfacet
  facet normal 0.195098 -0.980784 0
    outer loop
      vertex 76.9635 9.2557 2.2
      vertex 77.1303 9.28888 32.4
      vertex 76.9635 9.2557 32.4
    endloop
  endfacet
  facet normal 0.195098 -0.980784 0
    outer loop
      vertex 77.1303 9.28888 32.4
      vertex 76.9635 9.2557 2.2
      vertex 77.1303 9.28888 2.2
    endloop
  endfacet
  facet normal 0.896895 -0.442243 0
    outer loop
      vertex 76.099 8.49749 32.4
      vertex 76.1742 8.65 2.2
      vertex 76.1742 8.65 32.4
    endloop
  endfacet
  facet normal 0.896895 -0.442243 0
    outer loop
      vertex 76.1742 8.65 2.2
      vertex 76.099 8.49749 32.4
      vertex 76.099 8.49749 2.2
    endloop
  endfacet
  facet normal 0.555528 -0.831498 0
    outer loop
      vertex 76.5086 9.03136 2.2
      vertex 76.65 9.12583 32.4
      vertex 76.5086 9.03136 32.4
    endloop
  endfacet
  facet normal 0.555528 -0.831498 0
    outer loop
      vertex 76.65 9.12583 32.4
      vertex 76.5086 9.03136 2.2
      vertex 76.65 9.12583 2.2
    endloop
  endfacet
  facet normal 0.321481 0.946916 -0
    outer loop
      vertex 76.9635 6.7443 2.2
      vertex 76.8025 6.79896 32.4
      vertex 76.9635 6.7443 32.4
    endloop
  endfacet
  facet normal 0.321481 0.946916 0
    outer loop
      vertex 76.8025 6.79896 32.4
      vertex 76.9635 6.7443 2.2
      vertex 76.8025 6.79896 2.2
    endloop
  endfacet
  facet normal -0.0653872 -0.99786 0
    outer loop
      vertex 77.3 9.3 2.2
      vertex 77.4697 9.28888 32.4
      vertex 77.3 9.3 32.4
    endloop
  endfacet
  facet normal -0.0653872 -0.99786 -0
    outer loop
      vertex 77.4697 9.28888 32.4
      vertex 77.3 9.3 2.2
      vertex 77.4697 9.28888 2.2
    endloop
  endfacet
  facet normal -0.195098 -0.980784 0
    outer loop
      vertex 77.4697 9.28888 2.2
      vertex 77.6365 9.2557 32.4
      vertex 77.4697 9.28888 32.4
    endloop
  endfacet
  facet normal -0.195098 -0.980784 -0
    outer loop
      vertex 77.6365 9.2557 32.4
      vertex 77.4697 9.28888 2.2
      vertex 77.6365 9.2557 2.2
    endloop
  endfacet
  facet normal -0.442314 0.89686 0
    outer loop
      vertex 77.95 6.87417 2.2
      vertex 77.7975 6.79896 32.4
      vertex 77.95 6.87417 32.4
    endloop
  endfacet
  facet normal -0.442314 0.89686 0
    outer loop
      vertex 77.7975 6.79896 32.4
      vertex 77.95 6.87417 2.2
      vertex 77.7975 6.79896 2.2
    endloop
  endfacet
  facet normal 0.442314 0.89686 -0
    outer loop
      vertex 76.8025 6.79896 2.2
      vertex 76.65 6.87417 32.4
      vertex 76.8025 6.79896 32.4
    endloop
  endfacet
  facet normal 0.442314 0.89686 0
    outer loop
      vertex 76.65 6.87417 32.4
      vertex 76.8025 6.79896 2.2
      vertex 76.65 6.87417 2.2
    endloop
  endfacet
  facet normal 0.555528 0.831498 -0
    outer loop
      vertex 76.65 6.87417 2.2
      vertex 76.5086 6.96864 32.4
      vertex 76.65 6.87417 32.4
    endloop
  endfacet
  facet normal 0.555528 0.831498 0
    outer loop
      vertex 76.5086 6.96864 32.4
      vertex 76.65 6.87417 2.2
      vertex 76.5086 6.96864 2.2
    endloop
  endfacet
  facet normal 0.980757 0.195234 0
    outer loop
      vertex 80.7701 33.1568 32.4
      vertex 80.6807 33.6059 2.2
      vertex 80.6807 33.6059 32.4
    endloop
  endfacet
  facet normal 0.980757 0.195234 0
    outer loop
      vertex 80.6807 33.6059 2.2
      vertex 80.7701 33.1568 32.4
      vertex 80.7701 33.1568 2.2
    endloop
  endfacet
  facet normal 0.997865 0.0653156 0
    outer loop
      vertex 80.8 32.7 32.4
      vertex 80.7701 33.1568 2.2
      vertex 80.7701 33.1568 32.4
    endloop
  endfacet
  facet normal 0.997865 0.0653156 0
    outer loop
      vertex 80.7701 33.1568 2.2
      vertex 80.8 32.7 32.4
      vertex 80.8 32.7 2.2
    endloop
  endfacet
  facet normal 0.321335 -0.946966 0
    outer loop
      vertex 78.2059 29.3193 2.2
      vertex 78.6394 29.4664 32.4
      vertex 78.2059 29.3193 32.4
    endloop
  endfacet
  facet normal 0.321335 -0.946966 0
    outer loop
      vertex 78.6394 29.4664 32.4
      vertex 78.2059 29.3193 2.2
      vertex 78.6394 29.4664 2.2
    endloop
  endfacet
  facet normal 0.831445 0.555607 0
    outer loop
      vertex 80.3311 34.45 32.4
      vertex 80.0767 34.8307 2.2
      vertex 80.0767 34.8307 32.4
    endloop
  endfacet
  facet normal 0.831445 0.555607 0
    outer loop
      vertex 80.0767 34.8307 2.2
      vertex 80.3311 34.45 32.4
      vertex 80.3311 34.45 2.2
    endloop
  endfacet
  facet normal -0.89686 0.442314 0
    outer loop
      vertex 74.0664 34.0394 2.2
      vertex 74.2689 34.45 32.4
      vertex 74.2689 34.45 2.2
    endloop
  endfacet
  facet normal -0.89686 0.442314 0
    outer loop
      vertex 74.2689 34.45 32.4
      vertex 74.0664 34.0394 2.2
      vertex 74.0664 34.0394 32.4
    endloop
  endfacet
  facet normal -0.555607 0.831445 0
    outer loop
      vertex 75.55 35.7311 2.2
      vertex 75.1693 35.4767 32.4
      vertex 75.55 35.7311 32.4
    endloop
  endfacet
  facet normal -0.555607 0.831445 0
    outer loop
      vertex 75.1693 35.4767 32.4
      vertex 75.55 35.7311 2.2
      vertex 75.1693 35.4767 2.2
    endloop
  endfacet
  facet normal -0.659278 0.7519 0
    outer loop
      vertex 75.1693 35.4767 2.2
      vertex 74.8251 35.1749 32.4
      vertex 75.1693 35.4767 32.4
    endloop
  endfacet
  facet normal -0.659278 0.7519 0
    outer loop
      vertex 74.8251 35.1749 32.4
      vertex 75.1693 35.4767 2.2
      vertex 74.8251 35.1749 2.2
    endloop
  endfacet
  facet normal -0.7519 0.659278 0
    outer loop
      vertex 74.5233 34.8307 2.2
      vertex 74.8251 35.1749 32.4
      vertex 74.8251 35.1749 2.2
    endloop
  endfacet
  facet normal -0.7519 0.659278 0
    outer loop
      vertex 74.8251 35.1749 32.4
      vertex 74.5233 34.8307 2.2
      vertex 74.5233 34.8307 32.4
    endloop
  endfacet
  facet normal 0.946966 -0.321335 0
    outer loop
      vertex 80.5336 31.3606 32.4
      vertex 80.6807 31.7941 2.2
      vertex 80.6807 31.7941 32.4
    endloop
  endfacet
  facet normal 0.946966 -0.321335 0
    outer loop
      vertex 80.6807 31.7941 2.2
      vertex 80.5336 31.3606 32.4
      vertex 80.5336 31.3606 2.2
    endloop
  endfacet
  facet normal -0.997865 0.0653156 0
    outer loop
      vertex 73.8 32.7 2.2
      vertex 73.8299 33.1568 32.4
      vertex 73.8299 33.1568 2.2
    endloop
  endfacet
  facet normal -0.997865 0.0653156 0
    outer loop
      vertex 73.8299 33.1568 32.4
      vertex 73.8 32.7 2.2
      vertex 73.8 32.7 32.4
    endloop
  endfacet
  facet normal 0.555607 0.831445 -0
    outer loop
      vertex 79.4307 35.4767 2.2
      vertex 79.05 35.7311 32.4
      vertex 79.4307 35.4767 32.4
    endloop
  endfacet
  facet normal 0.555607 0.831445 0
    outer loop
      vertex 79.05 35.7311 32.4
      vertex 79.4307 35.4767 2.2
      vertex 79.05 35.7311 2.2
    endloop
  endfacet
  facet normal -0.321335 -0.946966 0
    outer loop
      vertex 75.9606 29.4664 2.2
      vertex 76.3941 29.3193 32.4
      vertex 75.9606 29.4664 32.4
    endloop
  endfacet
  facet normal -0.321335 -0.946966 -0
    outer loop
      vertex 76.3941 29.3193 32.4
      vertex 75.9606 29.4664 2.2
      vertex 76.3941 29.3193 2.2
    endloop
  endfacet
  facet normal 0.195234 -0.980757 0
    outer loop
      vertex 77.7568 29.2299 2.2
      vertex 78.2059 29.3193 32.4
      vertex 77.7568 29.2299 32.4
    endloop
  endfacet
  facet normal 0.195234 -0.980757 0
    outer loop
      vertex 78.2059 29.3193 32.4
      vertex 77.7568 29.2299 2.2
      vertex 78.2059 29.3193 2.2
    endloop
  endfacet
  facet normal -0.321335 0.946966 0
    outer loop
      vertex 76.3941 36.0807 2.2
      vertex 75.9606 35.9336 32.4
      vertex 76.3941 36.0807 32.4
    endloop
  endfacet
  facet normal -0.321335 0.946966 0
    outer loop
      vertex 75.9606 35.9336 32.4
      vertex 76.3941 36.0807 2.2
      vertex 75.9606 35.9336 2.2
    endloop
  endfacet
  facet normal -0.831445 -0.555607 0
    outer loop
      vertex 74.5233 30.5693 2.2
      vertex 74.2689 30.95 32.4
      vertex 74.2689 30.95 2.2
    endloop
  endfacet
  facet normal -0.831445 -0.555607 0
    outer loop
      vertex 74.2689 30.95 32.4
      vertex 74.5233 30.5693 2.2
      vertex 74.5233 30.5693 32.4
    endloop
  endfacet
  facet normal 0.555607 -0.831445 0
    outer loop
      vertex 79.05 29.6689 2.2
      vertex 79.4307 29.9233 32.4
      vertex 79.05 29.6689 32.4
    endloop
  endfacet
  facet normal 0.555607 -0.831445 0
    outer loop
      vertex 79.4307 29.9233 32.4
      vertex 79.05 29.6689 2.2
      vertex 79.4307 29.9233 2.2
    endloop
  endfacet
  facet normal -0.946966 0.321335 0
    outer loop
      vertex 73.9193 33.6059 2.2
      vertex 74.0664 34.0394 32.4
      vertex 74.0664 34.0394 2.2
    endloop
  endfacet
  facet normal -0.946966 0.321335 0
    outer loop
      vertex 74.0664 34.0394 32.4
      vertex 73.9193 33.6059 2.2
      vertex 73.9193 33.6059 32.4
    endloop
  endfacet
  facet normal 0.321335 0.946966 -0
    outer loop
      vertex 78.6394 35.9336 2.2
      vertex 78.2059 36.0807 32.4
      vertex 78.6394 35.9336 32.4
    endloop
  endfacet
  facet normal 0.321335 0.946966 0
    outer loop
      vertex 78.2059 36.0807 32.4
      vertex 78.6394 35.9336 2.2
      vertex 78.2059 36.0807 2.2
    endloop
  endfacet
  facet normal 0.0653156 0.997865 -0
    outer loop
      vertex 77.7568 36.1701 2.2
      vertex 77.3 36.2 32.4
      vertex 77.7568 36.1701 32.4
    endloop
  endfacet
  facet normal 0.0653156 0.997865 0
    outer loop
      vertex 77.3 36.2 32.4
      vertex 77.7568 36.1701 2.2
      vertex 77.3 36.2 2.2
    endloop
  endfacet
  facet normal -0.442314 0.89686 0
    outer loop
      vertex 75.9606 35.9336 2.2
      vertex 75.55 35.7311 32.4
      vertex 75.9606 35.9336 32.4
    endloop
  endfacet
  facet normal -0.442314 0.89686 0
    outer loop
      vertex 75.55 35.7311 32.4
      vertex 75.9606 35.9336 2.2
      vertex 75.55 35.7311 2.2
    endloop
  endfacet
  facet normal 0.831445 -0.555607 0
    outer loop
      vertex 80.0767 30.5693 32.4
      vertex 80.3311 30.95 2.2
      vertex 80.3311 30.95 32.4
    endloop
  endfacet
  facet normal 0.831445 -0.555607 0
    outer loop
      vertex 80.3311 30.95 2.2
      vertex 80.0767 30.5693 32.4
      vertex 80.0767 30.5693 2.2
    endloop
  endfacet
  facet normal -0.997865 -0.0653156 0
    outer loop
      vertex 73.8299 32.2432 2.2
      vertex 73.8 32.7 32.4
      vertex 73.8 32.7 2.2
    endloop
  endfacet
  facet normal -0.997865 -0.0653156 0
    outer loop
      vertex 73.8 32.7 32.4
      vertex 73.8299 32.2432 2.2
      vertex 73.8299 32.2432 32.4
    endloop
  endfacet
  facet normal -0.946966 -0.321335 0
    outer loop
      vertex 74.0664 31.3606 2.2
      vertex 73.9193 31.7941 32.4
      vertex 73.9193 31.7941 2.2
    endloop
  endfacet
  facet normal -0.946966 -0.321335 0
    outer loop
      vertex 73.9193 31.7941 32.4
      vertex 74.0664 31.3606 2.2
      vertex 74.0664 31.3606 32.4
    endloop
  endfacet
  facet normal -0.659278 -0.7519 0
    outer loop
      vertex 74.8251 30.2251 2.2
      vertex 75.1693 29.9233 32.4
      vertex 74.8251 30.2251 32.4
    endloop
  endfacet
  facet normal -0.659278 -0.7519 -0
    outer loop
      vertex 75.1693 29.9233 32.4
      vertex 74.8251 30.2251 2.2
      vertex 75.1693 29.9233 2.2
    endloop
  endfacet
  facet normal 0.442314 0.89686 -0
    outer loop
      vertex 79.05 35.7311 2.2
      vertex 78.6394 35.9336 32.4
      vertex 79.05 35.7311 32.4
    endloop
  endfacet
  facet normal 0.442314 0.89686 0
    outer loop
      vertex 78.6394 35.9336 32.4
      vertex 79.05 35.7311 2.2
      vertex 78.6394 35.9336 2.2
    endloop
  endfacet
  facet normal -0.195234 0.980757 0
    outer loop
      vertex 76.8432 36.1701 2.2
      vertex 76.3941 36.0807 32.4
      vertex 76.8432 36.1701 32.4
    endloop
  endfacet
  facet normal -0.195234 0.980757 0
    outer loop
      vertex 76.3941 36.0807 32.4
      vertex 76.8432 36.1701 2.2
      vertex 76.3941 36.0807 2.2
    endloop
  endfacet
  facet normal 0.7519 0.659278 0
    outer loop
      vertex 80.0767 34.8307 32.4
      vertex 79.7749 35.1749 2.2
      vertex 79.7749 35.1749 32.4
    endloop
  endfacet
  facet normal 0.7519 0.659278 0
    outer loop
      vertex 79.7749 35.1749 2.2
      vertex 80.0767 34.8307 32.4
      vertex 80.0767 34.8307 2.2
    endloop
  endfacet
  facet normal 0.195234 0.980757 -0
    outer loop
      vertex 78.2059 36.0807 2.2
      vertex 77.7568 36.1701 32.4
      vertex 78.2059 36.0807 32.4
    endloop
  endfacet
  facet normal 0.195234 0.980757 0
    outer loop
      vertex 77.7568 36.1701 32.4
      vertex 78.2059 36.0807 2.2
      vertex 77.7568 36.1701 2.2
    endloop
  endfacet
  facet normal 0.7519 -0.659278 0
    outer loop
      vertex 79.7749 30.2251 32.4
      vertex 80.0767 30.5693 2.2
      vertex 80.0767 30.5693 32.4
    endloop
  endfacet
  facet normal 0.7519 -0.659278 0
    outer loop
      vertex 80.0767 30.5693 2.2
      vertex 79.7749 30.2251 32.4
      vertex 79.7749 30.2251 2.2
    endloop
  endfacet
  facet normal -0.442314 -0.89686 0
    outer loop
      vertex 75.55 29.6689 2.2
      vertex 75.9606 29.4664 32.4
      vertex 75.55 29.6689 32.4
    endloop
  endfacet
  facet normal -0.442314 -0.89686 -0
    outer loop
      vertex 75.9606 29.4664 32.4
      vertex 75.55 29.6689 2.2
      vertex 75.9606 29.4664 2.2
    endloop
  endfacet
  facet normal -0.0653156 0.997865 0
    outer loop
      vertex 77.3 36.2 2.2
      vertex 76.8432 36.1701 32.4
      vertex 77.3 36.2 32.4
    endloop
  endfacet
  facet normal -0.0653156 0.997865 0
    outer loop
      vertex 76.8432 36.1701 32.4
      vertex 77.3 36.2 2.2
      vertex 76.8432 36.1701 2.2
    endloop
  endfacet
  facet normal -0.980757 0.195234 0
    outer loop
      vertex 73.8299 33.1568 2.2
      vertex 73.9193 33.6059 32.4
      vertex 73.9193 33.6059 2.2
    endloop
  endfacet
  facet normal -0.980757 0.195234 0
    outer loop
      vertex 73.9193 33.6059 32.4
      vertex 73.8299 33.1568 2.2
      vertex 73.8299 33.1568 32.4
    endloop
  endfacet
  facet normal 0.0653156 -0.997865 0
    outer loop
      vertex 77.3 29.2 2.2
      vertex 77.7568 29.2299 32.4
      vertex 77.3 29.2 32.4
    endloop
  endfacet
  facet normal 0.0653156 -0.997865 0
    outer loop
      vertex 77.7568 29.2299 32.4
      vertex 77.3 29.2 2.2
      vertex 77.7568 29.2299 2.2
    endloop
  endfacet
  facet normal 0.442314 -0.89686 0
    outer loop
      vertex 78.6394 29.4664 2.2
      vertex 79.05 29.6689 32.4
      vertex 78.6394 29.4664 32.4
    endloop
  endfacet
  facet normal 0.442314 -0.89686 0
    outer loop
      vertex 79.05 29.6689 32.4
      vertex 78.6394 29.4664 2.2
      vertex 79.05 29.6689 2.2
    endloop
  endfacet
  facet normal 0.659278 -0.7519 0
    outer loop
      vertex 79.4307 29.9233 2.2
      vertex 79.7749 30.2251 32.4
      vertex 79.4307 29.9233 32.4
    endloop
  endfacet
  facet normal 0.659278 -0.7519 0
    outer loop
      vertex 79.7749 30.2251 32.4
      vertex 79.4307 29.9233 2.2
      vertex 79.7749 30.2251 2.2
    endloop
  endfacet
  facet normal -0.89686 -0.442314 0
    outer loop
      vertex 74.2689 30.95 2.2
      vertex 74.0664 31.3606 32.4
      vertex 74.0664 31.3606 2.2
    endloop
  endfacet
  facet normal -0.89686 -0.442314 0
    outer loop
      vertex 74.0664 31.3606 32.4
      vertex 74.2689 30.95 2.2
      vertex 74.2689 30.95 32.4
    endloop
  endfacet
  facet normal 0.89686 -0.442314 0
    outer loop
      vertex 80.3311 30.95 32.4
      vertex 80.5336 31.3606 2.2
      vertex 80.5336 31.3606 32.4
    endloop
  endfacet
  facet normal 0.89686 -0.442314 0
    outer loop
      vertex 80.5336 31.3606 2.2
      vertex 80.3311 30.95 32.4
      vertex 80.3311 30.95 2.2
    endloop
  endfacet
  facet normal 0.659278 0.7519 -0
    outer loop
      vertex 79.7749 35.1749 2.2
      vertex 79.4307 35.4767 32.4
      vertex 79.7749 35.1749 32.4
    endloop
  endfacet
  facet normal 0.659278 0.7519 0
    outer loop
      vertex 79.4307 35.4767 32.4
      vertex 79.7749 35.1749 2.2
      vertex 79.4307 35.4767 2.2
    endloop
  endfacet
  facet normal 0.997865 -0.0653156 0
    outer loop
      vertex 80.7701 32.2432 32.4
      vertex 80.8 32.7 2.2
      vertex 80.8 32.7 32.4
    endloop
  endfacet
  facet normal 0.997865 -0.0653156 0
    outer loop
      vertex 80.8 32.7 2.2
      vertex 80.7701 32.2432 32.4
      vertex 80.7701 32.2432 2.2
    endloop
  endfacet
  facet normal -0.555607 -0.831445 0
    outer loop
      vertex 75.1693 29.9233 2.2
      vertex 75.55 29.6689 32.4
      vertex 75.1693 29.9233 32.4
    endloop
  endfacet
  facet normal -0.555607 -0.831445 -0
    outer loop
      vertex 75.55 29.6689 32.4
      vertex 75.1693 29.9233 2.2
      vertex 75.55 29.6689 2.2
    endloop
  endfacet
  facet normal 0.89686 0.442314 0
    outer loop
      vertex 80.5336 34.0394 32.4
      vertex 80.3311 34.45 2.2
      vertex 80.3311 34.45 32.4
    endloop
  endfacet
  facet normal 0.89686 0.442314 0
    outer loop
      vertex 80.3311 34.45 2.2
      vertex 80.5336 34.0394 32.4
      vertex 80.5336 34.0394 2.2
    endloop
  endfacet
  facet normal 0.980757 -0.195234 0
    outer loop
      vertex 80.6807 31.7941 32.4
      vertex 80.7701 32.2432 2.2
      vertex 80.7701 32.2432 32.4
    endloop
  endfacet
  facet normal 0.980757 -0.195234 0
    outer loop
      vertex 80.7701 32.2432 2.2
      vertex 80.6807 31.7941 32.4
      vertex 80.6807 31.7941 2.2
    endloop
  endfacet
  facet normal 0.946966 0.321335 0
    outer loop
      vertex 80.6807 33.6059 32.4
      vertex 80.5336 34.0394 2.2
      vertex 80.5336 34.0394 32.4
    endloop
  endfacet
  facet normal 0.946966 0.321335 0
    outer loop
      vertex 80.5336 34.0394 2.2
      vertex 80.6807 33.6059 32.4
      vertex 80.6807 33.6059 2.2
    endloop
  endfacet
  facet normal 0 0 -1
    outer loop
      vertex 78.6 32.7 2.2
      vertex 80.8 32.7 2.2
      vertex 80.7701 32.2432 2.2
    endloop
  endfacet
  facet normal 0 0 -1
    outer loop
      vertex 78.5889 32.5303 2.2
      vertex 80.7701 32.2432 2.2
      vertex 80.6807 31.7941 2.2
    endloop
  endfacet
  facet normal 0 0 -1
    outer loop
      vertex 80.8 32.7 2.2
      vertex 78.6 32.7 2.2
      vertex 80.7701 33.1568 2.2
    endloop
  endfacet
  facet normal 0 0 -1
    outer loop
      vertex 78.5557 32.3635 2.2
      vertex 80.6807 31.7941 2.2
      vertex 80.5336 31.3606 2.2
    endloop
  endfacet
  facet normal 0 0 -1
    outer loop
      vertex 78.5889 32.8697 2.2
      vertex 80.7701 33.1568 2.2
      vertex 78.6 32.7 2.2
    endloop
  endfacet
  facet normal 0 0 -1
    outer loop
      vertex 78.501 32.2025 2.2
      vertex 80.5336 31.3606 2.2
      vertex 80.3311 30.95 2.2
    endloop
  endfacet
  facet normal -0 0 -1
    outer loop
      vertex 80.7701 33.1568 2.2
      vertex 78.5889 32.8697 2.2
      vertex 80.6807 33.6059 2.2
    endloop
  endfacet
  facet normal 0 0 -1
    outer loop
      vertex 78.4258 32.05 2.2
      vertex 80.3311 30.95 2.2
      vertex 80.0767 30.5693 2.2
    endloop
  endfacet
  facet normal 0 0 -1
    outer loop
      vertex 78.5557 33.0365 2.2
      vertex 80.6807 33.6059 2.2
      vertex 78.5889 32.8697 2.2
    endloop
  endfacet
  facet normal 0 0 -1
    outer loop
      vertex 78.3314 31.9086 2.2
      vertex 80.0767 30.5693 2.2
      vertex 79.7749 30.2251 2.2
    endloop
  endfacet
  facet normal -0 0 -1
    outer loop
      vertex 80.6807 33.6059 2.2
      vertex 78.5557 33.0365 2.2
      vertex 80.5336 34.0394 2.2
    endloop
  endfacet
  facet normal 0 0 -1
    outer loop
      vertex 78.2192 31.7808 2.2
      vertex 79.7749 30.2251 2.2
      vertex 79.4307 29.9233 2.2
    endloop
  endfacet
  facet normal 0 0 -1
    outer loop
      vertex 78.501 33.1975 2.2
      vertex 80.5336 34.0394 2.2
      vertex 78.5557 33.0365 2.2
    endloop
  endfacet
  facet normal 0 0 -1
    outer loop
      vertex 78.0914 31.6686 2.2
      vertex 79.4307 29.9233 2.2
      vertex 79.05 29.6689 2.2
    endloop
  endfacet
  facet normal -0 0 -1
    outer loop
      vertex 80.5336 34.0394 2.2
      vertex 78.501 33.1975 2.2
      vertex 80.3311 34.45 2.2
    endloop
  endfacet
  facet normal 0 0 -1
    outer loop
      vertex 77.95 31.5742 2.2
      vertex 79.05 29.6689 2.2
      vertex 78.6394 29.4664 2.2
    endloop
  endfacet
  facet normal 0 0 -1
    outer loop
      vertex 78.4258 33.35 2.2
      vertex 80.3311 34.45 2.2
      vertex 78.501 33.1975 2.2
    endloop
  endfacet
  facet normal -0 0 -1
    outer loop
      vertex 80.3311 34.45 2.2
      vertex 78.4258 33.35 2.2
      vertex 80.0767 34.8307 2.2
    endloop
  endfacet
  facet normal 0 0 -1
    outer loop
      vertex 80.7701 32.2432 2.2
      vertex 78.5889 32.5303 2.2
      vertex 78.6 32.7 2.2
    endloop
  endfacet
  facet normal 0 0 -1
    outer loop
      vertex 80.6807 31.7941 2.2
      vertex 78.5557 32.3635 2.2
      vertex 78.5889 32.5303 2.2
    endloop
  endfacet
  facet normal 0 0 -1
    outer loop
      vertex 80.5336 31.3606 2.2
      vertex 78.501 32.2025 2.2
      vertex 78.5557 32.3635 2.2
    endloop
  endfacet
  facet normal 0 0 -1
    outer loop
      vertex 80.3311 30.95 2.2
      vertex 78.4258 32.05 2.2
      vertex 78.501 32.2025 2.2
    endloop
  endfacet
  facet normal 0 0 -1
    outer loop
      vertex 80.0767 30.5693 2.2
      vertex 78.3314 31.9086 2.2
      vertex 78.4258 32.05 2.2
    endloop
  endfacet
  facet normal 0 0 -1
    outer loop
      vertex 79.7749 30.2251 2.2
      vertex 78.2192 31.7808 2.2
      vertex 78.3314 31.9086 2.2
    endloop
  endfacet
  facet normal 0 0 -1
    outer loop
      vertex 77.7975 31.499 2.2
      vertex 78.6394 29.4664 2.2
      vertex 78.2059 29.3193 2.2
    endloop
  endfacet
  facet normal 0 0 -1
    outer loop
      vertex 79.4307 29.9233 2.2
      vertex 78.0914 31.6686 2.2
      vertex 78.2192 31.7808 2.2
    endloop
  endfacet
  facet normal 0 0 -1
    outer loop
      vertex 79.05 29.6689 2.2
      vertex 77.95 31.5742 2.2
      vertex 78.0914 31.6686 2.2
    endloop
  endfacet
  facet normal 0 0 -1
    outer loop
      vertex 78.6394 29.4664 2.2
      vertex 77.7975 31.499 2.2
      vertex 77.95 31.5742 2.2
    endloop
  endfacet
  facet normal 0 0 -1
    outer loop
      vertex 77.6365 31.4443 2.2
      vertex 78.2059 29.3193 2.2
      vertex 77.7568 29.2299 2.2
    endloop
  endfacet
  facet normal 0 0 -1
    outer loop
      vertex 78.2059 29.3193 2.2
      vertex 77.6365 31.4443 2.2
      vertex 77.7975 31.499 2.2
    endloop
  endfacet
  facet normal 0 0 -1
    outer loop
      vertex 77.7568 29.2299 2.2
      vertex 77.4697 31.4111 2.2
      vertex 77.6365 31.4443 2.2
    endloop
  endfacet
  facet normal 0 0 -1
    outer loop
      vertex 77.3 29.2 2.2
      vertex 77.4697 31.4111 2.2
      vertex 77.7568 29.2299 2.2
    endloop
  endfacet
  facet normal 0 0 -1
    outer loop
      vertex 77.3 29.2 2.2
      vertex 77.3 31.4 2.2
      vertex 77.4697 31.4111 2.2
    endloop
  endfacet
  facet normal 0 0 -1
    outer loop
      vertex 77.3 29.2 2.2
      vertex 77.1303 31.4111 2.2
      vertex 77.3 31.4 2.2
    endloop
  endfacet
  facet normal 0 0 -1
    outer loop
      vertex 76.8432 29.2299 2.2
      vertex 77.1303 31.4111 2.2
      vertex 77.3 29.2 2.2
    endloop
  endfacet
  facet normal -0 0 -1
    outer loop
      vertex 77.1303 31.4111 2.2
      vertex 76.8432 29.2299 2.2
      vertex 76.9635 31.4443 2.2
    endloop
  endfacet
  facet normal 0 0 -1
    outer loop
      vertex 76.3941 29.3193 2.2
      vertex 76.9635 31.4443 2.2
      vertex 76.8432 29.2299 2.2
    endloop
  endfacet
  facet normal -0 0 -1
    outer loop
      vertex 76.9635 31.4443 2.2
      vertex 76.3941 29.3193 2.2
      vertex 76.8025 31.499 2.2
    endloop
  endfacet
  facet normal 0 0 -1
    outer loop
      vertex 75.9606 29.4664 2.2
      vertex 76.8025 31.499 2.2
      vertex 76.3941 29.3193 2.2
    endloop
  endfacet
  facet normal -0 0 -1
    outer loop
      vertex 76.8025 31.499 2.2
      vertex 75.9606 29.4664 2.2
      vertex 76.65 31.5742 2.2
    endloop
  endfacet
  facet normal 0 0 -1
    outer loop
      vertex 75.55 29.6689 2.2
      vertex 76.65 31.5742 2.2
      vertex 75.9606 29.4664 2.2
    endloop
  endfacet
  facet normal -0 0 -1
    outer loop
      vertex 76.65 31.5742 2.2
      vertex 75.55 29.6689 2.2
      vertex 76.5086 31.6686 2.2
    endloop
  endfacet
  facet normal 0 0 -1
    outer loop
      vertex 75.1693 29.9233 2.2
      vertex 76.5086 31.6686 2.2
      vertex 75.55 29.6689 2.2
    endloop
  endfacet
  facet normal -0 0 -1
    outer loop
      vertex 76.5086 31.6686 2.2
      vertex 75.1693 29.9233 2.2
      vertex 76.3808 31.7808 2.2
    endloop
  endfacet
  facet normal 0 0 -1
    outer loop
      vertex 74.8251 30.2251 2.2
      vertex 76.3808 31.7808 2.2
      vertex 75.1693 29.9233 2.2
    endloop
  endfacet
  facet normal -0 0 -1
    outer loop
      vertex 76.3808 31.7808 2.2
      vertex 74.8251 30.2251 2.2
      vertex 76.2686 31.9086 2.2
    endloop
  endfacet
  facet normal -0 0 -1
    outer loop
      vertex 76.2686 31.9086 2.2
      vertex 74.5233 30.5693 2.2
      vertex 76.1742 32.05 2.2
    endloop
  endfacet
  facet normal 0 0 -1
    outer loop
      vertex 74.5233 30.5693 2.2
      vertex 76.2686 31.9086 2.2
      vertex 74.8251 30.2251 2.2
    endloop
  endfacet
  facet normal 0 0 -1
    outer loop
      vertex 78.3314 33.4914 2.2
      vertex 80.0767 34.8307 2.2
      vertex 78.4258 33.35 2.2
    endloop
  endfacet
  facet normal -0 0 -1
    outer loop
      vertex 80.0767 34.8307 2.2
      vertex 78.3314 33.4914 2.2
      vertex 79.7749 35.1749 2.2
    endloop
  endfacet
  facet normal 0 0 -1
    outer loop
      vertex 78.2192 33.6192 2.2
      vertex 79.7749 35.1749 2.2
      vertex 78.3314 33.4914 2.2
    endloop
  endfacet
  facet normal -0 0 -1
    outer loop
      vertex 79.7749 35.1749 2.2
      vertex 78.2192 33.6192 2.2
      vertex 79.4307 35.4767 2.2
    endloop
  endfacet
  facet normal 0 0 -1
    outer loop
      vertex 78.0914 33.7314 2.2
      vertex 79.4307 35.4767 2.2
      vertex 78.2192 33.6192 2.2
    endloop
  endfacet
  facet normal -0 0 -1
    outer loop
      vertex 79.4307 35.4767 2.2
      vertex 78.0914 33.7314 2.2
      vertex 79.05 35.7311 2.2
    endloop
  endfacet
  facet normal 0 0 -1
    outer loop
      vertex 77.95 33.8258 2.2
      vertex 79.05 35.7311 2.2
      vertex 78.0914 33.7314 2.2
    endloop
  endfacet
  facet normal -0 0 -1
    outer loop
      vertex 79.05 35.7311 2.2
      vertex 77.95 33.8258 2.2
      vertex 78.6394 35.9336 2.2
    endloop
  endfacet
  facet normal 0 0 -1
    outer loop
      vertex 77.7975 33.901 2.2
      vertex 78.6394 35.9336 2.2
      vertex 77.95 33.8258 2.2
    endloop
  endfacet
  facet normal -0 0 -1
    outer loop
      vertex 78.6394 35.9336 2.2
      vertex 77.7975 33.901 2.2
      vertex 78.2059 36.0807 2.2
    endloop
  endfacet
  facet normal 0 0 -1
    outer loop
      vertex 77.6365 33.9557 2.2
      vertex 78.2059 36.0807 2.2
      vertex 77.7975 33.901 2.2
    endloop
  endfacet
  facet normal -0 0 -1
    outer loop
      vertex 78.2059 36.0807 2.2
      vertex 77.6365 33.9557 2.2
      vertex 77.7568 36.1701 2.2
    endloop
  endfacet
  facet normal 0 0 -1
    outer loop
      vertex 77.4697 33.9889 2.2
      vertex 77.7568 36.1701 2.2
      vertex 77.6365 33.9557 2.2
    endloop
  endfacet
  facet normal 0 0 -1
    outer loop
      vertex 77.3 34 2.2
      vertex 77.7568 36.1701 2.2
      vertex 77.4697 33.9889 2.2
    endloop
  endfacet
  facet normal 0 0 -1
    outer loop
      vertex 77.3 34 2.2
      vertex 77.3 36.2 2.2
      vertex 77.7568 36.1701 2.2
    endloop
  endfacet
  facet normal 0 0 -1
    outer loop
      vertex 77.1303 33.9889 2.2
      vertex 77.3 36.2 2.2
      vertex 77.3 34 2.2
    endloop
  endfacet
  facet normal 0 0 -1
    outer loop
      vertex 76.8432 36.1701 2.2
      vertex 77.1303 33.9889 2.2
      vertex 76.9635 33.9557 2.2
    endloop
  endfacet
  facet normal 0 0 -1
    outer loop
      vertex 77.1303 33.9889 2.2
      vertex 76.8432 36.1701 2.2
      vertex 77.3 36.2 2.2
    endloop
  endfacet
  facet normal 0 0 -1
    outer loop
      vertex 76.3941 36.0807 2.2
      vertex 76.9635 33.9557 2.2
      vertex 76.8025 33.901 2.2
    endloop
  endfacet
  facet normal 0 0 -1
    outer loop
      vertex 75.9606 35.9336 2.2
      vertex 76.8025 33.901 2.2
      vertex 76.65 33.8258 2.2
    endloop
  endfacet
  facet normal 0 0 -1
    outer loop
      vertex 75.55 35.7311 2.2
      vertex 76.65 33.8258 2.2
      vertex 76.5086 33.7314 2.2
    endloop
  endfacet
  facet normal 0 0 -1
    outer loop
      vertex 76.9635 33.9557 2.2
      vertex 76.3941 36.0807 2.2
      vertex 76.8432 36.1701 2.2
    endloop
  endfacet
  facet normal 0 0 -1
    outer loop
      vertex 75.1693 35.4767 2.2
      vertex 76.5086 33.7314 2.2
      vertex 76.3808 33.6192 2.2
    endloop
  endfacet
  facet normal 0 0 -1
    outer loop
      vertex 74.8251 35.1749 2.2
      vertex 76.3808 33.6192 2.2
      vertex 76.2686 33.4914 2.2
    endloop
  endfacet
  facet normal 0 0 -1
    outer loop
      vertex 74.5233 34.8307 2.2
      vertex 76.2686 33.4914 2.2
      vertex 76.1742 33.35 2.2
    endloop
  endfacet
  facet normal 0 0 -1
    outer loop
      vertex 74.2689 34.45 2.2
      vertex 76.1742 33.35 2.2
      vertex 76.099 33.1975 2.2
    endloop
  endfacet
  facet normal 0 0 -1
    outer loop
      vertex 74.0664 34.0394 2.2
      vertex 76.099 33.1975 2.2
      vertex 76.0443 33.0365 2.2
    endloop
  endfacet
  facet normal 0 0 -1
    outer loop
      vertex 73.9193 33.6059 2.2
      vertex 76.0443 33.0365 2.2
      vertex 76.0111 32.8697 2.2
    endloop
  endfacet
  facet normal 0 0 -1
    outer loop
      vertex 76.8025 33.901 2.2
      vertex 75.9606 35.9336 2.2
      vertex 76.3941 36.0807 2.2
    endloop
  endfacet
  facet normal 0 0 -1
    outer loop
      vertex 73.8299 33.1568 2.2
      vertex 76.0111 32.8697 2.2
      vertex 76 32.7 2.2
    endloop
  endfacet
  facet normal 0 0 -1
    outer loop
      vertex 74.2689 30.95 2.2
      vertex 76.1742 32.05 2.2
      vertex 74.5233 30.5693 2.2
    endloop
  endfacet
  facet normal -0 0 -1
    outer loop
      vertex 76.1742 32.05 2.2
      vertex 74.2689 30.95 2.2
      vertex 76.099 32.2025 2.2
    endloop
  endfacet
  facet normal 0 0 -1
    outer loop
      vertex 76.65 33.8258 2.2
      vertex 75.55 35.7311 2.2
      vertex 75.9606 35.9336 2.2
    endloop
  endfacet
  facet normal 0 0 -1
    outer loop
      vertex 74.0664 31.3606 2.2
      vertex 76.099 32.2025 2.2
      vertex 74.2689 30.95 2.2
    endloop
  endfacet
  facet normal 0 0 -1
    outer loop
      vertex 76.5086 33.7314 2.2
      vertex 75.1693 35.4767 2.2
      vertex 75.55 35.7311 2.2
    endloop
  endfacet
  facet normal -0 0 -1
    outer loop
      vertex 76.099 32.2025 2.2
      vertex 74.0664 31.3606 2.2
      vertex 76.0443 32.3635 2.2
    endloop
  endfacet
  facet normal 0 0 -1
    outer loop
      vertex 76.3808 33.6192 2.2
      vertex 74.8251 35.1749 2.2
      vertex 75.1693 35.4767 2.2
    endloop
  endfacet
  facet normal 0 0 -1
    outer loop
      vertex 73.9193 31.7941 2.2
      vertex 76.0443 32.3635 2.2
      vertex 74.0664 31.3606 2.2
    endloop
  endfacet
  facet normal 0 0 -1
    outer loop
      vertex 76.2686 33.4914 2.2
      vertex 74.5233 34.8307 2.2
      vertex 74.8251 35.1749 2.2
    endloop
  endfacet
  facet normal -0 0 -1
    outer loop
      vertex 76.0443 32.3635 2.2
      vertex 73.9193 31.7941 2.2
      vertex 76.0111 32.5303 2.2
    endloop
  endfacet
  facet normal 0 0 -1
    outer loop
      vertex 76.1742 33.35 2.2
      vertex 74.2689 34.45 2.2
      vertex 74.5233 34.8307 2.2
    endloop
  endfacet
  facet normal 0 0 -1
    outer loop
      vertex 73.8299 32.2432 2.2
      vertex 76.0111 32.5303 2.2
      vertex 73.9193 31.7941 2.2
    endloop
  endfacet
  facet normal 0 0 -1
    outer loop
      vertex 76.099 33.1975 2.2
      vertex 74.0664 34.0394 2.2
      vertex 74.2689 34.45 2.2
    endloop
  endfacet
  facet normal -0 0 -1
    outer loop
      vertex 76.0111 32.5303 2.2
      vertex 73.8299 32.2432 2.2
      vertex 76 32.7 2.2
    endloop
  endfacet
  facet normal 0 0 -1
    outer loop
      vertex 76.0443 33.0365 2.2
      vertex 73.9193 33.6059 2.2
      vertex 74.0664 34.0394 2.2
    endloop
  endfacet
  facet normal 0 0 -1
    outer loop
      vertex 73.8 32.7 2.2
      vertex 76 32.7 2.2
      vertex 73.8299 32.2432 2.2
    endloop
  endfacet
  facet normal 0 0 -1
    outer loop
      vertex 76.0111 32.8697 2.2
      vertex 73.8299 33.1568 2.2
      vertex 73.9193 33.6059 2.2
    endloop
  endfacet
  facet normal 0 0 -1
    outer loop
      vertex 76 32.7 2.2
      vertex 73.8 32.7 2.2
      vertex 73.8299 33.1568 2.2
    endloop
  endfacet
  facet normal -0.980757 -0.195234 0
    outer loop
      vertex 73.9193 31.7941 2.2
      vertex 73.8299 32.2432 32.4
      vertex 73.8299 32.2432 2.2
    endloop
  endfacet
  facet normal -0.980757 -0.195234 0
    outer loop
      vertex 73.8299 32.2432 32.4
      vertex 73.9193 31.7941 2.2
      vertex 73.9193 31.7941 32.4
    endloop
  endfacet
  facet normal -0.7519 -0.659278 0
    outer loop
      vertex 74.8251 30.2251 2.2
      vertex 74.5233 30.5693 32.4
      vertex 74.5233 30.5693 2.2
    endloop
  endfacet
  facet normal -0.7519 -0.659278 0
    outer loop
      vertex 74.5233 30.5693 32.4
      vertex 74.8251 30.2251 2.2
      vertex 74.8251 30.2251 32.4
    endloop
  endfacet
  facet normal -0.195234 -0.980757 0
    outer loop
      vertex 76.3941 29.3193 2.2
      vertex 76.8432 29.2299 32.4
      vertex 76.3941 29.3193 32.4
    endloop
  endfacet
  facet normal -0.195234 -0.980757 -0
    outer loop
      vertex 76.8432 29.2299 32.4
      vertex 76.3941 29.3193 2.2
      vertex 76.8432 29.2299 2.2
    endloop
  endfacet
  facet normal -0.831445 0.555607 0
    outer loop
      vertex 74.2689 34.45 2.2
      vertex 74.5233 34.8307 32.4
      vertex 74.5233 34.8307 2.2
    endloop
  endfacet
  facet normal -0.831445 0.555607 0
    outer loop
      vertex 74.5233 34.8307 32.4
      vertex 74.2689 34.45 2.2
      vertex 74.2689 34.45 32.4
    endloop
  endfacet
  facet normal -0.0653156 -0.997865 0
    outer loop
      vertex 76.8432 29.2299 2.2
      vertex 77.3 29.2 32.4
      vertex 76.8432 29.2299 32.4
    endloop
  endfacet
  facet normal -0.0653156 -0.997865 -0
    outer loop
      vertex 77.3 29.2 32.4
      vertex 76.8432 29.2299 2.2
      vertex 77.3 29.2 2.2
    endloop
  endfacet
  facet normal -0.980761 -0.195211 0
    outer loop
      vertex 78.5889 32.8697 2.2
      vertex 78.5557 33.0365 32.4
      vertex 78.5557 33.0365 2.2
    endloop
  endfacet
  facet normal -0.980761 -0.195211 0
    outer loop
      vertex 78.5557 33.0365 32.4
      vertex 78.5889 32.8697 2.2
      vertex 78.5889 32.8697 32.4
    endloop
  endfacet
  facet normal -0.997868 -0.0652701 0
    outer loop
      vertex 78.6 32.7 2.2
      vertex 78.5889 32.8697 32.4
      vertex 78.5889 32.8697 2.2
    endloop
  endfacet
  facet normal -0.997868 -0.0652701 0
    outer loop
      vertex 78.5889 32.8697 32.4
      vertex 78.6 32.7 2.2
      vertex 78.6 32.7 32.4
    endloop
  endfacet
  facet normal -0.946844 -0.321692 0
    outer loop
      vertex 78.5557 33.0365 2.2
      vertex 78.501 33.1975 32.4
      vertex 78.501 33.1975 2.2
    endloop
  endfacet
  facet normal -0.946844 -0.321692 0
    outer loop
      vertex 78.501 33.1975 32.4
      vertex 78.5557 33.0365 2.2
      vertex 78.5557 33.0365 32.4
    endloop
  endfacet
  facet normal 0.195211 0.980761 -0
    outer loop
      vertex 77.1303 31.4111 2.2
      vertex 76.9635 31.4443 32.4
      vertex 77.1303 31.4111 32.4
    endloop
  endfacet
  facet normal 0.195211 0.980761 0
    outer loop
      vertex 76.9635 31.4443 32.4
      vertex 77.1303 31.4111 2.2
      vertex 76.9635 31.4443 2.2
    endloop
  endfacet
  facet normal -0.442267 -0.896884 0
    outer loop
      vertex 77.7975 33.901 2.2
      vertex 77.95 33.8258 32.4
      vertex 77.7975 33.901 32.4
    endloop
  endfacet
  facet normal -0.442267 -0.896884 -0
    outer loop
      vertex 77.95 33.8258 32.4
      vertex 77.7975 33.901 2.2
      vertex 77.95 33.8258 2.2
    endloop
  endfacet
  facet normal -0.896884 -0.442267 0
    outer loop
      vertex 78.501 33.1975 2.2
      vertex 78.4258 33.35 32.4
      vertex 78.4258 33.35 2.2
    endloop
  endfacet
  facet normal -0.896884 -0.442267 0
    outer loop
      vertex 78.4258 33.35 32.4
      vertex 78.501 33.1975 2.2
      vertex 78.501 33.1975 32.4
    endloop
  endfacet
  facet normal -0.831688 -0.555243 0
    outer loop
      vertex 78.4258 33.35 2.2
      vertex 78.3314 33.4914 32.4
      vertex 78.3314 33.4914 2.2
    endloop
  endfacet
  facet normal -0.831688 -0.555243 0
    outer loop
      vertex 78.3314 33.4914 32.4
      vertex 78.4258 33.35 2.2
      vertex 78.4258 33.35 32.4
    endloop
  endfacet
  facet normal -0.751483 0.659753 0
    outer loop
      vertex 78.2192 31.7808 2.2
      vertex 78.3314 31.9086 32.4
      vertex 78.3314 31.9086 2.2
    endloop
  endfacet
  facet normal -0.751483 0.659753 0
    outer loop
      vertex 78.3314 31.9086 32.4
      vertex 78.2192 31.7808 2.2
      vertex 78.2192 31.7808 32.4
    endloop
  endfacet
  facet normal 0.442267 -0.896884 0
    outer loop
      vertex 76.65 33.8258 2.2
      vertex 76.8025 33.901 32.4
      vertex 76.65 33.8258 32.4
    endloop
  endfacet
  facet normal 0.442267 -0.896884 0
    outer loop
      vertex 76.8025 33.901 32.4
      vertex 76.65 33.8258 2.2
      vertex 76.8025 33.901 2.2
    endloop
  endfacet
  facet normal 0.997868 0.0652701 0
    outer loop
      vertex 76.0111 32.5303 32.4
      vertex 76 32.7 2.2
      vertex 76 32.7 32.4
    endloop
  endfacet
  facet normal 0.997868 0.0652701 0
    outer loop
      vertex 76 32.7 2.2
      vertex 76.0111 32.5303 32.4
      vertex 76.0111 32.5303 2.2
    endloop
  endfacet
  facet normal -0.896884 0.442267 0
    outer loop
      vertex 78.4258 32.05 2.2
      vertex 78.501 32.2025 32.4
      vertex 78.501 32.2025 2.2
    endloop
  endfacet
  facet normal -0.896884 0.442267 0
    outer loop
      vertex 78.501 32.2025 32.4
      vertex 78.4258 32.05 2.2
      vertex 78.4258 32.05 32.4
    endloop
  endfacet
  facet normal 0.659753 -0.751483 0
    outer loop
      vertex 76.3808 33.6192 2.2
      vertex 76.5086 33.7314 32.4
      vertex 76.3808 33.6192 32.4
    endloop
  endfacet
  facet normal 0.659753 -0.751483 0
    outer loop
      vertex 76.5086 33.7314 32.4
      vertex 76.3808 33.6192 2.2
      vertex 76.5086 33.7314 2.2
    endloop
  endfacet
  facet normal -0.751483 -0.659753 0
    outer loop
      vertex 78.3314 33.4914 2.2
      vertex 78.2192 33.6192 32.4
      vertex 78.2192 33.6192 2.2
    endloop
  endfacet
  facet normal -0.751483 -0.659753 0
    outer loop
      vertex 78.2192 33.6192 32.4
      vertex 78.3314 33.4914 2.2
      vertex 78.3314 33.4914 32.4
    endloop
  endfacet
  facet normal -0.980761 0.195211 0
    outer loop
      vertex 78.5557 32.3635 2.2
      vertex 78.5889 32.5303 32.4
      vertex 78.5889 32.5303 2.2
    endloop
  endfacet
  facet normal -0.980761 0.195211 0
    outer loop
      vertex 78.5889 32.5303 32.4
      vertex 78.5557 32.3635 2.2
      vertex 78.5557 32.3635 32.4
    endloop
  endfacet
  facet normal -0.946844 0.321692 0
    outer loop
      vertex 78.501 32.2025 2.2
      vertex 78.5557 32.3635 32.4
      vertex 78.5557 32.3635 2.2
    endloop
  endfacet
  facet normal -0.946844 0.321692 0
    outer loop
      vertex 78.5557 32.3635 32.4
      vertex 78.501 32.2025 2.2
      vertex 78.501 32.2025 32.4
    endloop
  endfacet
  facet normal 0.980761 0.195211 0
    outer loop
      vertex 76.0443 32.3635 32.4
      vertex 76.0111 32.5303 2.2
      vertex 76.0111 32.5303 32.4
    endloop
  endfacet
  facet normal 0.980761 0.195211 0
    outer loop
      vertex 76.0111 32.5303 2.2
      vertex 76.0443 32.3635 32.4
      vertex 76.0443 32.3635 2.2
    endloop
  endfacet
  facet normal 0.751483 0.659753 0
    outer loop
      vertex 76.3808 31.7808 32.4
      vertex 76.2686 31.9086 2.2
      vertex 76.2686 31.9086 32.4
    endloop
  endfacet
  facet normal 0.751483 0.659753 0
    outer loop
      vertex 76.2686 31.9086 2.2
      vertex 76.3808 31.7808 32.4
      vertex 76.3808 31.7808 2.2
    endloop
  endfacet
  facet normal -0.555243 -0.831688 0
    outer loop
      vertex 77.95 33.8258 2.2
      vertex 78.0914 33.7314 32.4
      vertex 77.95 33.8258 32.4
    endloop
  endfacet
  facet normal -0.555243 -0.831688 -0
    outer loop
      vertex 78.0914 33.7314 32.4
      vertex 77.95 33.8258 2.2
      vertex 78.0914 33.7314 2.2
    endloop
  endfacet
  facet normal -0.831688 0.555243 0
    outer loop
      vertex 78.3314 31.9086 2.2
      vertex 78.4258 32.05 32.4
      vertex 78.4258 32.05 2.2
    endloop
  endfacet
  facet normal -0.831688 0.555243 0
    outer loop
      vertex 78.4258 32.05 32.4
      vertex 78.3314 31.9086 2.2
      vertex 78.3314 31.9086 32.4
    endloop
  endfacet
  facet normal -0.321692 0.946844 0
    outer loop
      vertex 77.7975 31.499 2.2
      vertex 77.6365 31.4443 32.4
      vertex 77.7975 31.499 32.4
    endloop
  endfacet
  facet normal -0.321692 0.946844 0
    outer loop
      vertex 77.6365 31.4443 32.4
      vertex 77.7975 31.499 2.2
      vertex 77.6365 31.4443 2.2
    endloop
  endfacet
  facet normal -0.195211 0.980761 0
    outer loop
      vertex 77.6365 31.4443 2.2
      vertex 77.4697 31.4111 32.4
      vertex 77.6365 31.4443 32.4
    endloop
  endfacet
  facet normal -0.195211 0.980761 0
    outer loop
      vertex 77.4697 31.4111 32.4
      vertex 77.6365 31.4443 2.2
      vertex 77.4697 31.4111 2.2
    endloop
  endfacet
  facet normal 0.0652701 0.997868 -0
    outer loop
      vertex 77.3 31.4 2.2
      vertex 77.1303 31.4111 32.4
      vertex 77.3 31.4 32.4
    endloop
  endfacet
  facet normal 0.0652701 0.997868 0
    outer loop
      vertex 77.1303 31.4111 32.4
      vertex 77.3 31.4 2.2
      vertex 77.1303 31.4111 2.2
    endloop
  endfacet
  facet normal 0.659753 0.751483 -0
    outer loop
      vertex 76.5086 31.6686 2.2
      vertex 76.3808 31.7808 32.4
      vertex 76.5086 31.6686 32.4
    endloop
  endfacet
  facet normal 0.659753 0.751483 0
    outer loop
      vertex 76.3808 31.7808 32.4
      vertex 76.5086 31.6686 2.2
      vertex 76.3808 31.7808 2.2
    endloop
  endfacet
  facet normal -0.659753 -0.751483 0
    outer loop
      vertex 78.0914 33.7314 2.2
      vertex 78.2192 33.6192 32.4
      vertex 78.0914 33.7314 32.4
    endloop
  endfacet
  facet normal -0.659753 -0.751483 -0
    outer loop
      vertex 78.2192 33.6192 32.4
      vertex 78.0914 33.7314 2.2
      vertex 78.2192 33.6192 2.2
    endloop
  endfacet
  facet normal 0.980761 -0.195211 0
    outer loop
      vertex 76.0111 32.8697 32.4
      vertex 76.0443 33.0365 2.2
      vertex 76.0443 33.0365 32.4
    endloop
  endfacet
  facet normal 0.980761 -0.195211 0
    outer loop
      vertex 76.0443 33.0365 2.2
      vertex 76.0111 32.8697 32.4
      vertex 76.0111 32.8697 2.2
    endloop
  endfacet
  facet normal 0.321692 -0.946844 0
    outer loop
      vertex 76.8025 33.901 2.2
      vertex 76.9635 33.9557 32.4
      vertex 76.8025 33.901 32.4
    endloop
  endfacet
  facet normal 0.321692 -0.946844 0
    outer loop
      vertex 76.9635 33.9557 32.4
      vertex 76.8025 33.901 2.2
      vertex 76.9635 33.9557 2.2
    endloop
  endfacet
  facet normal -0.659753 0.751483 0
    outer loop
      vertex 78.2192 31.7808 2.2
      vertex 78.0914 31.6686 32.4
      vertex 78.2192 31.7808 32.4
    endloop
  endfacet
  facet normal -0.659753 0.751483 0
    outer loop
      vertex 78.0914 31.6686 32.4
      vertex 78.2192 31.7808 2.2
      vertex 78.0914 31.6686 2.2
    endloop
  endfacet
  facet normal 0.946844 0.321692 0
    outer loop
      vertex 76.099 32.2025 32.4
      vertex 76.0443 32.3635 2.2
      vertex 76.0443 32.3635 32.4
    endloop
  endfacet
  facet normal 0.946844 0.321692 0
    outer loop
      vertex 76.0443 32.3635 2.2
      vertex 76.099 32.2025 32.4
      vertex 76.099 32.2025 2.2
    endloop
  endfacet
  facet normal -0.0652701 0.997868 0
    outer loop
      vertex 77.4697 31.4111 2.2
      vertex 77.3 31.4 32.4
      vertex 77.4697 31.4111 32.4
    endloop
  endfacet
  facet normal -0.0652701 0.997868 0
    outer loop
      vertex 77.3 31.4 32.4
      vertex 77.4697 31.4111 2.2
      vertex 77.3 31.4 2.2
    endloop
  endfacet
  facet normal 0.751483 -0.659753 0
    outer loop
      vertex 76.2686 33.4914 32.4
      vertex 76.3808 33.6192 2.2
      vertex 76.3808 33.6192 32.4
    endloop
  endfacet
  facet normal 0.751483 -0.659753 0
    outer loop
      vertex 76.3808 33.6192 2.2
      vertex 76.2686 33.4914 32.4
      vertex 76.2686 33.4914 2.2
    endloop
  endfacet
  facet normal 0.831688 -0.555243 0
    outer loop
      vertex 76.1742 33.35 32.4
      vertex 76.2686 33.4914 2.2
      vertex 76.2686 33.4914 32.4
    endloop
  endfacet
  facet normal 0.831688 -0.555243 0
    outer loop
      vertex 76.2686 33.4914 2.2
      vertex 76.1742 33.35 32.4
      vertex 76.1742 33.35 2.2
    endloop
  endfacet
  facet normal 0.946844 -0.321692 0
    outer loop
      vertex 76.0443 33.0365 32.4
      vertex 76.099 33.1975 2.2
      vertex 76.099 33.1975 32.4
    endloop
  endfacet
  facet normal 0.946844 -0.321692 0
    outer loop
      vertex 76.099 33.1975 2.2
      vertex 76.0443 33.0365 32.4
      vertex 76.0443 33.0365 2.2
    endloop
  endfacet
  facet normal -0.321692 -0.946844 0
    outer loop
      vertex 77.6365 33.9557 2.2
      vertex 77.7975 33.901 32.4
      vertex 77.6365 33.9557 32.4
    endloop
  endfacet
  facet normal -0.321692 -0.946844 -0
    outer loop
      vertex 77.7975 33.901 32.4
      vertex 77.6365 33.9557 2.2
      vertex 77.7975 33.901 2.2
    endloop
  endfacet
  facet normal 0.997868 -0.0652701 0
    outer loop
      vertex 76 32.7 32.4
      vertex 76.0111 32.8697 2.2
      vertex 76.0111 32.8697 32.4
    endloop
  endfacet
  facet normal 0.997868 -0.0652701 0
    outer loop
      vertex 76.0111 32.8697 2.2
      vertex 76 32.7 32.4
      vertex 76 32.7 2.2
    endloop
  endfacet
  facet normal 0.896884 0.442267 0
    outer loop
      vertex 76.1742 32.05 32.4
      vertex 76.099 32.2025 2.2
      vertex 76.099 32.2025 32.4
    endloop
  endfacet
  facet normal 0.896884 0.442267 0
    outer loop
      vertex 76.099 32.2025 2.2
      vertex 76.1742 32.05 32.4
      vertex 76.1742 32.05 2.2
    endloop
  endfacet
  facet normal 0.831688 0.555243 0
    outer loop
      vertex 76.2686 31.9086 32.4
      vertex 76.1742 32.05 2.2
      vertex 76.1742 32.05 32.4
    endloop
  endfacet
  facet normal 0.831688 0.555243 0
    outer loop
      vertex 76.1742 32.05 2.2
      vertex 76.2686 31.9086 32.4
      vertex 76.2686 31.9086 2.2
    endloop
  endfacet
  facet normal -0.997868 0.0652701 0
    outer loop
      vertex 78.5889 32.5303 2.2
      vertex 78.6 32.7 32.4
      vertex 78.6 32.7 2.2
    endloop
  endfacet
  facet normal -0.997868 0.0652701 0
    outer loop
      vertex 78.6 32.7 32.4
      vertex 78.5889 32.5303 2.2
      vertex 78.5889 32.5303 32.4
    endloop
  endfacet
  facet normal 0.0652701 -0.997868 0
    outer loop
      vertex 77.1303 33.9889 2.2
      vertex 77.3 34 32.4
      vertex 77.1303 33.9889 32.4
    endloop
  endfacet
  facet normal 0.0652701 -0.997868 0
    outer loop
      vertex 77.3 34 32.4
      vertex 77.1303 33.9889 2.2
      vertex 77.3 34 2.2
    endloop
  endfacet
  facet normal -0.555243 0.831688 0
    outer loop
      vertex 78.0914 31.6686 2.2
      vertex 77.95 31.5742 32.4
      vertex 78.0914 31.6686 32.4
    endloop
  endfacet
  facet normal -0.555243 0.831688 0
    outer loop
      vertex 77.95 31.5742 32.4
      vertex 78.0914 31.6686 2.2
      vertex 77.95 31.5742 2.2
    endloop
  endfacet
  facet normal 0.195211 -0.980761 0
    outer loop
      vertex 76.9635 33.9557 2.2
      vertex 77.1303 33.9889 32.4
      vertex 76.9635 33.9557 32.4
    endloop
  endfacet
  facet normal 0.195211 -0.980761 0
    outer loop
      vertex 77.1303 33.9889 32.4
      vertex 76.9635 33.9557 2.2
      vertex 77.1303 33.9889 2.2
    endloop
  endfacet
  facet normal 0.896884 -0.442267 0
    outer loop
      vertex 76.099 33.1975 32.4
      vertex 76.1742 33.35 2.2
      vertex 76.1742 33.35 32.4
    endloop
  endfacet
  facet normal 0.896884 -0.442267 0
    outer loop
      vertex 76.1742 33.35 2.2
      vertex 76.099 33.1975 32.4
      vertex 76.099 33.1975 2.2
    endloop
  endfacet
  facet normal 0.555243 -0.831688 0
    outer loop
      vertex 76.5086 33.7314 2.2
      vertex 76.65 33.8258 32.4
      vertex 76.5086 33.7314 32.4
    endloop
  endfacet
  facet normal 0.555243 -0.831688 0
    outer loop
      vertex 76.65 33.8258 32.4
      vertex 76.5086 33.7314 2.2
      vertex 76.65 33.8258 2.2
    endloop
  endfacet
  facet normal 0.321692 0.946844 -0
    outer loop
      vertex 76.9635 31.4443 2.2
      vertex 76.8025 31.499 32.4
      vertex 76.9635 31.4443 32.4
    endloop
  endfacet
  facet normal 0.321692 0.946844 0
    outer loop
      vertex 76.8025 31.499 32.4
      vertex 76.9635 31.4443 2.2
      vertex 76.8025 31.499 2.2
    endloop
  endfacet
  facet normal -0.0652701 -0.997868 0
    outer loop
      vertex 77.3 34 2.2
      vertex 77.4697 33.9889 32.4
      vertex 77.3 34 32.4
    endloop
  endfacet
  facet normal -0.0652701 -0.997868 -0
    outer loop
      vertex 77.4697 33.9889 32.4
      vertex 77.3 34 2.2
      vertex 77.4697 33.9889 2.2
    endloop
  endfacet
  facet normal -0.195211 -0.980761 0
    outer loop
      vertex 77.4697 33.9889 2.2
      vertex 77.6365 33.9557 32.4
      vertex 77.4697 33.9889 32.4
    endloop
  endfacet
  facet normal -0.195211 -0.980761 -0
    outer loop
      vertex 77.6365 33.9557 32.4
      vertex 77.4697 33.9889 2.2
      vertex 77.6365 33.9557 2.2
    endloop
  endfacet
  facet normal -0.442267 0.896884 0
    outer loop
      vertex 77.95 31.5742 2.2
      vertex 77.7975 31.499 32.4
      vertex 77.95 31.5742 32.4
    endloop
  endfacet
  facet normal -0.442267 0.896884 0
    outer loop
      vertex 77.7975 31.499 32.4
      vertex 77.95 31.5742 2.2
      vertex 77.7975 31.499 2.2
    endloop
  endfacet
  facet normal 0.442267 0.896884 -0
    outer loop
      vertex 76.8025 31.499 2.2
      vertex 76.65 31.5742 32.4
      vertex 76.8025 31.499 32.4
    endloop
  endfacet
  facet normal 0.442267 0.896884 0
    outer loop
      vertex 76.65 31.5742 32.4
      vertex 76.8025 31.499 2.2
      vertex 76.65 31.5742 2.2
    endloop
  endfacet
  facet normal 0.555243 0.831688 -0
    outer loop
      vertex 76.65 31.5742 2.2
      vertex 76.5086 31.6686 32.4
      vertex 76.65 31.5742 32.4
    endloop
  endfacet
  facet normal 0.555243 0.831688 0
    outer loop
      vertex 76.5086 31.6686 32.4
      vertex 76.65 31.5742 2.2
      vertex 76.5086 31.6686 2.2
    endloop
  endfacet
  facet normal 0 0.321378 -0.946951
    outer loop
      vertex 85.3 21.7088 11.1289
      vertex 91.3 22.3591 11.3496
      vertex 91.3 21.7088 11.1289
    endloop
  endfacet
  facet normal 0 0.321378 -0.946951
    outer loop
      vertex 91.3 22.3591 11.3496
      vertex 85.3 21.7088 11.1289
      vertex 85.3 22.3591 11.3496
    endloop
  endfacet
  facet normal 0 0.896831 -0.442373
    outer loop
      vertex 91.3 24.8966 13.575
      vertex 85.3 25.2004 14.1909
      vertex 91.3 25.2004 14.1909
    endloop
  endfacet
  facet normal 0 0.896831 -0.442373
    outer loop
      vertex 85.3 25.2004 14.1909
      vertex 91.3 24.8966 13.575
      vertex 85.3 24.8966 13.575
    endloop
  endfacet
  facet normal -0 0.442373 0.896831
    outer loop
      vertex 85.3 22.975 20.7466
      vertex 91.3 22.3591 21.0504
      vertex 91.3 22.975 20.7466
    endloop
  endfacet
  facet normal 0 0.442373 0.896831
    outer loop
      vertex 91.3 22.3591 21.0504
      vertex 85.3 22.975 20.7466
      vertex 85.3 22.3591 21.0504
    endloop
  endfacet
  facet normal 0 -0.65936 -0.751827
    outer loop
      vertex 85.3 16.6377 12.4877
      vertex 91.3 17.154 12.0349
      vertex 91.3 16.6377 12.4877
    endloop
  endfacet
  facet normal -0 -0.65936 -0.751827
    outer loop
      vertex 91.3 17.154 12.0349
      vertex 85.3 16.6377 12.4877
      vertex 85.3 17.154 12.0349
    endloop
  endfacet
  facet normal -0 0.65936 0.751827
    outer loop
      vertex 85.3 24.0623 19.9123
      vertex 91.3 23.546 20.3651
      vertex 91.3 24.0623 19.9123
    endloop
  endfacet
  facet normal 0 0.65936 0.751827
    outer loop
      vertex 91.3 23.546 20.3651
      vertex 85.3 24.0623 19.9123
      vertex 85.3 23.546 20.3651
    endloop
  endfacet
  facet normal 0 -0.751827 0.65936
    outer loop
      vertex 85.3 16.1849 19.396
      vertex 91.3 16.6377 19.9123
      vertex 85.3 16.6377 19.9123
    endloop
  endfacet
  facet normal 0 -0.751827 0.65936
    outer loop
      vertex 91.3 16.6377 19.9123
      vertex 85.3 16.1849 19.396
      vertex 91.3 16.1849 19.396
    endloop
  endfacet
  facet normal 0 -0.0653786 -0.997861
    outer loop
      vertex 85.3 19.6647 10.9949
      vertex 91.3 20.35 10.95
      vertex 91.3 19.6647 10.9949
    endloop
  endfacet
  facet normal -0 -0.0653786 -0.997861
    outer loop
      vertex 91.3 20.35 10.95
      vertex 85.3 19.6647 10.9949
      vertex 85.3 20.35 10.95
    endloop
  endfacet
  facet normal 0 -0.946951 -0.321378
    outer loop
      vertex 85.3 15.4996 14.1909
      vertex 91.3 15.2789 14.8412
      vertex 85.3 15.2789 14.8412
    endloop
  endfacet
  facet normal 0 -0.946951 -0.321378
    outer loop
      vertex 91.3 15.2789 14.8412
      vertex 85.3 15.4996 14.1909
      vertex 91.3 15.4996 14.1909
    endloop
  endfacet
  facet normal 0 0.442373 -0.896831
    outer loop
      vertex 85.3 22.3591 11.3496
      vertex 91.3 22.975 11.6534
      vertex 91.3 22.3591 11.3496
    endloop
  endfacet
  facet normal 0 0.442373 -0.896831
    outer loop
      vertex 91.3 22.975 11.6534
      vertex 85.3 22.3591 11.3496
      vertex 85.3 22.975 11.6534
    endloop
  endfacet
  facet normal 0 0.980776 0.195136
    outer loop
      vertex 91.3 25.5551 16.8853
      vertex 85.3 25.4211 17.5588
      vertex 91.3 25.4211 17.5588
    endloop
  endfacet
  facet normal 0 0.980776 0.195136
    outer loop
      vertex 85.3 25.4211 17.5588
      vertex 91.3 25.5551 16.8853
      vertex 85.3 25.5551 16.8853
    endloop
  endfacet
  facet normal 0 0.0653786 -0.997861
    outer loop
      vertex 85.3 20.35 10.95
      vertex 91.3 21.0353 10.9949
      vertex 91.3 20.35 10.95
    endloop
  endfacet
  facet normal 0 0.0653786 -0.997861
    outer loop
      vertex 91.3 21.0353 10.9949
      vertex 85.3 20.35 10.95
      vertex 85.3 21.0353 10.9949
    endloop
  endfacet
  facet normal 0 0.65936 -0.751827
    outer loop
      vertex 85.3 23.546 12.0349
      vertex 91.3 24.0623 12.4877
      vertex 91.3 23.546 12.0349
    endloop
  endfacet
  facet normal 0 0.65936 -0.751827
    outer loop
      vertex 91.3 24.0623 12.4877
      vertex 85.3 23.546 12.0349
      vertex 85.3 24.0623 12.4877
    endloop
  endfacet
  facet normal 0 -0.896831 -0.442373
    outer loop
      vertex 85.3 15.8034 13.575
      vertex 91.3 15.4996 14.1909
      vertex 85.3 15.4996 14.1909
    endloop
  endfacet
  facet normal 0 -0.896831 -0.442373
    outer loop
      vertex 91.3 15.4996 14.1909
      vertex 85.3 15.8034 13.575
      vertex 91.3 15.8034 13.575
    endloop
  endfacet
  facet normal 0 -0.946951 0.321378
    outer loop
      vertex 85.3 15.2789 17.5588
      vertex 91.3 15.4996 18.2091
      vertex 85.3 15.4996 18.2091
    endloop
  endfacet
  facet normal 0 -0.946951 0.321378
    outer loop
      vertex 91.3 15.4996 18.2091
      vertex 85.3 15.2789 17.5588
      vertex 91.3 15.2789 17.5588
    endloop
  endfacet
  facet normal 0 -0.980776 0.195136
    outer loop
      vertex 85.3 15.1449 16.8853
      vertex 91.3 15.2789 17.5588
      vertex 85.3 15.2789 17.5588
    endloop
  endfacet
  facet normal 0 -0.980776 0.195136
    outer loop
      vertex 91.3 15.2789 17.5588
      vertex 85.3 15.1449 16.8853
      vertex 91.3 15.1449 16.8853
    endloop
  endfacet
  facet normal -0 0.321378 0.946951
    outer loop
      vertex 85.3 22.3591 21.0504
      vertex 91.3 21.7088 21.2711
      vertex 91.3 22.3591 21.0504
    endloop
  endfacet
  facet normal 0 0.321378 0.946951
    outer loop
      vertex 91.3 21.7088 21.2711
      vertex 85.3 22.3591 21.0504
      vertex 85.3 21.7088 21.2711
    endloop
  endfacet
  facet normal 0 -0.751827 -0.65936
    outer loop
      vertex 85.3 16.6377 12.4877
      vertex 91.3 16.1849 13.004
      vertex 85.3 16.1849 13.004
    endloop
  endfacet
  facet normal 0 -0.751827 -0.65936
    outer loop
      vertex 91.3 16.1849 13.004
      vertex 85.3 16.6377 12.4877
      vertex 91.3 16.6377 12.4877
    endloop
  endfacet
  facet normal 0 -0.321378 0.946951
    outer loop
      vertex 85.3 18.9912 21.2711
      vertex 91.3 18.3409 21.0504
      vertex 91.3 18.9912 21.2711
    endloop
  endfacet
  facet normal 0 -0.321378 0.946951
    outer loop
      vertex 91.3 18.3409 21.0504
      vertex 85.3 18.9912 21.2711
      vertex 85.3 18.3409 21.0504
    endloop
  endfacet
  facet normal 0 0.946951 0.321378
    outer loop
      vertex 91.3 25.4211 17.5588
      vertex 85.3 25.2004 18.2091
      vertex 91.3 25.2004 18.2091
    endloop
  endfacet
  facet normal 0 0.946951 0.321378
    outer loop
      vertex 85.3 25.2004 18.2091
      vertex 91.3 25.4211 17.5588
      vertex 85.3 25.4211 17.5588
    endloop
  endfacet
  facet normal 0 0.751827 0.65936
    outer loop
      vertex 91.3 24.5151 19.396
      vertex 85.3 24.0623 19.9123
      vertex 91.3 24.0623 19.9123
    endloop
  endfacet
  facet normal 0 0.751827 0.65936
    outer loop
      vertex 85.3 24.0623 19.9123
      vertex 91.3 24.5151 19.396
      vertex 85.3 24.5151 19.396
    endloop
  endfacet
  facet normal -1 0 0
    outer loop
      vertex 85.3 23.6 16.2
      vertex 85.3 25.6 16.2
      vertex 85.3 25.5551 15.5147
    endloop
  endfacet
  facet normal -1 0 0
    outer loop
      vertex 85.3 23.5722 15.7758
      vertex 85.3 25.5551 15.5147
      vertex 85.3 25.4211 14.8412
    endloop
  endfacet
  facet normal -1 0 0
    outer loop
      vertex 85.3 25.6 16.2
      vertex 85.3 23.6 16.2
      vertex 85.3 25.5551 16.8853
    endloop
  endfacet
  facet normal -1 0 0
    outer loop
      vertex 85.3 23.4893 15.3588
      vertex 85.3 25.4211 14.8412
      vertex 85.3 25.2004 14.1909
    endloop
  endfacet
  facet normal -1 0 0
    outer loop
      vertex 85.3 23.5722 16.6242
      vertex 85.3 25.5551 16.8853
      vertex 85.3 23.6 16.2
    endloop
  endfacet
  facet normal -1 0 0
    outer loop
      vertex 85.3 23.3526 14.9563
      vertex 85.3 25.2004 14.1909
      vertex 85.3 24.8966 13.575
    endloop
  endfacet
  facet normal -1 -0 0
    outer loop
      vertex 85.3 25.5551 16.8853
      vertex 85.3 23.5722 16.6242
      vertex 85.3 25.4211 17.5588
    endloop
  endfacet
  facet normal -1 0 0
    outer loop
      vertex 85.3 23.1646 14.575
      vertex 85.3 24.8966 13.575
      vertex 85.3 24.5151 13.004
    endloop
  endfacet
  facet normal -1 0 0
    outer loop
      vertex 85.3 23.4893 17.0412
      vertex 85.3 25.4211 17.5588
      vertex 85.3 23.5722 16.6242
    endloop
  endfacet
  facet normal -1 0 0
    outer loop
      vertex 85.3 22.9284 14.2215
      vertex 85.3 24.5151 13.004
      vertex 85.3 24.0623 12.4877
    endloop
  endfacet
  facet normal -1 -0 0
    outer loop
      vertex 85.3 25.4211 17.5588
      vertex 85.3 23.4893 17.0412
      vertex 85.3 25.2004 18.2091
    endloop
  endfacet
  facet normal -1 0 0
    outer loop
      vertex 85.3 23.3526 17.4437
      vertex 85.3 25.2004 18.2091
      vertex 85.3 23.4893 17.0412
    endloop
  endfacet
  facet normal -1 0 0
    outer loop
      vertex 85.3 25.5551 15.5147
      vertex 85.3 23.5722 15.7758
      vertex 85.3 23.6 16.2
    endloop
  endfacet
  facet normal -1 0 0
    outer loop
      vertex 85.3 22.6481 13.9019
      vertex 85.3 24.0623 12.4877
      vertex 85.3 23.546 12.0349
    endloop
  endfacet
  facet normal -1 0 0
    outer loop
      vertex 85.3 25.4211 14.8412
      vertex 85.3 23.4893 15.3588
      vertex 85.3 23.5722 15.7758
    endloop
  endfacet
  facet normal -1 0 0
    outer loop
      vertex 85.3 25.2004 14.1909
      vertex 85.3 23.3526 14.9563
      vertex 85.3 23.4893 15.3588
    endloop
  endfacet
  facet normal -1 0 0
    outer loop
      vertex 85.3 24.8966 13.575
      vertex 85.3 23.1646 14.575
      vertex 85.3 23.3526 14.9563
    endloop
  endfacet
  facet normal -1 0 0
    outer loop
      vertex 85.3 22.3285 13.6216
      vertex 85.3 23.546 12.0349
      vertex 85.3 22.975 11.6534
    endloop
  endfacet
  facet normal -1 0 0
    outer loop
      vertex 85.3 24.5151 13.004
      vertex 85.3 22.9284 14.2215
      vertex 85.3 23.1646 14.575
    endloop
  endfacet
  facet normal -1 0 0
    outer loop
      vertex 85.3 24.0623 12.4877
      vertex 85.3 22.6481 13.9019
      vertex 85.3 22.9284 14.2215
    endloop
  endfacet
  facet normal -1 0 0
    outer loop
      vertex 85.3 21.975 13.3854
      vertex 85.3 22.975 11.6534
      vertex 85.3 22.3591 11.3496
    endloop
  endfacet
  facet normal -1 0 0
    outer loop
      vertex 85.3 23.546 12.0349
      vertex 85.3 22.3285 13.6216
      vertex 85.3 22.6481 13.9019
    endloop
  endfacet
  facet normal -1 0 0
    outer loop
      vertex 85.3 22.975 11.6534
      vertex 85.3 21.975 13.3854
      vertex 85.3 22.3285 13.6216
    endloop
  endfacet
  facet normal -1 0 0
    outer loop
      vertex 85.3 21.5937 13.1974
      vertex 85.3 22.3591 11.3496
      vertex 85.3 21.7088 11.1289
    endloop
  endfacet
  facet normal -1 0 0
    outer loop
      vertex 85.3 22.3591 11.3496
      vertex 85.3 21.5937 13.1974
      vertex 85.3 21.975 13.3854
    endloop
  endfacet
  facet normal -1 0 0
    outer loop
      vertex 85.3 21.7088 11.1289
      vertex 85.3 21.1912 13.0607
      vertex 85.3 21.5937 13.1974
    endloop
  endfacet
  facet normal -1 0 0
    outer loop
      vertex 85.3 21.0353 10.9949
      vertex 85.3 21.1912 13.0607
      vertex 85.3 21.7088 11.1289
    endloop
  endfacet
  facet normal -1 0 0
    outer loop
      vertex 85.3 21.0353 10.9949
      vertex 85.3 20.7742 12.9778
      vertex 85.3 21.1912 13.0607
    endloop
  endfacet
  facet normal -1 0 0
    outer loop
      vertex 85.3 20.35 10.95
      vertex 85.3 20.7742 12.9778
      vertex 85.3 21.0353 10.9949
    endloop
  endfacet
  facet normal -1 0 0
    outer loop
      vertex 85.3 20.35 10.95
      vertex 85.3 20.35 12.95
      vertex 85.3 20.7742 12.9778
    endloop
  endfacet
  facet normal -1 0 0
    outer loop
      vertex 85.3 20.35 10.95
      vertex 85.3 19.9258 12.9778
      vertex 85.3 20.35 12.95
    endloop
  endfacet
  facet normal -1 0 0
    outer loop
      vertex 85.3 19.6647 10.9949
      vertex 85.3 19.9258 12.9778
      vertex 85.3 20.35 10.95
    endloop
  endfacet
  facet normal -1 0 0
    outer loop
      vertex 85.3 19.6647 10.9949
      vertex 85.3 19.5088 13.0607
      vertex 85.3 19.9258 12.9778
    endloop
  endfacet
  facet normal -1 0 0
    outer loop
      vertex 85.3 18.9912 11.1289
      vertex 85.3 19.5088 13.0607
      vertex 85.3 19.6647 10.9949
    endloop
  endfacet
  facet normal -1 -0 0
    outer loop
      vertex 85.3 19.5088 13.0607
      vertex 85.3 18.9912 11.1289
      vertex 85.3 19.1063 13.1974
    endloop
  endfacet
  facet normal -1 0 0
    outer loop
      vertex 85.3 18.3409 11.3496
      vertex 85.3 19.1063 13.1974
      vertex 85.3 18.9912 11.1289
    endloop
  endfacet
  facet normal -1 -0 0
    outer loop
      vertex 85.3 19.1063 13.1974
      vertex 85.3 18.3409 11.3496
      vertex 85.3 18.725 13.3854
    endloop
  endfacet
  facet normal -1 0 0
    outer loop
      vertex 85.3 17.725 11.6534
      vertex 85.3 18.725 13.3854
      vertex 85.3 18.3409 11.3496
    endloop
  endfacet
  facet normal -1 -0 0
    outer loop
      vertex 85.3 18.725 13.3854
      vertex 85.3 17.725 11.6534
      vertex 85.3 18.3715 13.6216
    endloop
  endfacet
  facet normal -1 0 0
    outer loop
      vertex 85.3 17.154 12.0349
      vertex 85.3 18.3715 13.6216
      vertex 85.3 17.725 11.6534
    endloop
  endfacet
  facet normal -1 -0 0
    outer loop
      vertex 85.3 18.3715 13.6216
      vertex 85.3 17.154 12.0349
      vertex 85.3 18.0519 13.9019
    endloop
  endfacet
  facet normal -1 0 0
    outer loop
      vertex 85.3 16.6377 12.4877
      vertex 85.3 18.0519 13.9019
      vertex 85.3 17.154 12.0349
    endloop
  endfacet
  facet normal -1 -0 0
    outer loop
      vertex 85.3 18.0519 13.9019
      vertex 85.3 16.6377 12.4877
      vertex 85.3 17.7716 14.2215
    endloop
  endfacet
  facet normal -1 0 0
    outer loop
      vertex 85.3 16.1849 13.004
      vertex 85.3 17.7716 14.2215
      vertex 85.3 16.6377 12.4877
    endloop
  endfacet
  facet normal -1 -0 0
    outer loop
      vertex 85.3 17.7716 14.2215
      vertex 85.3 16.1849 13.004
      vertex 85.3 17.5354 14.575
    endloop
  endfacet
  facet normal -1 0 0
    outer loop
      vertex 85.3 15.8034 13.575
      vertex 85.3 17.5354 14.575
      vertex 85.3 16.1849 13.004
    endloop
  endfacet
  facet normal -1 -0 0
    outer loop
      vertex 85.3 17.5354 14.575
      vertex 85.3 15.8034 13.575
      vertex 85.3 17.3474 14.9563
    endloop
  endfacet
  facet normal -1 0 0
    outer loop
      vertex 85.3 15.4996 14.1909
      vertex 85.3 17.3474 14.9563
      vertex 85.3 15.8034 13.575
    endloop
  endfacet
  facet normal -1 -0 0
    outer loop
      vertex 85.3 25.2004 18.2091
      vertex 85.3 23.3526 17.4437
      vertex 85.3 24.8966 18.825
    endloop
  endfacet
  facet normal -1 0 0
    outer loop
      vertex 85.3 23.1646 17.825
      vertex 85.3 24.8966 18.825
      vertex 85.3 23.3526 17.4437
    endloop
  endfacet
  facet normal -1 -0 0
    outer loop
      vertex 85.3 24.8966 18.825
      vertex 85.3 23.1646 17.825
      vertex 85.3 24.5151 19.396
    endloop
  endfacet
  facet normal -1 0 0
    outer loop
      vertex 85.3 22.9284 18.1785
      vertex 85.3 24.5151 19.396
      vertex 85.3 23.1646 17.825
    endloop
  endfacet
  facet normal -1 -0 0
    outer loop
      vertex 85.3 24.5151 19.396
      vertex 85.3 22.9284 18.1785
      vertex 85.3 24.0623 19.9123
    endloop
  endfacet
  facet normal -1 0 0
    outer loop
      vertex 85.3 22.6481 18.4981
      vertex 85.3 24.0623 19.9123
      vertex 85.3 22.9284 18.1785
    endloop
  endfacet
  facet normal -1 -0 0
    outer loop
      vertex 85.3 24.0623 19.9123
      vertex 85.3 22.6481 18.4981
      vertex 85.3 23.546 20.3651
    endloop
  endfacet
  facet normal -1 0 0
    outer loop
      vertex 85.3 22.3285 18.7784
      vertex 85.3 23.546 20.3651
      vertex 85.3 22.6481 18.4981
    endloop
  endfacet
  facet normal -1 -0 0
    outer loop
      vertex 85.3 23.546 20.3651
      vertex 85.3 22.3285 18.7784
      vertex 85.3 22.975 20.7466
    endloop
  endfacet
  facet normal -1 0 0
    outer loop
      vertex 85.3 21.975 19.0146
      vertex 85.3 22.975 20.7466
      vertex 85.3 22.3285 18.7784
    endloop
  endfacet
  facet normal -1 -0 0
    outer loop
      vertex 85.3 22.975 20.7466
      vertex 85.3 21.975 19.0146
      vertex 85.3 22.3591 21.0504
    endloop
  endfacet
  facet normal -1 0 0
    outer loop
      vertex 85.3 21.5937 19.2026
      vertex 85.3 22.3591 21.0504
      vertex 85.3 21.975 19.0146
    endloop
  endfacet
  facet normal -1 -0 0
    outer loop
      vertex 85.3 22.3591 21.0504
      vertex 85.3 21.5937 19.2026
      vertex 85.3 21.7088 21.2711
    endloop
  endfacet
  facet normal -1 0 0
    outer loop
      vertex 85.3 21.1912 19.3393
      vertex 85.3 21.7088 21.2711
      vertex 85.3 21.5937 19.2026
    endloop
  endfacet
  facet normal -1 0 0
    outer loop
      vertex 85.3 21.1912 19.3393
      vertex 85.3 21.0353 21.4051
      vertex 85.3 21.7088 21.2711
    endloop
  endfacet
  facet normal -1 0 0
    outer loop
      vertex 85.3 20.7742 19.4222
      vertex 85.3 21.0353 21.4051
      vertex 85.3 21.1912 19.3393
    endloop
  endfacet
  facet normal -1 0 0
    outer loop
      vertex 85.3 20.35 19.45
      vertex 85.3 21.0353 21.4051
      vertex 85.3 20.7742 19.4222
    endloop
  endfacet
  facet normal -1 0 0
    outer loop
      vertex 85.3 20.35 19.45
      vertex 85.3 20.35 21.45
      vertex 85.3 21.0353 21.4051
    endloop
  endfacet
  facet normal -1 0 0
    outer loop
      vertex 85.3 19.9258 19.4222
      vertex 85.3 20.35 21.45
      vertex 85.3 20.35 19.45
    endloop
  endfacet
  facet normal -1 0 0
    outer loop
      vertex 85.3 19.9258 19.4222
      vertex 85.3 19.6647 21.4051
      vertex 85.3 20.35 21.45
    endloop
  endfacet
  facet normal -1 0 0
    outer loop
      vertex 85.3 19.5088 19.3393
      vertex 85.3 19.6647 21.4051
      vertex 85.3 19.9258 19.4222
    endloop
  endfacet
  facet normal -1 0 0
    outer loop
      vertex 85.3 18.9912 21.2711
      vertex 85.3 19.5088 19.3393
      vertex 85.3 19.1063 19.2026
    endloop
  endfacet
  facet normal -1 0 0
    outer loop
      vertex 85.3 19.5088 19.3393
      vertex 85.3 18.9912 21.2711
      vertex 85.3 19.6647 21.4051
    endloop
  endfacet
  facet normal -1 0 0
    outer loop
      vertex 85.3 18.3409 21.0504
      vertex 85.3 19.1063 19.2026
      vertex 85.3 18.725 19.0146
    endloop
  endfacet
  facet normal -1 0 0
    outer loop
      vertex 85.3 17.725 20.7466
      vertex 85.3 18.725 19.0146
      vertex 85.3 18.3715 18.7784
    endloop
  endfacet
  facet normal -1 0 0
    outer loop
      vertex 85.3 19.1063 19.2026
      vertex 85.3 18.3409 21.0504
      vertex 85.3 18.9912 21.2711
    endloop
  endfacet
  facet normal -1 0 0
    outer loop
      vertex 85.3 17.154 20.3651
      vertex 85.3 18.3715 18.7784
      vertex 85.3 18.0519 18.4981
    endloop
  endfacet
  facet normal -1 0 0
    outer loop
      vertex 85.3 16.6377 19.9123
      vertex 85.3 18.0519 18.4981
      vertex 85.3 17.7716 18.1785
    endloop
  endfacet
  facet normal -1 0 0
    outer loop
      vertex 85.3 18.725 19.0146
      vertex 85.3 17.725 20.7466
      vertex 85.3 18.3409 21.0504
    endloop
  endfacet
  facet normal -1 0 0
    outer loop
      vertex 85.3 16.1849 19.396
      vertex 85.3 17.7716 18.1785
      vertex 85.3 17.5354 17.825
    endloop
  endfacet
  facet normal -1 0 0
    outer loop
      vertex 85.3 15.8034 18.825
      vertex 85.3 17.5354 17.825
      vertex 85.3 17.3474 17.4437
    endloop
  endfacet
  facet normal -1 0 0
    outer loop
      vertex 85.3 15.4996 18.2091
      vertex 85.3 17.3474 17.4437
      vertex 85.3 17.2107 17.0412
    endloop
  endfacet
  facet normal -1 0 0
    outer loop
      vertex 85.3 18.3715 18.7784
      vertex 85.3 17.154 20.3651
      vertex 85.3 17.725 20.7466
    endloop
  endfacet
  facet normal -1 0 0
    outer loop
      vertex 85.3 15.2789 17.5588
      vertex 85.3 17.2107 17.0412
      vertex 85.3 17.1278 16.6242
    endloop
  endfacet
  facet normal -1 0 0
    outer loop
      vertex 85.3 15.1449 16.8853
      vertex 85.3 17.1278 16.6242
      vertex 85.3 17.1 16.2
    endloop
  endfacet
  facet normal -1 -0 0
    outer loop
      vertex 85.3 17.3474 14.9563
      vertex 85.3 15.4996 14.1909
      vertex 85.3 17.2107 15.3588
    endloop
  endfacet
  facet normal -1 0 0
    outer loop
      vertex 85.3 18.0519 18.4981
      vertex 85.3 16.6377 19.9123
      vertex 85.3 17.154 20.3651
    endloop
  endfacet
  facet normal -1 0 0
    outer loop
      vertex 85.3 15.2789 14.8412
      vertex 85.3 17.2107 15.3588
      vertex 85.3 15.4996 14.1909
    endloop
  endfacet
  facet normal -1 0 0
    outer loop
      vertex 85.3 17.7716 18.1785
      vertex 85.3 16.1849 19.396
      vertex 85.3 16.6377 19.9123
    endloop
  endfacet
  facet normal -1 -0 0
    outer loop
      vertex 85.3 17.2107 15.3588
      vertex 85.3 15.2789 14.8412
      vertex 85.3 17.1278 15.7758
    endloop
  endfacet
  facet normal -1 0 0
    outer loop
      vertex 85.3 17.5354 17.825
      vertex 85.3 15.8034 18.825
      vertex 85.3 16.1849 19.396
    endloop
  endfacet
  facet normal -1 0 0
    outer loop
      vertex 85.3 15.1449 15.5147
      vertex 85.3 17.1278 15.7758
      vertex 85.3 15.2789 14.8412
    endloop
  endfacet
  facet normal -1 0 0
    outer loop
      vertex 85.3 17.3474 17.4437
      vertex 85.3 15.4996 18.2091
      vertex 85.3 15.8034 18.825
    endloop
  endfacet
  facet normal -1 -0 0
    outer loop
      vertex 85.3 17.1278 15.7758
      vertex 85.3 15.1449 15.5147
      vertex 85.3 17.1 16.2
    endloop
  endfacet
  facet normal -1 0 0
    outer loop
      vertex 85.3 17.2107 17.0412
      vertex 85.3 15.2789 17.5588
      vertex 85.3 15.4996 18.2091
    endloop
  endfacet
  facet normal -1 0 0
    outer loop
      vertex 85.3 15.1 16.2
      vertex 85.3 17.1 16.2
      vertex 85.3 15.1449 15.5147
    endloop
  endfacet
  facet normal -1 0 0
    outer loop
      vertex 85.3 17.1278 16.6242
      vertex 85.3 15.1449 16.8853
      vertex 85.3 15.2789 17.5588
    endloop
  endfacet
  facet normal -1 0 0
    outer loop
      vertex 85.3 17.1 16.2
      vertex 85.3 15.1 16.2
      vertex 85.3 15.1449 16.8853
    endloop
  endfacet
  facet normal 1 0 0
    outer loop
      vertex 91.3 23.6 16.2
      vertex 91.3 25.6 16.2
      vertex 91.3 25.5551 16.8853
    endloop
  endfacet
  facet normal 1 0 0
    outer loop
      vertex 91.3 23.5722 16.6242
      vertex 91.3 25.5551 16.8853
      vertex 91.3 25.4211 17.5588
    endloop
  endfacet
  facet normal 1 0 0
    outer loop
      vertex 91.3 25.6 16.2
      vertex 91.3 23.6 16.2
      vertex 91.3 25.5551 15.5147
    endloop
  endfacet
  facet normal 1 0 0
    outer loop
      vertex 91.3 23.4893 17.0412
      vertex 91.3 25.4211 17.5588
      vertex 91.3 25.2004 18.2091
    endloop
  endfacet
  facet normal 1 -0 0
    outer loop
      vertex 91.3 23.5722 15.7758
      vertex 91.3 25.5551 15.5147
      vertex 91.3 23.6 16.2
    endloop
  endfacet
  facet normal 1 0 0
    outer loop
      vertex 91.3 23.3526 17.4437
      vertex 91.3 25.2004 18.2091
      vertex 91.3 24.8966 18.825
    endloop
  endfacet
  facet normal 1 0 0
    outer loop
      vertex 91.3 25.5551 15.5147
      vertex 91.3 23.5722 15.7758
      vertex 91.3 25.4211 14.8412
    endloop
  endfacet
  facet normal 1 0 0
    outer loop
      vertex 91.3 23.1646 17.825
      vertex 91.3 24.8966 18.825
      vertex 91.3 24.5151 19.396
    endloop
  endfacet
  facet normal 1 -0 0
    outer loop
      vertex 91.3 23.4893 15.3588
      vertex 91.3 25.4211 14.8412
      vertex 91.3 23.5722 15.7758
    endloop
  endfacet
  facet normal 1 0 0
    outer loop
      vertex 91.3 22.9284 18.1785
      vertex 91.3 24.5151 19.396
      vertex 91.3 24.0623 19.9123
    endloop
  endfacet
  facet normal 1 0 0
    outer loop
      vertex 91.3 25.4211 14.8412
      vertex 91.3 23.4893 15.3588
      vertex 91.3 25.2004 14.1909
    endloop
  endfacet
  facet normal 1 -0 0
    outer loop
      vertex 91.3 23.3526 14.9563
      vertex 91.3 25.2004 14.1909
      vertex 91.3 23.4893 15.3588
    endloop
  endfacet
  facet normal 1 0 0
    outer loop
      vertex 91.3 25.5551 16.8853
      vertex 91.3 23.5722 16.6242
      vertex 91.3 23.6 16.2
    endloop
  endfacet
  facet normal 1 0 0
    outer loop
      vertex 91.3 22.6481 18.4981
      vertex 91.3 24.0623 19.9123
      vertex 91.3 23.546 20.3651
    endloop
  endfacet
  facet normal 1 0 0
    outer loop
      vertex 91.3 25.4211 17.5588
      vertex 91.3 23.4893 17.0412
      vertex 91.3 23.5722 16.6242
    endloop
  endfacet
  facet normal 1 0 0
    outer loop
      vertex 91.3 25.2004 18.2091
      vertex 91.3 23.3526 17.4437
      vertex 91.3 23.4893 17.0412
    endloop
  endfacet
  facet normal 1 0 0
    outer loop
      vertex 91.3 24.8966 18.825
      vertex 91.3 23.1646 17.825
      vertex 91.3 23.3526 17.4437
    endloop
  endfacet
  facet normal 1 0 0
    outer loop
      vertex 91.3 22.3285 18.7784
      vertex 91.3 23.546 20.3651
      vertex 91.3 22.975 20.7466
    endloop
  endfacet
  facet normal 1 0 0
    outer loop
      vertex 91.3 24.5151 19.396
      vertex 91.3 22.9284 18.1785
      vertex 91.3 23.1646 17.825
    endloop
  endfacet
  facet normal 1 0 0
    outer loop
      vertex 91.3 24.0623 19.9123
      vertex 91.3 22.6481 18.4981
      vertex 91.3 22.9284 18.1785
    endloop
  endfacet
  facet normal 1 0 0
    outer loop
      vertex 91.3 21.975 19.0146
      vertex 91.3 22.975 20.7466
      vertex 91.3 22.3591 21.0504
    endloop
  endfacet
  facet normal 1 0 0
    outer loop
      vertex 91.3 23.546 20.3651
      vertex 91.3 22.3285 18.7784
      vertex 91.3 22.6481 18.4981
    endloop
  endfacet
  facet normal 1 0 0
    outer loop
      vertex 91.3 22.975 20.7466
      vertex 91.3 21.975 19.0146
      vertex 91.3 22.3285 18.7784
    endloop
  endfacet
  facet normal 1 0 0
    outer loop
      vertex 91.3 21.5937 19.2026
      vertex 91.3 22.3591 21.0504
      vertex 91.3 21.7088 21.2711
    endloop
  endfacet
  facet normal 1 0 0
    outer loop
      vertex 91.3 22.3591 21.0504
      vertex 91.3 21.5937 19.2026
      vertex 91.3 21.975 19.0146
    endloop
  endfacet
  facet normal 1 0 0
    outer loop
      vertex 91.3 21.7088 21.2711
      vertex 91.3 21.1912 19.3393
      vertex 91.3 21.5937 19.2026
    endloop
  endfacet
  facet normal 1 0 0
    outer loop
      vertex 91.3 21.0353 21.4051
      vertex 91.3 21.1912 19.3393
      vertex 91.3 21.7088 21.2711
    endloop
  endfacet
  facet normal 1 0 0
    outer loop
      vertex 91.3 21.0353 21.4051
      vertex 91.3 20.7742 19.4222
      vertex 91.3 21.1912 19.3393
    endloop
  endfacet
  facet normal 1 0 0
    outer loop
      vertex 91.3 20.35 21.45
      vertex 91.3 20.7742 19.4222
      vertex 91.3 21.0353 21.4051
    endloop
  endfacet
  facet normal 1 0 0
    outer loop
      vertex 91.3 20.35 21.45
      vertex 91.3 20.35 19.45
      vertex 91.3 20.7742 19.4222
    endloop
  endfacet
  facet normal 1 0 0
    outer loop
      vertex 91.3 20.35 21.45
      vertex 91.3 19.9258 19.4222
      vertex 91.3 20.35 19.45
    endloop
  endfacet
  facet normal 1 -0 0
    outer loop
      vertex 91.3 19.6647 21.4051
      vertex 91.3 19.9258 19.4222
      vertex 91.3 20.35 21.45
    endloop
  endfacet
  facet normal 1 0 0
    outer loop
      vertex 91.3 19.6647 21.4051
      vertex 91.3 19.5088 19.3393
      vertex 91.3 19.9258 19.4222
    endloop
  endfacet
  facet normal 1 -0 0
    outer loop
      vertex 91.3 18.9912 21.2711
      vertex 91.3 19.5088 19.3393
      vertex 91.3 19.6647 21.4051
    endloop
  endfacet
  facet normal 1 0 0
    outer loop
      vertex 91.3 19.5088 19.3393
      vertex 91.3 18.9912 21.2711
      vertex 91.3 19.1063 19.2026
    endloop
  endfacet
  facet normal 1 -0 0
    outer loop
      vertex 91.3 18.3409 21.0504
      vertex 91.3 19.1063 19.2026
      vertex 91.3 18.9912 21.2711
    endloop
  endfacet
  facet normal 1 0 0
    outer loop
      vertex 91.3 19.1063 19.2026
      vertex 91.3 18.3409 21.0504
      vertex 91.3 18.725 19.0146
    endloop
  endfacet
  facet normal 1 -0 0
    outer loop
      vertex 91.3 17.725 20.7466
      vertex 91.3 18.725 19.0146
      vertex 91.3 18.3409 21.0504
    endloop
  endfacet
  facet normal 1 0 0
    outer loop
      vertex 91.3 18.725 19.0146
      vertex 91.3 17.725 20.7466
      vertex 91.3 18.3715 18.7784
    endloop
  endfacet
  facet normal 1 -0 0
    outer loop
      vertex 91.3 17.154 20.3651
      vertex 91.3 18.3715 18.7784
      vertex 91.3 17.725 20.7466
    endloop
  endfacet
  facet normal 1 0 0
    outer loop
      vertex 91.3 18.3715 18.7784
      vertex 91.3 17.154 20.3651
      vertex 91.3 18.0519 18.4981
    endloop
  endfacet
  facet normal 1 -0 0
    outer loop
      vertex 91.3 16.6377 19.9123
      vertex 91.3 18.0519 18.4981
      vertex 91.3 17.154 20.3651
    endloop
  endfacet
  facet normal 1 0 0
    outer loop
      vertex 91.3 18.0519 18.4981
      vertex 91.3 16.6377 19.9123
      vertex 91.3 17.7716 18.1785
    endloop
  endfacet
  facet normal 1 -0 0
    outer loop
      vertex 91.3 16.1849 19.396
      vertex 91.3 17.7716 18.1785
      vertex 91.3 16.6377 19.9123
    endloop
  endfacet
  facet normal 1 0 0
    outer loop
      vertex 91.3 17.7716 18.1785
      vertex 91.3 16.1849 19.396
      vertex 91.3 17.5354 17.825
    endloop
  endfacet
  facet normal 1 -0 0
    outer loop
      vertex 91.3 15.8034 18.825
      vertex 91.3 17.5354 17.825
      vertex 91.3 16.1849 19.396
    endloop
  endfacet
  facet normal 1 0 0
    outer loop
      vertex 91.3 17.5354 17.825
      vertex 91.3 15.8034 18.825
      vertex 91.3 17.3474 17.4437
    endloop
  endfacet
  facet normal 1 -0 0
    outer loop
      vertex 91.3 15.4996 18.2091
      vertex 91.3 17.3474 17.4437
      vertex 91.3 15.8034 18.825
    endloop
  endfacet
  facet normal 1 0 0
    outer loop
      vertex 91.3 25.2004 14.1909
      vertex 91.3 23.3526 14.9563
      vertex 91.3 24.8966 13.575
    endloop
  endfacet
  facet normal 1 -0 0
    outer loop
      vertex 91.3 23.1646 14.575
      vertex 91.3 24.8966 13.575
      vertex 91.3 23.3526 14.9563
    endloop
  endfacet
  facet normal 1 0 0
    outer loop
      vertex 91.3 24.8966 13.575
      vertex 91.3 23.1646 14.575
      vertex 91.3 24.5151 13.004
    endloop
  endfacet
  facet normal 1 -0 0
    outer loop
      vertex 91.3 22.9284 14.2215
      vertex 91.3 24.5151 13.004
      vertex 91.3 23.1646 14.575
    endloop
  endfacet
  facet normal 1 0 0
    outer loop
      vertex 91.3 24.5151 13.004
      vertex 91.3 22.9284 14.2215
      vertex 91.3 24.0623 12.4877
    endloop
  endfacet
  facet normal 1 -0 0
    outer loop
      vertex 91.3 22.6481 13.9019
      vertex 91.3 24.0623 12.4877
      vertex 91.3 22.9284 14.2215
    endloop
  endfacet
  facet normal 1 0 0
    outer loop
      vertex 91.3 24.0623 12.4877
      vertex 91.3 22.6481 13.9019
      vertex 91.3 23.546 12.0349
    endloop
  endfacet
  facet normal 1 -0 0
    outer loop
      vertex 91.3 22.3285 13.6216
      vertex 91.3 23.546 12.0349
      vertex 91.3 22.6481 13.9019
    endloop
  endfacet
  facet normal 1 0 0
    outer loop
      vertex 91.3 23.546 12.0349
      vertex 91.3 22.3285 13.6216
      vertex 91.3 22.975 11.6534
    endloop
  endfacet
  facet normal 1 -0 0
    outer loop
      vertex 91.3 21.975 13.3854
      vertex 91.3 22.975 11.6534
      vertex 91.3 22.3285 13.6216
    endloop
  endfacet
  facet normal 1 0 0
    outer loop
      vertex 91.3 22.975 11.6534
      vertex 91.3 21.975 13.3854
      vertex 91.3 22.3591 11.3496
    endloop
  endfacet
  facet normal 1 -0 0
    outer loop
      vertex 91.3 21.5937 13.1974
      vertex 91.3 22.3591 11.3496
      vertex 91.3 21.975 13.3854
    endloop
  endfacet
  facet normal 1 0 0
    outer loop
      vertex 91.3 22.3591 11.3496
      vertex 91.3 21.5937 13.1974
      vertex 91.3 21.7088 11.1289
    endloop
  endfacet
  facet normal 1 -0 0
    outer loop
      vertex 91.3 21.1912 13.0607
      vertex 91.3 21.7088 11.1289
      vertex 91.3 21.5937 13.1974
    endloop
  endfacet
  facet normal 1 0 0
    outer loop
      vertex 91.3 21.1912 13.0607
      vertex 91.3 21.0353 10.9949
      vertex 91.3 21.7088 11.1289
    endloop
  endfacet
  facet normal 1 -0 0
    outer loop
      vertex 91.3 20.7742 12.9778
      vertex 91.3 21.0353 10.9949
      vertex 91.3 21.1912 13.0607
    endloop
  endfacet
  facet normal 1 -0 0
    outer loop
      vertex 91.3 20.35 12.95
      vertex 91.3 21.0353 10.9949
      vertex 91.3 20.7742 12.9778
    endloop
  endfacet
  facet normal 1 0 0
    outer loop
      vertex 91.3 20.35 12.95
      vertex 91.3 20.35 10.95
      vertex 91.3 21.0353 10.9949
    endloop
  endfacet
  facet normal 1 0 0
    outer loop
      vertex 91.3 19.9258 12.9778
      vertex 91.3 20.35 10.95
      vertex 91.3 20.35 12.95
    endloop
  endfacet
  facet normal 1 0 0
    outer loop
      vertex 91.3 19.9258 12.9778
      vertex 91.3 19.6647 10.9949
      vertex 91.3 20.35 10.95
    endloop
  endfacet
  facet normal 1 0 0
    outer loop
      vertex 91.3 19.5088 13.0607
      vertex 91.3 19.6647 10.9949
      vertex 91.3 19.9258 12.9778
    endloop
  endfacet
  facet normal 1 0 0
    outer loop
      vertex 91.3 18.9912 11.1289
      vertex 91.3 19.5088 13.0607
      vertex 91.3 19.1063 13.1974
    endloop
  endfacet
  facet normal 1 0 0
    outer loop
      vertex 91.3 19.5088 13.0607
      vertex 91.3 18.9912 11.1289
      vertex 91.3 19.6647 10.9949
    endloop
  endfacet
  facet normal 1 0 0
    outer loop
      vertex 91.3 18.3409 11.3496
      vertex 91.3 19.1063 13.1974
      vertex 91.3 18.725 13.3854
    endloop
  endfacet
  facet normal 1 0 0
    outer loop
      vertex 91.3 17.725 11.6534
      vertex 91.3 18.725 13.3854
      vertex 91.3 18.3715 13.6216
    endloop
  endfacet
  facet normal 1 0 0
    outer loop
      vertex 91.3 19.1063 13.1974
      vertex 91.3 18.3409 11.3496
      vertex 91.3 18.9912 11.1289
    endloop
  endfacet
  facet normal 1 0 0
    outer loop
      vertex 91.3 17.154 12.0349
      vertex 91.3 18.3715 13.6216
      vertex 91.3 18.0519 13.9019
    endloop
  endfacet
  facet normal 1 0 0
    outer loop
      vertex 91.3 16.6377 12.4877
      vertex 91.3 18.0519 13.9019
      vertex 91.3 17.7716 14.2215
    endloop
  endfacet
  facet normal 1 0 0
    outer loop
      vertex 91.3 18.725 13.3854
      vertex 91.3 17.725 11.6534
      vertex 91.3 18.3409 11.3496
    endloop
  endfacet
  facet normal 1 0 0
    outer loop
      vertex 91.3 16.1849 13.004
      vertex 91.3 17.7716 14.2215
      vertex 91.3 17.5354 14.575
    endloop
  endfacet
  facet normal 1 0 0
    outer loop
      vertex 91.3 15.8034 13.575
      vertex 91.3 17.5354 14.575
      vertex 91.3 17.3474 14.9563
    endloop
  endfacet
  facet normal 1 0 0
    outer loop
      vertex 91.3 15.4996 14.1909
      vertex 91.3 17.3474 14.9563
      vertex 91.3 17.2107 15.3588
    endloop
  endfacet
  facet normal 1 0 0
    outer loop
      vertex 91.3 18.3715 13.6216
      vertex 91.3 17.154 12.0349
      vertex 91.3 17.725 11.6534
    endloop
  endfacet
  facet normal 1 0 0
    outer loop
      vertex 91.3 15.2789 14.8412
      vertex 91.3 17.2107 15.3588
      vertex 91.3 17.1278 15.7758
    endloop
  endfacet
  facet normal 1 0 0
    outer loop
      vertex 91.3 15.1449 15.5147
      vertex 91.3 17.1278 15.7758
      vertex 91.3 17.1 16.2
    endloop
  endfacet
  facet normal 1 0 0
    outer loop
      vertex 91.3 17.3474 17.4437
      vertex 91.3 15.4996 18.2091
      vertex 91.3 17.2107 17.0412
    endloop
  endfacet
  facet normal 1 0 0
    outer loop
      vertex 91.3 18.0519 13.9019
      vertex 91.3 16.6377 12.4877
      vertex 91.3 17.154 12.0349
    endloop
  endfacet
  facet normal 1 -0 0
    outer loop
      vertex 91.3 15.2789 17.5588
      vertex 91.3 17.2107 17.0412
      vertex 91.3 15.4996 18.2091
    endloop
  endfacet
  facet normal 1 0 0
    outer loop
      vertex 91.3 17.7716 14.2215
      vertex 91.3 16.1849 13.004
      vertex 91.3 16.6377 12.4877
    endloop
  endfacet
  facet normal 1 0 0
    outer loop
      vertex 91.3 17.2107 17.0412
      vertex 91.3 15.2789 17.5588
      vertex 91.3 17.1278 16.6242
    endloop
  endfacet
  facet normal 1 0 0
    outer loop
      vertex 91.3 17.5354 14.575
      vertex 91.3 15.8034 13.575
      vertex 91.3 16.1849 13.004
    endloop
  endfacet
  facet normal 1 -0 0
    outer loop
      vertex 91.3 15.1449 16.8853
      vertex 91.3 17.1278 16.6242
      vertex 91.3 15.2789 17.5588
    endloop
  endfacet
  facet normal 1 0 0
    outer loop
      vertex 91.3 17.3474 14.9563
      vertex 91.3 15.4996 14.1909
      vertex 91.3 15.8034 13.575
    endloop
  endfacet
  facet normal 1 0 0
    outer loop
      vertex 91.3 17.1278 16.6242
      vertex 91.3 15.1449 16.8853
      vertex 91.3 17.1 16.2
    endloop
  endfacet
  facet normal 1 0 0
    outer loop
      vertex 91.3 17.2107 15.3588
      vertex 91.3 15.2789 14.8412
      vertex 91.3 15.4996 14.1909
    endloop
  endfacet
  facet normal 1 0 0
    outer loop
      vertex 91.3 15.1 16.2
      vertex 91.3 17.1 16.2
      vertex 91.3 15.1449 16.8853
    endloop
  endfacet
  facet normal 1 0 0
    outer loop
      vertex 91.3 17.1278 15.7758
      vertex 91.3 15.1449 15.5147
      vertex 91.3 15.2789 14.8412
    endloop
  endfacet
  facet normal 1 0 0
    outer loop
      vertex 91.3 17.1 16.2
      vertex 91.3 15.1 16.2
      vertex 91.3 15.1449 15.5147
    endloop
  endfacet
  facet normal 0 -0.195136 -0.980776
    outer loop
      vertex 85.3 18.9912 11.1289
      vertex 91.3 19.6647 10.9949
      vertex 91.3 18.9912 11.1289
    endloop
  endfacet
  facet normal -0 -0.195136 -0.980776
    outer loop
      vertex 91.3 19.6647 10.9949
      vertex 85.3 18.9912 11.1289
      vertex 85.3 19.6647 10.9949
    endloop
  endfacet
  facet normal -0 0.195136 0.980776
    outer loop
      vertex 85.3 21.7088 21.2711
      vertex 91.3 21.0353 21.4051
      vertex 91.3 21.7088 21.2711
    endloop
  endfacet
  facet normal 0 0.195136 0.980776
    outer loop
      vertex 91.3 21.0353 21.4051
      vertex 85.3 21.7088 21.2711
      vertex 85.3 21.0353 21.4051
    endloop
  endfacet
  facet normal 0 -0.442373 0.896831
    outer loop
      vertex 85.3 18.3409 21.0504
      vertex 91.3 17.725 20.7466
      vertex 91.3 18.3409 21.0504
    endloop
  endfacet
  facet normal 0 -0.442373 0.896831
    outer loop
      vertex 91.3 17.725 20.7466
      vertex 85.3 18.3409 21.0504
      vertex 85.3 17.725 20.7466
    endloop
  endfacet
  facet normal 0 -0.980776 -0.195136
    outer loop
      vertex 85.3 15.2789 14.8412
      vertex 91.3 15.1449 15.5147
      vertex 85.3 15.1449 15.5147
    endloop
  endfacet
  facet normal 0 -0.980776 -0.195136
    outer loop
      vertex 91.3 15.1449 15.5147
      vertex 85.3 15.2789 14.8412
      vertex 91.3 15.2789 14.8412
    endloop
  endfacet
  facet normal 0 0.83149 -0.55554
    outer loop
      vertex 91.3 24.5151 13.004
      vertex 85.3 24.8966 13.575
      vertex 91.3 24.8966 13.575
    endloop
  endfacet
  facet normal 0 0.83149 -0.55554
    outer loop
      vertex 85.3 24.8966 13.575
      vertex 91.3 24.5151 13.004
      vertex 85.3 24.5151 13.004
    endloop
  endfacet
  facet normal 0 0.997861 0.0653786
    outer loop
      vertex 91.3 25.6 16.2
      vertex 85.3 25.5551 16.8853
      vertex 91.3 25.5551 16.8853
    endloop
  endfacet
  facet normal 0 0.997861 0.0653786
    outer loop
      vertex 85.3 25.5551 16.8853
      vertex 91.3 25.6 16.2
      vertex 85.3 25.6 16.2
    endloop
  endfacet
  facet normal 0 -0.997861 -0.0653786
    outer loop
      vertex 85.3 15.1449 15.5147
      vertex 91.3 15.1 16.2
      vertex 85.3 15.1 16.2
    endloop
  endfacet
  facet normal 0 -0.997861 -0.0653786
    outer loop
      vertex 91.3 15.1 16.2
      vertex 85.3 15.1449 15.5147
      vertex 91.3 15.1449 15.5147
    endloop
  endfacet
  facet normal 0 -0.997861 0.0653786
    outer loop
      vertex 85.3 15.1 16.2
      vertex 91.3 15.1449 16.8853
      vertex 85.3 15.1449 16.8853
    endloop
  endfacet
  facet normal 0 -0.997861 0.0653786
    outer loop
      vertex 91.3 15.1449 16.8853
      vertex 85.3 15.1 16.2
      vertex 91.3 15.1 16.2
    endloop
  endfacet
  facet normal 0 0.980776 -0.195136
    outer loop
      vertex 91.3 25.4211 14.8412
      vertex 85.3 25.5551 15.5147
      vertex 91.3 25.5551 15.5147
    endloop
  endfacet
  facet normal 0 0.980776 -0.195136
    outer loop
      vertex 85.3 25.5551 15.5147
      vertex 91.3 25.4211 14.8412
      vertex 85.3 25.4211 14.8412
    endloop
  endfacet
  facet normal 0 0.83149 0.55554
    outer loop
      vertex 91.3 24.8966 18.825
      vertex 85.3 24.5151 19.396
      vertex 91.3 24.5151 19.396
    endloop
  endfacet
  facet normal 0 0.83149 0.55554
    outer loop
      vertex 85.3 24.5151 19.396
      vertex 91.3 24.8966 18.825
      vertex 85.3 24.8966 18.825
    endloop
  endfacet
  facet normal 0 -0.55554 0.83149
    outer loop
      vertex 85.3 17.725 20.7466
      vertex 91.3 17.154 20.3651
      vertex 91.3 17.725 20.7466
    endloop
  endfacet
  facet normal 0 -0.55554 0.83149
    outer loop
      vertex 91.3 17.154 20.3651
      vertex 85.3 17.725 20.7466
      vertex 85.3 17.154 20.3651
    endloop
  endfacet
  facet normal 0 0.751827 -0.65936
    outer loop
      vertex 91.3 24.0623 12.4877
      vertex 85.3 24.5151 13.004
      vertex 91.3 24.5151 13.004
    endloop
  endfacet
  facet normal 0 0.751827 -0.65936
    outer loop
      vertex 85.3 24.5151 13.004
      vertex 91.3 24.0623 12.4877
      vertex 85.3 24.0623 12.4877
    endloop
  endfacet
  facet normal 0 -0.896831 0.442373
    outer loop
      vertex 85.3 15.4996 18.2091
      vertex 91.3 15.8034 18.825
      vertex 85.3 15.8034 18.825
    endloop
  endfacet
  facet normal 0 -0.896831 0.442373
    outer loop
      vertex 91.3 15.8034 18.825
      vertex 85.3 15.4996 18.2091
      vertex 91.3 15.4996 18.2091
    endloop
  endfacet
  facet normal 0 -0.0653786 0.997861
    outer loop
      vertex 85.3 20.35 21.45
      vertex 91.3 19.6647 21.4051
      vertex 91.3 20.35 21.45
    endloop
  endfacet
  facet normal 0 -0.0653786 0.997861
    outer loop
      vertex 91.3 19.6647 21.4051
      vertex 85.3 20.35 21.45
      vertex 85.3 19.6647 21.4051
    endloop
  endfacet
  facet normal 0 0.195136 -0.980776
    outer loop
      vertex 85.3 21.0353 10.9949
      vertex 91.3 21.7088 11.1289
      vertex 91.3 21.0353 10.9949
    endloop
  endfacet
  facet normal 0 0.195136 -0.980776
    outer loop
      vertex 91.3 21.7088 11.1289
      vertex 85.3 21.0353 10.9949
      vertex 85.3 21.7088 11.1289
    endloop
  endfacet
  facet normal 0 -0.83149 -0.55554
    outer loop
      vertex 85.3 16.1849 13.004
      vertex 91.3 15.8034 13.575
      vertex 85.3 15.8034 13.575
    endloop
  endfacet
  facet normal 0 -0.83149 -0.55554
    outer loop
      vertex 91.3 15.8034 13.575
      vertex 85.3 16.1849 13.004
      vertex 91.3 16.1849 13.004
    endloop
  endfacet
  facet normal 0 0.55554 -0.83149
    outer loop
      vertex 85.3 22.975 11.6534
      vertex 91.3 23.546 12.0349
      vertex 91.3 22.975 11.6534
    endloop
  endfacet
  facet normal 0 0.55554 -0.83149
    outer loop
      vertex 91.3 23.546 12.0349
      vertex 85.3 22.975 11.6534
      vertex 85.3 23.546 12.0349
    endloop
  endfacet
  facet normal 0 -0.65936 0.751827
    outer loop
      vertex 85.3 17.154 20.3651
      vertex 91.3 16.6377 19.9123
      vertex 91.3 17.154 20.3651
    endloop
  endfacet
  facet normal 0 -0.65936 0.751827
    outer loop
      vertex 91.3 16.6377 19.9123
      vertex 85.3 17.154 20.3651
      vertex 85.3 16.6377 19.9123
    endloop
  endfacet
  facet normal 0 0.946951 -0.321378
    outer loop
      vertex 91.3 25.2004 14.1909
      vertex 85.3 25.4211 14.8412
      vertex 91.3 25.4211 14.8412
    endloop
  endfacet
  facet normal 0 0.946951 -0.321378
    outer loop
      vertex 85.3 25.4211 14.8412
      vertex 91.3 25.2004 14.1909
      vertex 85.3 25.2004 14.1909
    endloop
  endfacet
  facet normal 0 -0.55554 -0.83149
    outer loop
      vertex 85.3 17.154 12.0349
      vertex 91.3 17.725 11.6534
      vertex 91.3 17.154 12.0349
    endloop
  endfacet
  facet normal -0 -0.55554 -0.83149
    outer loop
      vertex 91.3 17.725 11.6534
      vertex 85.3 17.154 12.0349
      vertex 85.3 17.725 11.6534
    endloop
  endfacet
  facet normal 0 0.997861 -0.0653786
    outer loop
      vertex 91.3 25.5551 15.5147
      vertex 85.3 25.6 16.2
      vertex 91.3 25.6 16.2
    endloop
  endfacet
  facet normal 0 0.997861 -0.0653786
    outer loop
      vertex 85.3 25.6 16.2
      vertex 91.3 25.5551 15.5147
      vertex 85.3 25.5551 15.5147
    endloop
  endfacet
  facet normal 0 -0.442373 -0.896831
    outer loop
      vertex 85.3 17.725 11.6534
      vertex 91.3 18.3409 11.3496
      vertex 91.3 17.725 11.6534
    endloop
  endfacet
  facet normal -0 -0.442373 -0.896831
    outer loop
      vertex 91.3 18.3409 11.3496
      vertex 85.3 17.725 11.6534
      vertex 85.3 18.3409 11.3496
    endloop
  endfacet
  facet normal 0 0.896831 0.442373
    outer loop
      vertex 91.3 25.2004 18.2091
      vertex 85.3 24.8966 18.825
      vertex 91.3 24.8966 18.825
    endloop
  endfacet
  facet normal 0 0.896831 0.442373
    outer loop
      vertex 85.3 24.8966 18.825
      vertex 91.3 25.2004 18.2091
      vertex 85.3 25.2004 18.2091
    endloop
  endfacet
  facet normal 0 -0.321378 -0.946951
    outer loop
      vertex 85.3 18.3409 11.3496
      vertex 91.3 18.9912 11.1289
      vertex 91.3 18.3409 11.3496
    endloop
  endfacet
  facet normal -0 -0.321378 -0.946951
    outer loop
      vertex 91.3 18.9912 11.1289
      vertex 85.3 18.3409 11.3496
      vertex 85.3 18.9912 11.1289
    endloop
  endfacet
  facet normal 0 -0.83149 0.55554
    outer loop
      vertex 85.3 15.8034 18.825
      vertex 91.3 16.1849 19.396
      vertex 85.3 16.1849 19.396
    endloop
  endfacet
  facet normal 0 -0.83149 0.55554
    outer loop
      vertex 91.3 16.1849 19.396
      vertex 85.3 15.8034 18.825
      vertex 91.3 15.8034 18.825
    endloop
  endfacet
  facet normal 0 -0.195136 0.980776
    outer loop
      vertex 85.3 19.6647 21.4051
      vertex 91.3 18.9912 21.2711
      vertex 91.3 19.6647 21.4051
    endloop
  endfacet
  facet normal 0 -0.195136 0.980776
    outer loop
      vertex 91.3 18.9912 21.2711
      vertex 85.3 19.6647 21.4051
      vertex 85.3 18.9912 21.2711
    endloop
  endfacet
  facet normal -0 0.55554 0.83149
    outer loop
      vertex 85.3 23.546 20.3651
      vertex 91.3 22.975 20.7466
      vertex 91.3 23.546 20.3651
    endloop
  endfacet
  facet normal 0 0.55554 0.83149
    outer loop
      vertex 91.3 22.975 20.7466
      vertex 85.3 23.546 20.3651
      vertex 85.3 22.975 20.7466
    endloop
  endfacet
  facet normal -0 0.0653786 0.997861
    outer loop
      vertex 85.3 21.0353 21.4051
      vertex 91.3 20.35 21.45
      vertex 91.3 21.0353 21.4051
    endloop
  endfacet
  facet normal 0 0.0653786 0.997861
    outer loop
      vertex 91.3 20.35 21.45
      vertex 85.3 21.0353 21.4051
      vertex 85.3 20.35 21.45
    endloop
  endfacet
  facet normal -1 0 0
    outer loop
      vertex 49.45 1 13.95
      vertex 49.45 2.2 22.85
      vertex 49.45 2.2 13.95
    endloop
  endfacet
  facet normal -1 -0 0
    outer loop
      vertex 49.45 2.2 22.85
      vertex 49.45 1 13.95
      vertex 49.45 1 22.85
    endloop
  endfacet
  facet normal 1 -0 0
    outer loop
      vertex 35.85 1 22.85
      vertex 35.85 2.2 13.95
      vertex 35.85 2.2 22.85
    endloop
  endfacet
  facet normal 1 0 0
    outer loop
      vertex 35.85 2.2 13.95
      vertex 35.85 1 22.85
      vertex 35.85 1 13.95
    endloop
  endfacet
  facet normal -0 0 1
    outer loop
      vertex 35.85 2.2 13.95
      vertex 49.45 1 13.95
      vertex 49.45 2.2 13.95
    endloop
  endfacet
  facet normal 0 0 1
    outer loop
      vertex 49.45 1 13.95
      vertex 35.85 2.2 13.95
      vertex 35.85 1 13.95
    endloop
  endfacet
  facet normal 0 0 -1
    outer loop
      vertex 35.85 1 22.85
      vertex 49.45 2.2 22.85
      vertex 49.45 1 22.85
    endloop
  endfacet
  facet normal -0 0 -1
    outer loop
      vertex 49.45 2.2 22.85
      vertex 35.85 1 22.85
      vertex 35.85 2.2 22.85
    endloop
  endfacet
  facet normal 0 -1 0
    outer loop
      vertex 34.51 1 24.15
      vertex 35.85 1 22.85
      vertex 50.79 1 24.15
    endloop
  endfacet
  facet normal 0 -1 0
    outer loop
      vertex 34.51 1 24.15
      vertex 35.85 1 13.95
      vertex 35.85 1 22.85
    endloop
  endfacet
  facet normal 0 -1 -0
    outer loop
      vertex 35.85 1 13.95
      vertex 34.51 1 12.65
      vertex 49.45 1 13.95
    endloop
  endfacet
  facet normal 0 -1 0
    outer loop
      vertex 34.51 1 12.65
      vertex 35.85 1 13.95
      vertex 34.51 1 24.15
    endloop
  endfacet
  facet normal 0 -1 0
    outer loop
      vertex 49.45 1 22.85
      vertex 50.79 1 24.15
      vertex 35.85 1 22.85
    endloop
  endfacet
  facet normal 0 -1 0
    outer loop
      vertex 49.45 1 13.95
      vertex 50.79 1 24.15
      vertex 49.45 1 22.85
    endloop
  endfacet
  facet normal 0 -1 0
    outer loop
      vertex 49.45 1 13.95
      vertex 50.79 1 12.65
      vertex 50.79 1 24.15
    endloop
  endfacet
  facet normal 0 -1 0
    outer loop
      vertex 50.79 1 12.65
      vertex 49.45 1 13.95
      vertex 34.51 1 12.65
    endloop
  endfacet
  facet normal -1 0 0
    outer loop
      vertex 50.79 0 12.65
      vertex 50.79 1 24.15
      vertex 50.79 1 12.65
    endloop
  endfacet
  facet normal -1 -0 0
    outer loop
      vertex 50.79 1 24.15
      vertex 50.79 0 12.65
      vertex 50.79 0 24.15
    endloop
  endfacet
  facet normal 1 -0 0
    outer loop
      vertex 34.51 0 24.15
      vertex 34.51 1 12.65
      vertex 34.51 1 24.15
    endloop
  endfacet
  facet normal 1 0 0
    outer loop
      vertex 34.51 1 12.65
      vertex 34.51 0 24.15
      vertex 34.51 0 12.65
    endloop
  endfacet
  facet normal -0 0 1
    outer loop
      vertex 34.51 1 12.65
      vertex 50.79 0 12.65
      vertex 50.79 1 12.65
    endloop
  endfacet
  facet normal 0 0 1
    outer loop
      vertex 50.79 0 12.65
      vertex 34.51 1 12.65
      vertex 34.51 0 12.65
    endloop
  endfacet
  facet normal 0 0 -1
    outer loop
      vertex 34.51 0 24.15
      vertex 50.79 1 24.15
      vertex 50.79 0 24.15
    endloop
  endfacet
  facet normal -0 0 -1
    outer loop
      vertex 50.79 1 24.15
      vertex 34.51 0 24.15
      vertex 34.51 1 24.15
    endloop
  endfacet
  facet normal 1 -0 0
    outer loop
      vertex 31.65 38.5 13.392
      vertex 31.65 40.7 10.192
      vertex 31.65 40.7 13.392
    endloop
  endfacet
  facet normal 1 0 0
    outer loop
      vertex 31.65 40.7 10.192
      vertex 31.65 38.5 13.392
      vertex 31.65 38.5 10.192
    endloop
  endfacet
  facet normal 0 0 -1
    outer loop
      vertex 31.65 38.5 13.392
      vertex 53.65 40.7 13.392
      vertex 53.65 38.5 13.392
    endloop
  endfacet
  facet normal -0 0 -1
    outer loop
      vertex 53.65 40.7 13.392
      vertex 31.65 38.5 13.392
      vertex 31.65 40.7 13.392
    endloop
  endfacet
  facet normal -0 0 1
    outer loop
      vertex 31.65 40.7 10.192
      vertex 53.65 38.5 10.192
      vertex 53.65 40.7 10.192
    endloop
  endfacet
  facet normal 0 0 1
    outer loop
      vertex 53.65 38.5 10.192
      vertex 31.65 40.7 10.192
      vertex 31.65 38.5 10.192
    endloop
  endfacet
  facet normal -1 0 0
    outer loop
      vertex 53.65 38.5 10.192
      vertex 53.65 40.7 13.392
      vertex 53.65 40.7 10.192
    endloop
  endfacet
  facet normal -1 -0 0
    outer loop
      vertex 53.65 40.7 13.392
      vertex 53.65 38.5 10.192
      vertex 53.65 38.5 13.392
    endloop
  endfacet
  facet normal 1 -0 0
    outer loop
      vertex 31.65 38.5 29.408
      vertex 31.65 40.7 26.208
      vertex 31.65 40.7 29.408
    endloop
  endfacet
  facet normal 1 0 0
    outer loop
      vertex 31.65 40.7 26.208
      vertex 31.65 38.5 29.408
      vertex 31.65 38.5 26.208
    endloop
  endfacet
  facet normal 0 0 -1
    outer loop
      vertex 31.65 38.5 29.408
      vertex 53.65 40.7 29.408
      vertex 53.65 38.5 29.408
    endloop
  endfacet
  facet normal -0 0 -1
    outer loop
      vertex 53.65 40.7 29.408
      vertex 31.65 38.5 29.408
      vertex 31.65 40.7 29.408
    endloop
  endfacet
  facet normal -0 0 1
    outer loop
      vertex 31.65 40.7 26.208
      vertex 53.65 38.5 26.208
      vertex 53.65 40.7 26.208
    endloop
  endfacet
  facet normal 0 0 1
    outer loop
      vertex 53.65 38.5 26.208
      vertex 31.65 40.7 26.208
      vertex 31.65 38.5 26.208
    endloop
  endfacet
  facet normal -1 0 0
    outer loop
      vertex 53.65 38.5 26.208
      vertex 53.65 40.7 29.408
      vertex 53.65 40.7 26.208
    endloop
  endfacet
  facet normal -1 -0 0
    outer loop
      vertex 53.65 40.7 29.408
      vertex 53.65 38.5 26.208
      vertex 53.65 38.5 29.408
    endloop
  endfacet
  facet normal -0.555362 -0.831609 0
    outer loop
      vertex 82.95 38.6428 32.4
      vertex 83.037 38.5847 36.4
      vertex 82.95 38.6428 36.4
    endloop
  endfacet
  facet normal -0.555362 -0.831609 -0
    outer loop
      vertex 83.037 38.5847 36.4
      vertex 82.95 38.6428 32.4
      vertex 83.037 38.5847 32.4
    endloop
  endfacet
  facet normal 0.980793 0.19505 0
    outer loop
      vertex 1.97725 2.54294 36.4
      vertex 1.95684 2.64557 32.4
      vertex 1.95684 2.64557 36.4
    endloop
  endfacet
  facet normal 0.980793 0.19505 0
    outer loop
      vertex 1.95684 2.64557 32.4
      vertex 1.97725 2.54294 36.4
      vertex 1.97725 2.54294 32.4
    endloop
  endfacet
  facet normal -0.195105 0.980782 0
    outer loop
      vertex 82.757 1.97725 32.4
      vertex 82.6544 1.95684 36.4
      vertex 82.757 1.97725 36.4
    endloop
  endfacet
  facet normal -0.195105 0.980782 0
    outer loop
      vertex 82.6544 1.95684 36.4
      vertex 82.757 1.97725 32.4
      vertex 82.6544 1.95684 32.4
    endloop
  endfacet
  facet normal 0.997861 0.0653646 0
    outer loop
      vertex 1.95684 2.64557 36.4
      vertex 1.95 2.74999 32.4
      vertex 1.95 2.74999 36.4
    endloop
  endfacet
  facet normal 0.997861 0.0653646 0
    outer loop
      vertex 1.95 2.74999 32.4
      vertex 1.95684 2.64557 36.4
      vertex 1.95684 2.64557 32.4
    endloop
  endfacet
  facet normal -0.980812 0.194958 0
    outer loop
      vertex 83.3227 2.54294 32.4
      vertex 83.3431 2.64557 36.4
      vertex 83.3431 2.64557 32.4
    endloop
  endfacet
  facet normal -0.980812 0.194958 0
    outer loop
      vertex 83.3431 2.64557 36.4
      vertex 83.3227 2.54294 32.4
      vertex 83.3227 2.54294 36.4
    endloop
  endfacet
  facet normal -1 0 0
    outer loop
      vertex 83.35 2.74999 32.4
      vertex 83.35 37.95 36.4
      vertex 83.35 37.95 32.4
    endloop
  endfacet
  facet normal -1 -0 0
    outer loop
      vertex 83.35 37.95 36.4
      vertex 83.35 2.74999 32.4
      vertex 83.35 2.74999 36.4
    endloop
  endfacet
  facet normal 0 -1 0
    outer loop
      vertex 2.74999 38.75 32.4
      vertex 82.55 38.75 36.4
      vertex 2.74999 38.75 36.4
    endloop
  endfacet
  facet normal 0 -1 -0
    outer loop
      vertex 82.55 38.75 36.4
      vertex 2.74999 38.75 32.4
      vertex 82.55 38.75 32.4
    endloop
  endfacet
  facet normal -0.831609 0.555362 0
    outer loop
      vertex 83.1847 2.26299 32.4
      vertex 83.2428 2.34999 36.4
      vertex 83.2428 2.34999 32.4
    endloop
  endfacet
  facet normal -0.831609 0.555362 0
    outer loop
      vertex 83.2428 2.34999 36.4
      vertex 83.1847 2.26299 32.4
      vertex 83.1847 2.26299 36.4
    endloop
  endfacet
  facet normal -0.321097 -0.947046 0
    outer loop
      vertex 82.757 38.7227 32.4
      vertex 82.8561 38.6891 36.4
      vertex 82.757 38.7227 36.4
    endloop
  endfacet
  facet normal -0.321097 -0.947046 -0
    outer loop
      vertex 82.8561 38.6891 36.4
      vertex 82.757 38.7227 32.4
      vertex 82.8561 38.6891 32.4
    endloop
  endfacet
  facet normal 1 -0 0
    outer loop
      vertex 1.95 2.74999 36.4
      vertex 1.95 37.95 32.4
      vertex 1.95 37.95 36.4
    endloop
  endfacet
  facet normal 1 0 0
    outer loop
      vertex 1.95 37.95 32.4
      vertex 1.95 2.74999 36.4
      vertex 1.95 2.74999 32.4
    endloop
  endfacet
  facet normal 0 1 -0
    outer loop
      vertex 82.55 1.95 32.4
      vertex 2.74999 1.95 36.4
      vertex 82.55 1.95 36.4
    endloop
  endfacet
  facet normal 0 1 0
    outer loop
      vertex 2.74999 1.95 36.4
      vertex 82.55 1.95 32.4
      vertex 2.74999 1.95 32.4
    endloop
  endfacet
  facet normal -0.0649964 -0.997886 0
    outer loop
      vertex 82.55 38.75 32.4
      vertex 82.6544 38.7432 36.4
      vertex 82.55 38.75 36.4
    endloop
  endfacet
  facet normal -0.0649964 -0.997886 -0
    outer loop
      vertex 82.6544 38.7432 36.4
      vertex 82.55 38.75 32.4
      vertex 82.6544 38.7432 32.4
    endloop
  endfacet
  facet normal -0.947046 -0.321097 0
    outer loop
      vertex 83.3227 38.157 32.4
      vertex 83.2891 38.2561 36.4
      vertex 83.2891 38.2561 32.4
    endloop
  endfacet
  facet normal -0.947046 -0.321097 0
    outer loop
      vertex 83.2891 38.2561 36.4
      vertex 83.3227 38.157 32.4
      vertex 83.3227 38.157 36.4
    endloop
  endfacet
  facet normal 0.195877 -0.980628 0
    outer loop
      vertex 2.54294 38.7227 32.4
      vertex 2.64557 38.7432 36.4
      vertex 2.54294 38.7227 36.4
    endloop
  endfacet
  facet normal 0.195877 -0.980628 0
    outer loop
      vertex 2.64557 38.7432 36.4
      vertex 2.54294 38.7227 32.4
      vertex 2.64557 38.7432 32.4
    endloop
  endfacet
  facet normal -0.831609 -0.555362 0
    outer loop
      vertex 83.2428 38.35 32.4
      vertex 83.1847 38.437 36.4
      vertex 83.1847 38.437 32.4
    endloop
  endfacet
  facet normal -0.831609 -0.555362 0
    outer loop
      vertex 83.1847 38.437 36.4
      vertex 83.2428 38.35 32.4
      vertex 83.2428 38.35 36.4
    endloop
  endfacet
  facet normal -0.896897 -0.44224 0
    outer loop
      vertex 83.2891 38.2561 32.4
      vertex 83.2428 38.35 36.4
      vertex 83.2428 38.35 32.4
    endloop
  endfacet
  facet normal -0.896897 -0.44224 0
    outer loop
      vertex 83.2428 38.35 36.4
      vertex 83.2891 38.2561 32.4
      vertex 83.2891 38.2561 36.4
    endloop
  endfacet
  facet normal 0.659343 -0.751842 0
    outer loop
      vertex 2.18431 38.5157 32.4
      vertex 2.26299 38.5847 36.4
      vertex 2.18431 38.5157 36.4
    endloop
  endfacet
  facet normal 0.659343 -0.751842 0
    outer loop
      vertex 2.26299 38.5847 36.4
      vertex 2.18431 38.5157 32.4
      vertex 2.26299 38.5847 32.4
    endloop
  endfacet
  facet normal -0.44224 -0.896897 0
    outer loop
      vertex 82.8561 38.6891 32.4
      vertex 82.95 38.6428 36.4
      vertex 82.8561 38.6891 36.4
    endloop
  endfacet
  facet normal -0.44224 -0.896897 -0
    outer loop
      vertex 82.95 38.6428 36.4
      vertex 82.8561 38.6891 32.4
      vertex 82.95 38.6428 32.4
    endloop
  endfacet
  facet normal -0.321354 0.946959 0
    outer loop
      vertex 82.8561 2.01088 32.4
      vertex 82.757 1.97725 36.4
      vertex 82.8561 2.01088 36.4
    endloop
  endfacet
  facet normal -0.321354 0.946959 0
    outer loop
      vertex 82.757 1.97725 36.4
      vertex 82.8561 2.01088 32.4
      vertex 82.757 1.97725 32.4
    endloop
  endfacet
  facet normal 0 0 1
    outer loop
      vertex 83.0727 37.907 32.4
      vertex 83.35 37.95 32.4
      vertex 83.3431 38.0544 32.4
    endloop
  endfacet
  facet normal 0 0 1
    outer loop
      vertex 83.35 37.95 32.4
      vertex 83.1 37.7 32.4
      vertex 83.35 2.74999 32.4
    endloop
  endfacet
  facet normal 0 0 1
    outer loop
      vertex 83.0391 38.0061 32.4
      vertex 83.3431 38.0544 32.4
      vertex 83.3227 38.157 32.4
    endloop
  endfacet
  facet normal -0 0 1
    outer loop
      vertex 83.1 2.99999 32.4
      vertex 83.35 2.74999 32.4
      vertex 83.1 37.7 32.4
    endloop
  endfacet
  facet normal 0 0 1
    outer loop
      vertex 82.9928 38.1 32.4
      vertex 83.3227 38.157 32.4
      vertex 83.2891 38.2561 32.4
    endloop
  endfacet
  facet normal -0 0 1
    outer loop
      vertex 83.0931 2.89557 32.4
      vertex 83.35 2.74999 32.4
      vertex 83.1 2.99999 32.4
    endloop
  endfacet
  facet normal 0 0 1
    outer loop
      vertex 82.9928 38.1 32.4
      vertex 83.2891 38.2561 32.4
      vertex 83.2428 38.35 32.4
    endloop
  endfacet
  facet normal -0 0 1
    outer loop
      vertex 83.0727 2.79294 32.4
      vertex 83.35 2.74999 32.4
      vertex 83.0931 2.89557 32.4
    endloop
  endfacet
  facet normal 0 0 1
    outer loop
      vertex 82.9347 38.187 32.4
      vertex 83.2428 38.35 32.4
      vertex 83.1847 38.437 32.4
    endloop
  endfacet
  facet normal 0 0 1
    outer loop
      vertex 83.35 2.74999 32.4
      vertex 83.0727 2.79294 32.4
      vertex 83.3431 2.64557 32.4
    endloop
  endfacet
  facet normal 0 0 1
    outer loop
      vertex 82.8657 38.2657 32.4
      vertex 83.1847 38.437 32.4
      vertex 83.1157 38.5157 32.4
    endloop
  endfacet
  facet normal -0 0 1
    outer loop
      vertex 83.0391 2.69385 32.4
      vertex 83.3431 2.64557 32.4
      vertex 83.0727 2.79294 32.4
    endloop
  endfacet
  facet normal 0 0 1
    outer loop
      vertex 83.3431 2.64557 32.4
      vertex 83.0391 2.69385 32.4
      vertex 83.3227 2.54294 32.4
    endloop
  endfacet
  facet normal 0 0 1
    outer loop
      vertex 83.35 37.95 32.4
      vertex 83.0931 37.8044 32.4
      vertex 83.1 37.7 32.4
    endloop
  endfacet
  facet normal 0 0 1
    outer loop
      vertex 83.35 37.95 32.4
      vertex 83.0727 37.907 32.4
      vertex 83.0931 37.8044 32.4
    endloop
  endfacet
  facet normal 0 0 1
    outer loop
      vertex 83.3431 38.0544 32.4
      vertex 83.0391 38.0061 32.4
      vertex 83.0727 37.907 32.4
    endloop
  endfacet
  facet normal 0 0 1
    outer loop
      vertex 82.8657 38.2657 32.4
      vertex 83.1157 38.5157 32.4
      vertex 83.037 38.5847 32.4
    endloop
  endfacet
  facet normal 0 0 1
    outer loop
      vertex 83.3227 38.157 32.4
      vertex 82.9928 38.1 32.4
      vertex 83.0391 38.0061 32.4
    endloop
  endfacet
  facet normal 0 0 1
    outer loop
      vertex 82.787 38.3347 32.4
      vertex 83.037 38.5847 32.4
      vertex 82.95 38.6428 32.4
    endloop
  endfacet
  facet normal 0 0 1
    outer loop
      vertex 83.2428 38.35 32.4
      vertex 82.9347 38.187 32.4
      vertex 82.9928 38.1 32.4
    endloop
  endfacet
  facet normal 0 0 1
    outer loop
      vertex 83.1847 38.437 32.4
      vertex 82.8657 38.2657 32.4
      vertex 82.9347 38.187 32.4
    endloop
  endfacet
  facet normal 0 0 1
    outer loop
      vertex 82.7 38.3928 32.4
      vertex 82.95 38.6428 32.4
      vertex 82.8561 38.6891 32.4
    endloop
  endfacet
  facet normal 0 0 1
    outer loop
      vertex 83.037 38.5847 32.4
      vertex 82.787 38.3347 32.4
      vertex 82.8657 38.2657 32.4
    endloop
  endfacet
  facet normal 0 0 1
    outer loop
      vertex 82.7 38.3928 32.4
      vertex 82.8561 38.6891 32.4
      vertex 82.757 38.7227 32.4
    endloop
  endfacet
  facet normal 0 0 1
    outer loop
      vertex 82.95 38.6428 32.4
      vertex 82.7 38.3928 32.4
      vertex 82.787 38.3347 32.4
    endloop
  endfacet
  facet normal 0 0 1
    outer loop
      vertex 82.6061 38.4391 32.4
      vertex 82.757 38.7227 32.4
      vertex 82.6544 38.7432 32.4
    endloop
  endfacet
  facet normal 0 0 1
    outer loop
      vertex 82.757 38.7227 32.4
      vertex 82.6061 38.4391 32.4
      vertex 82.7 38.3928 32.4
    endloop
  endfacet
  facet normal 0 0 1
    outer loop
      vertex 82.507 38.4727 32.4
      vertex 82.6544 38.7432 32.4
      vertex 82.55 38.75 32.4
    endloop
  endfacet
  facet normal 0 0 1
    outer loop
      vertex 82.6544 38.7432 32.4
      vertex 82.507 38.4727 32.4
      vertex 82.6061 38.4391 32.4
    endloop
  endfacet
  facet normal 0 0 1
    outer loop
      vertex 82.55 38.75 32.4
      vertex 82.4044 38.4932 32.4
      vertex 82.507 38.4727 32.4
    endloop
  endfacet
  facet normal 0 0 1
    outer loop
      vertex 82.55 38.75 32.4
      vertex 82.3 38.5 32.4
      vertex 82.4044 38.4932 32.4
    endloop
  endfacet
  facet normal 0 0 1
    outer loop
      vertex 82.55 38.75 32.4
      vertex 2.99999 38.5 32.4
      vertex 82.3 38.5 32.4
    endloop
  endfacet
  facet normal -0 0 1
    outer loop
      vertex 2.74999 38.75 32.4
      vertex 2.99999 38.5 32.4
      vertex 82.55 38.75 32.4
    endloop
  endfacet
  facet normal 0 0 1
    outer loop
      vertex 2.74999 38.75 32.4
      vertex 2.89557 38.4932 32.4
      vertex 2.99999 38.5 32.4
    endloop
  endfacet
  facet normal 0 0 1
    outer loop
      vertex 2.74999 38.75 32.4
      vertex 2.79294 38.4727 32.4
      vertex 2.89557 38.4932 32.4
    endloop
  endfacet
  facet normal -0 0 1
    outer loop
      vertex 2.64557 38.7432 32.4
      vertex 2.79294 38.4727 32.4
      vertex 2.74999 38.75 32.4
    endloop
  endfacet
  facet normal 0 0 1
    outer loop
      vertex 2.79294 38.4727 32.4
      vertex 2.64557 38.7432 32.4
      vertex 2.69385 38.4391 32.4
    endloop
  endfacet
  facet normal -0 0 1
    outer loop
      vertex 2.54294 38.7227 32.4
      vertex 2.69385 38.4391 32.4
      vertex 2.64557 38.7432 32.4
    endloop
  endfacet
  facet normal 0 0 1
    outer loop
      vertex 2.69385 38.4391 32.4
      vertex 2.54294 38.7227 32.4
      vertex 2.59999 38.3928 32.4
    endloop
  endfacet
  facet normal -0 0 1
    outer loop
      vertex 2.44385 38.6891 32.4
      vertex 2.59999 38.3928 32.4
      vertex 2.54294 38.7227 32.4
    endloop
  endfacet
  facet normal -0 0 1
    outer loop
      vertex 2.34999 38.6428 32.4
      vertex 2.59999 38.3928 32.4
      vertex 2.44385 38.6891 32.4
    endloop
  endfacet
  facet normal 0 0 1
    outer loop
      vertex 2.59999 38.3928 32.4
      vertex 2.34999 38.6428 32.4
      vertex 2.51299 38.3347 32.4
    endloop
  endfacet
  facet normal -0 0 1
    outer loop
      vertex 2.26299 38.5847 32.4
      vertex 2.51299 38.3347 32.4
      vertex 2.34999 38.6428 32.4
    endloop
  endfacet
  facet normal 0 0 1
    outer loop
      vertex 2.51299 38.3347 32.4
      vertex 2.26299 38.5847 32.4
      vertex 2.43431 38.2657 32.4
    endloop
  endfacet
  facet normal -0 0 1
    outer loop
      vertex 2.18431 38.5157 32.4
      vertex 2.43431 38.2657 32.4
      vertex 2.26299 38.5847 32.4
    endloop
  endfacet
  facet normal -0 0 1
    outer loop
      vertex 2.11531 38.437 32.4
      vertex 2.43431 38.2657 32.4
      vertex 2.18431 38.5157 32.4
    endloop
  endfacet
  facet normal 0 0 1
    outer loop
      vertex 2.43431 38.2657 32.4
      vertex 2.11531 38.437 32.4
      vertex 2.36531 38.187 32.4
    endloop
  endfacet
  facet normal -0 0 1
    outer loop
      vertex 2.05718 38.35 32.4
      vertex 2.36531 38.187 32.4
      vertex 2.11531 38.437 32.4
    endloop
  endfacet
  facet normal 0 0 1
    outer loop
      vertex 2.36531 38.187 32.4
      vertex 2.05718 38.35 32.4
      vertex 2.30718 38.1 32.4
    endloop
  endfacet
  facet normal 0 0 1
    outer loop
      vertex 2.30718 38.1 32.4
      vertex 1.97725 38.157 32.4
      vertex 2.26088 38.0061 32.4
    endloop
  endfacet
  facet normal -0 0 1
    outer loop
      vertex 1.97725 38.157 32.4
      vertex 2.30718 38.1 32.4
      vertex 2.01088 38.2561 32.4
    endloop
  endfacet
  facet normal -0 0 1
    outer loop
      vertex 2.01088 38.2561 32.4
      vertex 2.30718 38.1 32.4
      vertex 2.05718 38.35 32.4
    endloop
  endfacet
  facet normal -0 0 1
    outer loop
      vertex 82.9928 2.59999 32.4
      vertex 83.3227 2.54294 32.4
      vertex 83.0391 2.69385 32.4
    endloop
  endfacet
  facet normal 0 0 1
    outer loop
      vertex 83.3227 2.54294 32.4
      vertex 82.9928 2.59999 32.4
      vertex 83.2891 2.44385 32.4
    endloop
  endfacet
  facet normal 0 0 1
    outer loop
      vertex 83.2891 2.44385 32.4
      vertex 82.9928 2.59999 32.4
      vertex 83.2428 2.34999 32.4
    endloop
  endfacet
  facet normal -0 0 1
    outer loop
      vertex 82.9347 2.51299 32.4
      vertex 83.2428 2.34999 32.4
      vertex 82.9928 2.59999 32.4
    endloop
  endfacet
  facet normal 0 0 1
    outer loop
      vertex 83.2428 2.34999 32.4
      vertex 82.9347 2.51299 32.4
      vertex 83.1847 2.26299 32.4
    endloop
  endfacet
  facet normal -0 0 1
    outer loop
      vertex 82.8657 2.43431 32.4
      vertex 83.1847 2.26299 32.4
      vertex 82.9347 2.51299 32.4
    endloop
  endfacet
  facet normal 0 0 1
    outer loop
      vertex 83.1847 2.26299 32.4
      vertex 82.8657 2.43431 32.4
      vertex 83.1157 2.18431 32.4
    endloop
  endfacet
  facet normal 0 0 1
    outer loop
      vertex 83.1157 2.18431 32.4
      vertex 82.8657 2.43431 32.4
      vertex 83.037 2.11531 32.4
    endloop
  endfacet
  facet normal -0 0 1
    outer loop
      vertex 82.787 2.36531 32.4
      vertex 83.037 2.11531 32.4
      vertex 82.8657 2.43431 32.4
    endloop
  endfacet
  facet normal 0 0 1
    outer loop
      vertex 83.037 2.11531 32.4
      vertex 82.787 2.36531 32.4
      vertex 82.95 2.05718 32.4
    endloop
  endfacet
  facet normal -0 0 1
    outer loop
      vertex 82.7 2.30718 32.4
      vertex 82.95 2.05718 32.4
      vertex 82.787 2.36531 32.4
    endloop
  endfacet
  facet normal 0 0 1
    outer loop
      vertex 82.95 2.05718 32.4
      vertex 82.7 2.30718 32.4
      vertex 82.8561 2.01088 32.4
    endloop
  endfacet
  facet normal 0 0 1
    outer loop
      vertex 82.8561 2.01088 32.4
      vertex 82.7 2.30718 32.4
      vertex 82.757 1.97725 32.4
    endloop
  endfacet
  facet normal -0 0 1
    outer loop
      vertex 82.6061 2.26088 32.4
      vertex 82.757 1.97725 32.4
      vertex 82.7 2.30718 32.4
    endloop
  endfacet
  facet normal 0 0 1
    outer loop
      vertex 82.757 1.97725 32.4
      vertex 82.6061 2.26088 32.4
      vertex 82.6544 1.95684 32.4
    endloop
  endfacet
  facet normal -0 0 1
    outer loop
      vertex 82.507 2.22725 32.4
      vertex 82.6544 1.95684 32.4
      vertex 82.6061 2.26088 32.4
    endloop
  endfacet
  facet normal 0 0 1
    outer loop
      vertex 82.6544 1.95684 32.4
      vertex 82.507 2.22725 32.4
      vertex 82.55 1.95 32.4
    endloop
  endfacet
  facet normal -0 0 1
    outer loop
      vertex 82.4044 2.20684 32.4
      vertex 82.55 1.95 32.4
      vertex 82.507 2.22725 32.4
    endloop
  endfacet
  facet normal -0 0 1
    outer loop
      vertex 82.3 2.2 32.4
      vertex 82.55 1.95 32.4
      vertex 82.4044 2.20684 32.4
    endloop
  endfacet
  facet normal -0 0 1
    outer loop
      vertex 2.99999 2.2 32.4
      vertex 82.55 1.95 32.4
      vertex 82.3 2.2 32.4
    endloop
  endfacet
  facet normal 0 0 1
    outer loop
      vertex 2.99999 2.2 32.4
      vertex 2.74999 1.95 32.4
      vertex 82.55 1.95 32.4
    endloop
  endfacet
  facet normal 0 0 1
    outer loop
      vertex 2.89557 2.20684 32.4
      vertex 2.74999 1.95 32.4
      vertex 2.99999 2.2 32.4
    endloop
  endfacet
  facet normal 0 0 1
    outer loop
      vertex 2.79294 2.22725 32.4
      vertex 2.74999 1.95 32.4
      vertex 2.89557 2.20684 32.4
    endloop
  endfacet
  facet normal 0 0 1
    outer loop
      vertex 2.64557 1.95684 32.4
      vertex 2.79294 2.22725 32.4
      vertex 2.69385 2.26088 32.4
    endloop
  endfacet
  facet normal 0 0 1
    outer loop
      vertex 2.79294 2.22725 32.4
      vertex 2.64557 1.95684 32.4
      vertex 2.74999 1.95 32.4
    endloop
  endfacet
  facet normal 0 0 1
    outer loop
      vertex 2.54294 1.97725 32.4
      vertex 2.69385 2.26088 32.4
      vertex 2.59999 2.30718 32.4
    endloop
  endfacet
  facet normal 0 0 1
    outer loop
      vertex 2.69385 2.26088 32.4
      vertex 2.54294 1.97725 32.4
      vertex 2.64557 1.95684 32.4
    endloop
  endfacet
  facet normal 0 0 1
    outer loop
      vertex 2.34999 2.05718 32.4
      vertex 2.59999 2.30718 32.4
      vertex 2.51299 2.36531 32.4
    endloop
  endfacet
  facet normal 0 0 1
    outer loop
      vertex 2.59999 2.30718 32.4
      vertex 2.44385 2.01088 32.4
      vertex 2.54294 1.97725 32.4
    endloop
  endfacet
  facet normal 0 0 1
    outer loop
      vertex 2.26299 2.11531 32.4
      vertex 2.51299 2.36531 32.4
      vertex 2.43431 2.43431 32.4
    endloop
  endfacet
  facet normal 0 0 1
    outer loop
      vertex 2.11531 2.26299 32.4
      vertex 2.43431 2.43431 32.4
      vertex 2.36531 2.51299 32.4
    endloop
  endfacet
  facet normal 0 0 1
    outer loop
      vertex 2.59999 2.30718 32.4
      vertex 2.34999 2.05718 32.4
      vertex 2.44385 2.01088 32.4
    endloop
  endfacet
  facet normal 0 0 1
    outer loop
      vertex 2.05718 2.34999 32.4
      vertex 2.36531 2.51299 32.4
      vertex 2.30718 2.59999 32.4
    endloop
  endfacet
  facet normal 0 0 1
    outer loop
      vertex 2.51299 2.36531 32.4
      vertex 2.26299 2.11531 32.4
      vertex 2.34999 2.05718 32.4
    endloop
  endfacet
  facet normal 0 0 1
    outer loop
      vertex 1.97725 2.54294 32.4
      vertex 2.30718 2.59999 32.4
      vertex 2.26088 2.69385 32.4
    endloop
  endfacet
  facet normal 0 0 1
    outer loop
      vertex 1.95684 2.64557 32.4
      vertex 2.26088 2.69385 32.4
      vertex 2.22725 2.79294 32.4
    endloop
  endfacet
  facet normal 0 0 1
    outer loop
      vertex 1.95 2.74999 32.4
      vertex 2.22725 2.79294 32.4
      vertex 2.20684 2.89557 32.4
    endloop
  endfacet
  facet normal 0 0 1
    outer loop
      vertex 2.43431 2.43431 32.4
      vertex 2.18431 2.18431 32.4
      vertex 2.26299 2.11531 32.4
    endloop
  endfacet
  facet normal 0 0 1
    outer loop
      vertex 1.95 2.74999 32.4
      vertex 2.20684 2.89557 32.4
      vertex 2.2 2.99999 32.4
    endloop
  endfacet
  facet normal 0 0 1
    outer loop
      vertex 2.2 37.7 32.4
      vertex 1.95 37.95 32.4
      vertex 2.2 2.99999 32.4
    endloop
  endfacet
  facet normal -0 0 1
    outer loop
      vertex 1.95684 38.0544 32.4
      vertex 2.26088 38.0061 32.4
      vertex 1.97725 38.157 32.4
    endloop
  endfacet
  facet normal 0 0 1
    outer loop
      vertex 1.95 2.74999 32.4
      vertex 2.2 2.99999 32.4
      vertex 1.95 37.95 32.4
    endloop
  endfacet
  facet normal 0 0 1
    outer loop
      vertex 2.26088 38.0061 32.4
      vertex 1.95684 38.0544 32.4
      vertex 2.22725 37.907 32.4
    endloop
  endfacet
  facet normal 0 0 1
    outer loop
      vertex 2.22725 2.79294 32.4
      vertex 1.95 2.74999 32.4
      vertex 1.95684 2.64557 32.4
    endloop
  endfacet
  facet normal -0 0 1
    outer loop
      vertex 1.95 37.95 32.4
      vertex 2.22725 37.907 32.4
      vertex 1.95684 38.0544 32.4
    endloop
  endfacet
  facet normal 0 0 1
    outer loop
      vertex 2.43431 2.43431 32.4
      vertex 2.11531 2.26299 32.4
      vertex 2.18431 2.18431 32.4
    endloop
  endfacet
  facet normal 0 0 1
    outer loop
      vertex 2.22725 37.907 32.4
      vertex 1.95 37.95 32.4
      vertex 2.20684 37.8044 32.4
    endloop
  endfacet
  facet normal 0 0 1
    outer loop
      vertex 2.36531 2.51299 32.4
      vertex 2.05718 2.34999 32.4
      vertex 2.11531 2.26299 32.4
    endloop
  endfacet
  facet normal 0 0 1
    outer loop
      vertex 2.20684 37.8044 32.4
      vertex 1.95 37.95 32.4
      vertex 2.2 37.7 32.4
    endloop
  endfacet
  facet normal 0 0 1
    outer loop
      vertex 2.30718 2.59999 32.4
      vertex 2.01088 2.44385 32.4
      vertex 2.05718 2.34999 32.4
    endloop
  endfacet
  facet normal 0 0 1
    outer loop
      vertex 2.30718 2.59999 32.4
      vertex 1.97725 2.54294 32.4
      vertex 2.01088 2.44385 32.4
    endloop
  endfacet
  facet normal 0 0 1
    outer loop
      vertex 2.26088 2.69385 32.4
      vertex 1.95684 2.64557 32.4
      vertex 1.97725 2.54294 32.4
    endloop
  endfacet
  facet normal 0 0 1
    outer loop
      vertex 9.3 8 32.4
      vertex 11.5 8 32.4
      vertex 11.4701 8.45684 32.4
    endloop
  endfacet
  facet normal 0 0 1
    outer loop
      vertex 9.28888 8.16968 32.4
      vertex 11.4701 8.45684 32.4
      vertex 11.3807 8.90587 32.4
    endloop
  endfacet
  facet normal 0 0 1
    outer loop
      vertex 11.5 8 32.4
      vertex 9.3 8 32.4
      vertex 11.4701 7.54316 32.4
    endloop
  endfacet
  facet normal 0 0 1
    outer loop
      vertex 9.2557 8.33646 32.4
      vertex 11.3807 8.90587 32.4
      vertex 11.2336 9.33939 32.4
    endloop
  endfacet
  facet normal -0 0 1
    outer loop
      vertex 9.28888 7.83032 32.4
      vertex 11.4701 7.54316 32.4
      vertex 9.3 8 32.4
    endloop
  endfacet
  facet normal 0 0 1
    outer loop
      vertex 9.20104 8.49749 32.4
      vertex 11.2336 9.33939 32.4
      vertex 11.0311 9.75 32.4
    endloop
  endfacet
  facet normal 0 0 1
    outer loop
      vertex 11.4701 7.54316 32.4
      vertex 9.28888 7.83032 32.4
      vertex 11.3807 7.09413 32.4
    endloop
  endfacet
  facet normal 0 0 1
    outer loop
      vertex 9.12583 8.65 32.4
      vertex 11.0311 9.75 32.4
      vertex 10.7767 10.1307 32.4
    endloop
  endfacet
  facet normal -0 0 1
    outer loop
      vertex 9.2557 7.66354 32.4
      vertex 11.3807 7.09413 32.4
      vertex 9.28888 7.83032 32.4
    endloop
  endfacet
  facet normal 0 0 1
    outer loop
      vertex 9.03136 8.79139 32.4
      vertex 10.7767 10.1307 32.4
      vertex 10.4749 10.4749 32.4
    endloop
  endfacet
  facet normal 0 0 1
    outer loop
      vertex 11.3807 7.09413 32.4
      vertex 9.2557 7.66354 32.4
      vertex 11.2336 6.66061 32.4
    endloop
  endfacet
  facet normal 0 0 1
    outer loop
      vertex 8.91924 8.91924 32.4
      vertex 10.4749 10.4749 32.4
      vertex 10.1307 10.7767 32.4
    endloop
  endfacet
  facet normal -0 0 1
    outer loop
      vertex 9.20104 7.50251 32.4
      vertex 11.2336 6.66061 32.4
      vertex 9.2557 7.66354 32.4
    endloop
  endfacet
  facet normal 0 0 1
    outer loop
      vertex 8.79139 9.03136 32.4
      vertex 10.1307 10.7767 32.4
      vertex 9.75 11.0311 32.4
    endloop
  endfacet
  facet normal 0 0 1
    outer loop
      vertex 11.2336 6.66061 32.4
      vertex 9.20104 7.50251 32.4
      vertex 11.0311 6.25 32.4
    endloop
  endfacet
  facet normal 0 0 1
    outer loop
      vertex 8.65 9.12583 32.4
      vertex 9.75 11.0311 32.4
      vertex 9.33939 11.2336 32.4
    endloop
  endfacet
  facet normal -0 0 1
    outer loop
      vertex 9.12583 7.35 32.4
      vertex 11.0311 6.25 32.4
      vertex 9.20104 7.50251 32.4
    endloop
  endfacet
  facet normal 0 0 1
    outer loop
      vertex 11.0311 6.25 32.4
      vertex 9.12583 7.35 32.4
      vertex 10.7767 5.86934 32.4
    endloop
  endfacet
  facet normal 0 0 1
    outer loop
      vertex 11.4701 8.45684 32.4
      vertex 9.28888 8.16968 32.4
      vertex 9.3 8 32.4
    endloop
  endfacet
  facet normal 0 0 1
    outer loop
      vertex 11.3807 8.90587 32.4
      vertex 9.2557 8.33646 32.4
      vertex 9.28888 8.16968 32.4
    endloop
  endfacet
  facet normal 0 0 1
    outer loop
      vertex 11.2336 9.33939 32.4
      vertex 9.20104 8.49749 32.4
      vertex 9.2557 8.33646 32.4
    endloop
  endfacet
  facet normal 0 0 1
    outer loop
      vertex 11.0311 9.75 32.4
      vertex 9.12583 8.65 32.4
      vertex 9.20104 8.49749 32.4
    endloop
  endfacet
  facet normal 0 0 1
    outer loop
      vertex 10.7767 10.1307 32.4
      vertex 9.03136 8.79139 32.4
      vertex 9.12583 8.65 32.4
    endloop
  endfacet
  facet normal 0 0 1
    outer loop
      vertex 10.4749 10.4749 32.4
      vertex 8.91924 8.91924 32.4
      vertex 9.03136 8.79139 32.4
    endloop
  endfacet
  facet normal 0 0 1
    outer loop
      vertex 8.49749 9.20104 32.4
      vertex 9.33939 11.2336 32.4
      vertex 8.90587 11.3807 32.4
    endloop
  endfacet
  facet normal 0 0 1
    outer loop
      vertex 10.1307 10.7767 32.4
      vertex 8.79139 9.03136 32.4
      vertex 8.91924 8.91924 32.4
    endloop
  endfacet
  facet normal 0 0 1
    outer loop
      vertex 9.75 11.0311 32.4
      vertex 8.65 9.12583 32.4
      vertex 8.79139 9.03136 32.4
    endloop
  endfacet
  facet normal 0 0 1
    outer loop
      vertex 9.33939 11.2336 32.4
      vertex 8.49749 9.20104 32.4
      vertex 8.65 9.12583 32.4
    endloop
  endfacet
  facet normal 0 0 1
    outer loop
      vertex 8.33646 9.2557 32.4
      vertex 8.90587 11.3807 32.4
      vertex 8.45684 11.4701 32.4
    endloop
  endfacet
  facet normal 0 0 1
    outer loop
      vertex 8.90587 11.3807 32.4
      vertex 8.33646 9.2557 32.4
      vertex 8.49749 9.20104 32.4
    endloop
  endfacet
  facet normal 0 0 1
    outer loop
      vertex 8.45684 11.4701 32.4
      vertex 8.16968 9.28888 32.4
      vertex 8.33646 9.2557 32.4
    endloop
  endfacet
  facet normal 0 0 1
    outer loop
      vertex 8 11.5 32.4
      vertex 8.16968 9.28888 32.4
      vertex 8.45684 11.4701 32.4
    endloop
  endfacet
  facet normal 0 0 1
    outer loop
      vertex 8 11.5 32.4
      vertex 8 9.3 32.4
      vertex 8.16968 9.28888 32.4
    endloop
  endfacet
  facet normal 0 0 1
    outer loop
      vertex 8 11.5 32.4
      vertex 7.83032 9.28888 32.4
      vertex 8 9.3 32.4
    endloop
  endfacet
  facet normal -0 0 1
    outer loop
      vertex 7.54316 11.4701 32.4
      vertex 7.83032 9.28888 32.4
      vertex 8 11.5 32.4
    endloop
  endfacet
  facet normal 0 0 1
    outer loop
      vertex 7.83032 9.28888 32.4
      vertex 7.54316 11.4701 32.4
      vertex 7.66354 9.2557 32.4
    endloop
  endfacet
  facet normal -0 0 1
    outer loop
      vertex 7.09413 11.3807 32.4
      vertex 7.66354 9.2557 32.4
      vertex 7.54316 11.4701 32.4
    endloop
  endfacet
  facet normal 0 0 1
    outer loop
      vertex 7.66354 9.2557 32.4
      vertex 7.09413 11.3807 32.4
      vertex 7.50251 9.20104 32.4
    endloop
  endfacet
  facet normal -0 0 1
    outer loop
      vertex 6.66061 11.2336 32.4
      vertex 7.50251 9.20104 32.4
      vertex 7.09413 11.3807 32.4
    endloop
  endfacet
  facet normal 0 0 1
    outer loop
      vertex 7.50251 9.20104 32.4
      vertex 6.66061 11.2336 32.4
      vertex 7.35 9.12583 32.4
    endloop
  endfacet
  facet normal -0 0 1
    outer loop
      vertex 6.25 11.0311 32.4
      vertex 7.35 9.12583 32.4
      vertex 6.66061 11.2336 32.4
    endloop
  endfacet
  facet normal 0 0 1
    outer loop
      vertex 7.35 9.12583 32.4
      vertex 6.25 11.0311 32.4
      vertex 7.20861 9.03136 32.4
    endloop
  endfacet
  facet normal -0 0 1
    outer loop
      vertex 5.86934 10.7767 32.4
      vertex 7.20861 9.03136 32.4
      vertex 6.25 11.0311 32.4
    endloop
  endfacet
  facet normal 0 0 1
    outer loop
      vertex 7.20861 9.03136 32.4
      vertex 5.86934 10.7767 32.4
      vertex 7.08076 8.91924 32.4
    endloop
  endfacet
  facet normal -0 0 1
    outer loop
      vertex 5.52513 10.4749 32.4
      vertex 7.08076 8.91924 32.4
      vertex 5.86934 10.7767 32.4
    endloop
  endfacet
  facet normal 0 0 1
    outer loop
      vertex 7.08076 8.91924 32.4
      vertex 5.52513 10.4749 32.4
      vertex 6.96864 8.79139 32.4
    endloop
  endfacet
  facet normal 0 0 1
    outer loop
      vertex 6.96864 8.79139 32.4
      vertex 5.22326 10.1307 32.4
      vertex 6.87417 8.65 32.4
    endloop
  endfacet
  facet normal -0 0 1
    outer loop
      vertex 5.22326 10.1307 32.4
      vertex 6.96864 8.79139 32.4
      vertex 5.52513 10.4749 32.4
    endloop
  endfacet
  facet normal -0 0 1
    outer loop
      vertex 9.03136 7.20861 32.4
      vertex 10.7767 5.86934 32.4
      vertex 9.12583 7.35 32.4
    endloop
  endfacet
  facet normal 0 0 1
    outer loop
      vertex 10.7767 5.86934 32.4
      vertex 9.03136 7.20861 32.4
      vertex 10.4749 5.52513 32.4
    endloop
  endfacet
  facet normal -0 0 1
    outer loop
      vertex 8.91924 7.08076 32.4
      vertex 10.4749 5.52513 32.4
      vertex 9.03136 7.20861 32.4
    endloop
  endfacet
  facet normal 0 0 1
    outer loop
      vertex 10.4749 5.52513 32.4
      vertex 8.91924 7.08076 32.4
      vertex 10.1307 5.22326 32.4
    endloop
  endfacet
  facet normal -0 0 1
    outer loop
      vertex 8.79139 6.96864 32.4
      vertex 10.1307 5.22326 32.4
      vertex 8.91924 7.08076 32.4
    endloop
  endfacet
  facet normal 0 0 1
    outer loop
      vertex 10.1307 5.22326 32.4
      vertex 8.79139 6.96864 32.4
      vertex 9.75 4.96891 32.4
    endloop
  endfacet
  facet normal -0 0 1
    outer loop
      vertex 8.65 6.87417 32.4
      vertex 9.75 4.96891 32.4
      vertex 8.79139 6.96864 32.4
    endloop
  endfacet
  facet normal 0 0 1
    outer loop
      vertex 9.75 4.96891 32.4
      vertex 8.65 6.87417 32.4
      vertex 9.33939 4.76642 32.4
    endloop
  endfacet
  facet normal -0 0 1
    outer loop
      vertex 8.49749 6.79896 32.4
      vertex 9.33939 4.76642 32.4
      vertex 8.65 6.87417 32.4
    endloop
  endfacet
  facet normal 0 0 1
    outer loop
      vertex 9.33939 4.76642 32.4
      vertex 8.49749 6.79896 32.4
      vertex 8.90587 4.61926 32.4
    endloop
  endfacet
  facet normal -0 0 1
    outer loop
      vertex 8.33646 6.7443 32.4
      vertex 8.90587 4.61926 32.4
      vertex 8.49749 6.79896 32.4
    endloop
  endfacet
  facet normal 0 0 1
    outer loop
      vertex 8.90587 4.61926 32.4
      vertex 8.33646 6.7443 32.4
      vertex 8.45684 4.52994 32.4
    endloop
  endfacet
  facet normal -0 0 1
    outer loop
      vertex 8.16968 6.71112 32.4
      vertex 8.45684 4.52994 32.4
      vertex 8.33646 6.7443 32.4
    endloop
  endfacet
  facet normal -0 0 1
    outer loop
      vertex 8 6.7 32.4
      vertex 8.45684 4.52994 32.4
      vertex 8.16968 6.71112 32.4
    endloop
  endfacet
  facet normal 0 0 1
    outer loop
      vertex 8 6.7 32.4
      vertex 8 4.5 32.4
      vertex 8.45684 4.52994 32.4
    endloop
  endfacet
  facet normal 0 0 1
    outer loop
      vertex 7.83032 6.71112 32.4
      vertex 8 4.5 32.4
      vertex 8 6.7 32.4
    endloop
  endfacet
  facet normal 0 0 1
    outer loop
      vertex 7.54316 4.52994 32.4
      vertex 7.83032 6.71112 32.4
      vertex 7.66354 6.7443 32.4
    endloop
  endfacet
  facet normal 0 0 1
    outer loop
      vertex 7.83032 6.71112 32.4
      vertex 7.54316 4.52994 32.4
      vertex 8 4.5 32.4
    endloop
  endfacet
  facet normal 0 0 1
    outer loop
      vertex 7.09413 4.61926 32.4
      vertex 7.66354 6.7443 32.4
      vertex 7.50251 6.79896 32.4
    endloop
  endfacet
  facet normal 0 0 1
    outer loop
      vertex 6.66061 4.76642 32.4
      vertex 7.50251 6.79896 32.4
      vertex 7.35 6.87417 32.4
    endloop
  endfacet
  facet normal 0 0 1
    outer loop
      vertex 6.25 4.96891 32.4
      vertex 7.35 6.87417 32.4
      vertex 7.20861 6.96864 32.4
    endloop
  endfacet
  facet normal 0 0 1
    outer loop
      vertex 7.66354 6.7443 32.4
      vertex 7.09413 4.61926 32.4
      vertex 7.54316 4.52994 32.4
    endloop
  endfacet
  facet normal 0 0 1
    outer loop
      vertex 5.86934 5.22326 32.4
      vertex 7.20861 6.96864 32.4
      vertex 7.08076 7.08076 32.4
    endloop
  endfacet
  facet normal 0 0 1
    outer loop
      vertex 5.52513 5.52513 32.4
      vertex 7.08076 7.08076 32.4
      vertex 6.96864 7.20861 32.4
    endloop
  endfacet
  facet normal 0 0 1
    outer loop
      vertex 5.22326 5.86934 32.4
      vertex 6.96864 7.20861 32.4
      vertex 6.87417 7.35 32.4
    endloop
  endfacet
  facet normal 0 0 1
    outer loop
      vertex 4.96891 6.25 32.4
      vertex 6.87417 7.35 32.4
      vertex 6.79896 7.50251 32.4
    endloop
  endfacet
  facet normal 0 0 1
    outer loop
      vertex 4.76642 6.66061 32.4
      vertex 6.79896 7.50251 32.4
      vertex 6.7443 7.66354 32.4
    endloop
  endfacet
  facet normal 0 0 1
    outer loop
      vertex 4.61926 7.09413 32.4
      vertex 6.7443 7.66354 32.4
      vertex 6.71112 7.83032 32.4
    endloop
  endfacet
  facet normal 0 0 1
    outer loop
      vertex 7.50251 6.79896 32.4
      vertex 6.66061 4.76642 32.4
      vertex 7.09413 4.61926 32.4
    endloop
  endfacet
  facet normal 0 0 1
    outer loop
      vertex 4.52994 7.54316 32.4
      vertex 6.71112 7.83032 32.4
      vertex 6.7 8 32.4
    endloop
  endfacet
  facet normal -0 0 1
    outer loop
      vertex 4.96891 9.75 32.4
      vertex 6.87417 8.65 32.4
      vertex 5.22326 10.1307 32.4
    endloop
  endfacet
  facet normal 0 0 1
    outer loop
      vertex 6.87417 8.65 32.4
      vertex 4.96891 9.75 32.4
      vertex 6.79896 8.49749 32.4
    endloop
  endfacet
  facet normal 0 0 1
    outer loop
      vertex 7.35 6.87417 32.4
      vertex 6.25 4.96891 32.4
      vertex 6.66061 4.76642 32.4
    endloop
  endfacet
  facet normal -0 0 1
    outer loop
      vertex 4.76642 9.33939 32.4
      vertex 6.79896 8.49749 32.4
      vertex 4.96891 9.75 32.4
    endloop
  endfacet
  facet normal 0 0 1
    outer loop
      vertex 7.20861 6.96864 32.4
      vertex 5.86934 5.22326 32.4
      vertex 6.25 4.96891 32.4
    endloop
  endfacet
  facet normal 0 0 1
    outer loop
      vertex 6.79896 8.49749 32.4
      vertex 4.76642 9.33939 32.4
      vertex 6.7443 8.33646 32.4
    endloop
  endfacet
  facet normal 0 0 1
    outer loop
      vertex 7.08076 7.08076 32.4
      vertex 5.52513 5.52513 32.4
      vertex 5.86934 5.22326 32.4
    endloop
  endfacet
  facet normal -0 0 1
    outer loop
      vertex 4.61926 8.90587 32.4
      vertex 6.7443 8.33646 32.4
      vertex 4.76642 9.33939 32.4
    endloop
  endfacet
  facet normal 0 0 1
    outer loop
      vertex 6.96864 7.20861 32.4
      vertex 5.22326 5.86934 32.4
      vertex 5.52513 5.52513 32.4
    endloop
  endfacet
  facet normal 0 0 1
    outer loop
      vertex 6.7443 8.33646 32.4
      vertex 4.61926 8.90587 32.4
      vertex 6.71112 8.16968 32.4
    endloop
  endfacet
  facet normal 0 0 1
    outer loop
      vertex 6.87417 7.35 32.4
      vertex 4.96891 6.25 32.4
      vertex 5.22326 5.86934 32.4
    endloop
  endfacet
  facet normal -0 0 1
    outer loop
      vertex 4.52994 8.45684 32.4
      vertex 6.71112 8.16968 32.4
      vertex 4.61926 8.90587 32.4
    endloop
  endfacet
  facet normal 0 0 1
    outer loop
      vertex 6.79896 7.50251 32.4
      vertex 4.76642 6.66061 32.4
      vertex 4.96891 6.25 32.4
    endloop
  endfacet
  facet normal 0 0 1
    outer loop
      vertex 6.71112 8.16968 32.4
      vertex 4.52994 8.45684 32.4
      vertex 6.7 8 32.4
    endloop
  endfacet
  facet normal 0 0 1
    outer loop
      vertex 6.7443 7.66354 32.4
      vertex 4.61926 7.09413 32.4
      vertex 4.76642 6.66061 32.4
    endloop
  endfacet
  facet normal 0 0 1
    outer loop
      vertex 4.5 8 32.4
      vertex 6.7 8 32.4
      vertex 4.52994 8.45684 32.4
    endloop
  endfacet
  facet normal 0 0 1
    outer loop
      vertex 6.71112 7.83032 32.4
      vertex 4.52994 7.54316 32.4
      vertex 4.61926 7.09413 32.4
    endloop
  endfacet
  facet normal 0 0 1
    outer loop
      vertex 6.7 8 32.4
      vertex 4.5 8 32.4
      vertex 4.52994 7.54316 32.4
    endloop
  endfacet
  facet normal 0 0 1
    outer loop
      vertex 9.3 32.7 32.4
      vertex 11.5 32.7 32.4
      vertex 11.4701 33.1568 32.4
    endloop
  endfacet
  facet normal 0 0 1
    outer loop
      vertex 9.28888 32.8697 32.4
      vertex 11.4701 33.1568 32.4
      vertex 11.3807 33.6059 32.4
    endloop
  endfacet
  facet normal 0 0 1
    outer loop
      vertex 11.5 32.7 32.4
      vertex 9.3 32.7 32.4
      vertex 11.4701 32.2432 32.4
    endloop
  endfacet
  facet normal 0 0 1
    outer loop
      vertex 9.2557 33.0365 32.4
      vertex 11.3807 33.6059 32.4
      vertex 11.2336 34.0394 32.4
    endloop
  endfacet
  facet normal -0 0 1
    outer loop
      vertex 9.28888 32.5303 32.4
      vertex 11.4701 32.2432 32.4
      vertex 9.3 32.7 32.4
    endloop
  endfacet
  facet normal 0 0 1
    outer loop
      vertex 9.20104 33.1975 32.4
      vertex 11.2336 34.0394 32.4
      vertex 11.0311 34.45 32.4
    endloop
  endfacet
  facet normal 0 0 1
    outer loop
      vertex 11.4701 32.2432 32.4
      vertex 9.28888 32.5303 32.4
      vertex 11.3807 31.7941 32.4
    endloop
  endfacet
  facet normal 0 0 1
    outer loop
      vertex 9.12583 33.35 32.4
      vertex 11.0311 34.45 32.4
      vertex 10.7767 34.8307 32.4
    endloop
  endfacet
  facet normal -0 0 1
    outer loop
      vertex 9.2557 32.3635 32.4
      vertex 11.3807 31.7941 32.4
      vertex 9.28888 32.5303 32.4
    endloop
  endfacet
  facet normal 0 0 1
    outer loop
      vertex 9.03136 33.4914 32.4
      vertex 10.7767 34.8307 32.4
      vertex 10.4749 35.1749 32.4
    endloop
  endfacet
  facet normal 0 0 1
    outer loop
      vertex 11.3807 31.7941 32.4
      vertex 9.2557 32.3635 32.4
      vertex 11.2336 31.3606 32.4
    endloop
  endfacet
  facet normal 0 0 1
    outer loop
      vertex 8.91924 33.6192 32.4
      vertex 10.4749 35.1749 32.4
      vertex 10.1307 35.4767 32.4
    endloop
  endfacet
  facet normal -0 0 1
    outer loop
      vertex 9.20104 32.2025 32.4
      vertex 11.2336 31.3606 32.4
      vertex 9.2557 32.3635 32.4
    endloop
  endfacet
  facet normal 0 0 1
    outer loop
      vertex 8.79139 33.7314 32.4
      vertex 10.1307 35.4767 32.4
      vertex 9.75 35.7311 32.4
    endloop
  endfacet
  facet normal 0 0 1
    outer loop
      vertex 11.2336 31.3606 32.4
      vertex 9.20104 32.2025 32.4
      vertex 11.0311 30.95 32.4
    endloop
  endfacet
  facet normal 0 0 1
    outer loop
      vertex 8.65 33.8258 32.4
      vertex 9.75 35.7311 32.4
      vertex 9.33939 35.9336 32.4
    endloop
  endfacet
  facet normal -0 0 1
    outer loop
      vertex 9.12583 32.05 32.4
      vertex 11.0311 30.95 32.4
      vertex 9.20104 32.2025 32.4
    endloop
  endfacet
  facet normal 0 0 1
    outer loop
      vertex 11.0311 30.95 32.4
      vertex 9.12583 32.05 32.4
      vertex 10.7767 30.5693 32.4
    endloop
  endfacet
  facet normal 0 0 1
    outer loop
      vertex 11.4701 33.1568 32.4
      vertex 9.28888 32.8697 32.4
      vertex 9.3 32.7 32.4
    endloop
  endfacet
  facet normal 0 0 1
    outer loop
      vertex 11.3807 33.6059 32.4
      vertex 9.2557 33.0365 32.4
      vertex 9.28888 32.8697 32.4
    endloop
  endfacet
  facet normal 0 0 1
    outer loop
      vertex 11.2336 34.0394 32.4
      vertex 9.20104 33.1975 32.4
      vertex 9.2557 33.0365 32.4
    endloop
  endfacet
  facet normal 0 0 1
    outer loop
      vertex 11.0311 34.45 32.4
      vertex 9.12583 33.35 32.4
      vertex 9.20104 33.1975 32.4
    endloop
  endfacet
  facet normal 0 0 1
    outer loop
      vertex 10.7767 34.8307 32.4
      vertex 9.03136 33.4914 32.4
      vertex 9.12583 33.35 32.4
    endloop
  endfacet
  facet normal 0 0 1
    outer loop
      vertex 10.4749 35.1749 32.4
      vertex 8.91924 33.6192 32.4
      vertex 9.03136 33.4914 32.4
    endloop
  endfacet
  facet normal 0 0 1
    outer loop
      vertex 8.49749 33.901 32.4
      vertex 9.33939 35.9336 32.4
      vertex 8.90587 36.0807 32.4
    endloop
  endfacet
  facet normal 0 0 1
    outer loop
      vertex 10.1307 35.4767 32.4
      vertex 8.79139 33.7314 32.4
      vertex 8.91924 33.6192 32.4
    endloop
  endfacet
  facet normal 0 0 1
    outer loop
      vertex 9.75 35.7311 32.4
      vertex 8.65 33.8258 32.4
      vertex 8.79139 33.7314 32.4
    endloop
  endfacet
  facet normal 0 0 1
    outer loop
      vertex 9.33939 35.9336 32.4
      vertex 8.49749 33.901 32.4
      vertex 8.65 33.8258 32.4
    endloop
  endfacet
  facet normal 0 0 1
    outer loop
      vertex 8.33646 33.9557 32.4
      vertex 8.90587 36.0807 32.4
      vertex 8.45684 36.1701 32.4
    endloop
  endfacet
  facet normal 0 0 1
    outer loop
      vertex 8.90587 36.0807 32.4
      vertex 8.33646 33.9557 32.4
      vertex 8.49749 33.901 32.4
    endloop
  endfacet
  facet normal 0 0 1
    outer loop
      vertex 8.45684 36.1701 32.4
      vertex 8.16968 33.9889 32.4
      vertex 8.33646 33.9557 32.4
    endloop
  endfacet
  facet normal 0 0 1
    outer loop
      vertex 8 36.2 32.4
      vertex 8.16968 33.9889 32.4
      vertex 8.45684 36.1701 32.4
    endloop
  endfacet
  facet normal 0 0 1
    outer loop
      vertex 8 36.2 32.4
      vertex 8 34 32.4
      vertex 8.16968 33.9889 32.4
    endloop
  endfacet
  facet normal 0 0 1
    outer loop
      vertex 8 36.2 32.4
      vertex 7.83032 33.9889 32.4
      vertex 8 34 32.4
    endloop
  endfacet
  facet normal -0 0 1
    outer loop
      vertex 7.54316 36.1701 32.4
      vertex 7.83032 33.9889 32.4
      vertex 8 36.2 32.4
    endloop
  endfacet
  facet normal 0 0 1
    outer loop
      vertex 7.83032 33.9889 32.4
      vertex 7.54316 36.1701 32.4
      vertex 7.66354 33.9557 32.4
    endloop
  endfacet
  facet normal -0 0 1
    outer loop
      vertex 7.09413 36.0807 32.4
      vertex 7.66354 33.9557 32.4
      vertex 7.54316 36.1701 32.4
    endloop
  endfacet
  facet normal 0 0 1
    outer loop
      vertex 7.66354 33.9557 32.4
      vertex 7.09413 36.0807 32.4
      vertex 7.50251 33.901 32.4
    endloop
  endfacet
  facet normal -0 0 1
    outer loop
      vertex 6.66061 35.9336 32.4
      vertex 7.50251 33.901 32.4
      vertex 7.09413 36.0807 32.4
    endloop
  endfacet
  facet normal 0 0 1
    outer loop
      vertex 7.50251 33.901 32.4
      vertex 6.66061 35.9336 32.4
      vertex 7.35 33.8258 32.4
    endloop
  endfacet
  facet normal -0 0 1
    outer loop
      vertex 6.25 35.7311 32.4
      vertex 7.35 33.8258 32.4
      vertex 6.66061 35.9336 32.4
    endloop
  endfacet
  facet normal 0 0 1
    outer loop
      vertex 7.35 33.8258 32.4
      vertex 6.25 35.7311 32.4
      vertex 7.20861 33.7314 32.4
    endloop
  endfacet
  facet normal -0 0 1
    outer loop
      vertex 5.86934 35.4767 32.4
      vertex 7.20861 33.7314 32.4
      vertex 6.25 35.7311 32.4
    endloop
  endfacet
  facet normal 0 0 1
    outer loop
      vertex 7.20861 33.7314 32.4
      vertex 5.86934 35.4767 32.4
      vertex 7.08076 33.6192 32.4
    endloop
  endfacet
  facet normal -0 0 1
    outer loop
      vertex 5.52513 35.1749 32.4
      vertex 7.08076 33.6192 32.4
      vertex 5.86934 35.4767 32.4
    endloop
  endfacet
  facet normal 0 0 1
    outer loop
      vertex 7.08076 33.6192 32.4
      vertex 5.52513 35.1749 32.4
      vertex 6.96864 33.4914 32.4
    endloop
  endfacet
  facet normal 0 0 1
    outer loop
      vertex 6.96864 33.4914 32.4
      vertex 5.22326 34.8307 32.4
      vertex 6.87417 33.35 32.4
    endloop
  endfacet
  facet normal -0 0 1
    outer loop
      vertex 5.22326 34.8307 32.4
      vertex 6.96864 33.4914 32.4
      vertex 5.52513 35.1749 32.4
    endloop
  endfacet
  facet normal -0 0 1
    outer loop
      vertex 9.03136 31.9086 32.4
      vertex 10.7767 30.5693 32.4
      vertex 9.12583 32.05 32.4
    endloop
  endfacet
  facet normal 0 0 1
    outer loop
      vertex 10.7767 30.5693 32.4
      vertex 9.03136 31.9086 32.4
      vertex 10.4749 30.2251 32.4
    endloop
  endfacet
  facet normal -0 0 1
    outer loop
      vertex 8.91924 31.7808 32.4
      vertex 10.4749 30.2251 32.4
      vertex 9.03136 31.9086 32.4
    endloop
  endfacet
  facet normal 0 0 1
    outer loop
      vertex 10.4749 30.2251 32.4
      vertex 8.91924 31.7808 32.4
      vertex 10.1307 29.9233 32.4
    endloop
  endfacet
  facet normal -0 0 1
    outer loop
      vertex 8.79139 31.6686 32.4
      vertex 10.1307 29.9233 32.4
      vertex 8.91924 31.7808 32.4
    endloop
  endfacet
  facet normal 0 0 1
    outer loop
      vertex 10.1307 29.9233 32.4
      vertex 8.79139 31.6686 32.4
      vertex 9.75 29.6689 32.4
    endloop
  endfacet
  facet normal -0 0 1
    outer loop
      vertex 8.65 31.5742 32.4
      vertex 9.75 29.6689 32.4
      vertex 8.79139 31.6686 32.4
    endloop
  endfacet
  facet normal 0 0 1
    outer loop
      vertex 9.75 29.6689 32.4
      vertex 8.65 31.5742 32.4
      vertex 9.33939 29.4664 32.4
    endloop
  endfacet
  facet normal -0 0 1
    outer loop
      vertex 8.49749 31.499 32.4
      vertex 9.33939 29.4664 32.4
      vertex 8.65 31.5742 32.4
    endloop
  endfacet
  facet normal 0 0 1
    outer loop
      vertex 9.33939 29.4664 32.4
      vertex 8.49749 31.499 32.4
      vertex 8.90587 29.3193 32.4
    endloop
  endfacet
  facet normal -0 0 1
    outer loop
      vertex 8.33646 31.4443 32.4
      vertex 8.90587 29.3193 32.4
      vertex 8.49749 31.499 32.4
    endloop
  endfacet
  facet normal 0 0 1
    outer loop
      vertex 8.90587 29.3193 32.4
      vertex 8.33646 31.4443 32.4
      vertex 8.45684 29.2299 32.4
    endloop
  endfacet
  facet normal -0 0 1
    outer loop
      vertex 8.16968 31.4111 32.4
      vertex 8.45684 29.2299 32.4
      vertex 8.33646 31.4443 32.4
    endloop
  endfacet
  facet normal -0 0 1
    outer loop
      vertex 8 31.4 32.4
      vertex 8.45684 29.2299 32.4
      vertex 8.16968 31.4111 32.4
    endloop
  endfacet
  facet normal 0 0 1
    outer loop
      vertex 8 31.4 32.4
      vertex 8 29.2 32.4
      vertex 8.45684 29.2299 32.4
    endloop
  endfacet
  facet normal 0 0 1
    outer loop
      vertex 7.83032 31.4111 32.4
      vertex 8 29.2 32.4
      vertex 8 31.4 32.4
    endloop
  endfacet
  facet normal 0 0 1
    outer loop
      vertex 7.54316 29.2299 32.4
      vertex 7.83032 31.4111 32.4
      vertex 7.66354 31.4443 32.4
    endloop
  endfacet
  facet normal 0 0 1
    outer loop
      vertex 7.83032 31.4111 32.4
      vertex 7.54316 29.2299 32.4
      vertex 8 29.2 32.4
    endloop
  endfacet
  facet normal 0 0 1
    outer loop
      vertex 7.09413 29.3193 32.4
      vertex 7.66354 31.4443 32.4
      vertex 7.50251 31.499 32.4
    endloop
  endfacet
  facet normal 0 0 1
    outer loop
      vertex 6.66061 29.4664 32.4
      vertex 7.50251 31.499 32.4
      vertex 7.35 31.5742 32.4
    endloop
  endfacet
  facet normal 0 0 1
    outer loop
      vertex 6.25 29.6689 32.4
      vertex 7.35 31.5742 32.4
      vertex 7.20861 31.6686 32.4
    endloop
  endfacet
  facet normal 0 0 1
    outer loop
      vertex 7.66354 31.4443 32.4
      vertex 7.09413 29.3193 32.4
      vertex 7.54316 29.2299 32.4
    endloop
  endfacet
  facet normal 0 0 1
    outer loop
      vertex 5.86934 29.9233 32.4
      vertex 7.20861 31.6686 32.4
      vertex 7.08076 31.7808 32.4
    endloop
  endfacet
  facet normal 0 0 1
    outer loop
      vertex 5.52513 30.2251 32.4
      vertex 7.08076 31.7808 32.4
      vertex 6.96864 31.9086 32.4
    endloop
  endfacet
  facet normal 0 0 1
    outer loop
      vertex 5.22326 30.5693 32.4
      vertex 6.96864 31.9086 32.4
      vertex 6.87417 32.05 32.4
    endloop
  endfacet
  facet normal 0 0 1
    outer loop
      vertex 4.96891 30.95 32.4
      vertex 6.87417 32.05 32.4
      vertex 6.79896 32.2025 32.4
    endloop
  endfacet
  facet normal 0 0 1
    outer loop
      vertex 4.76642 31.3606 32.4
      vertex 6.79896 32.2025 32.4
      vertex 6.7443 32.3635 32.4
    endloop
  endfacet
  facet normal 0 0 1
    outer loop
      vertex 4.61926 31.7941 32.4
      vertex 6.7443 32.3635 32.4
      vertex 6.71112 32.5303 32.4
    endloop
  endfacet
  facet normal 0 0 1
    outer loop
      vertex 7.50251 31.499 32.4
      vertex 6.66061 29.4664 32.4
      vertex 7.09413 29.3193 32.4
    endloop
  endfacet
  facet normal 0 0 1
    outer loop
      vertex 4.52994 32.2432 32.4
      vertex 6.71112 32.5303 32.4
      vertex 6.7 32.7 32.4
    endloop
  endfacet
  facet normal -0 0 1
    outer loop
      vertex 4.96891 34.45 32.4
      vertex 6.87417 33.35 32.4
      vertex 5.22326 34.8307 32.4
    endloop
  endfacet
  facet normal 0 0 1
    outer loop
      vertex 6.87417 33.35 32.4
      vertex 4.96891 34.45 32.4
      vertex 6.79896 33.1975 32.4
    endloop
  endfacet
  facet normal 0 0 1
    outer loop
      vertex 7.35 31.5742 32.4
      vertex 6.25 29.6689 32.4
      vertex 6.66061 29.4664 32.4
    endloop
  endfacet
  facet normal -0 0 1
    outer loop
      vertex 4.76642 34.0394 32.4
      vertex 6.79896 33.1975 32.4
      vertex 4.96891 34.45 32.4
    endloop
  endfacet
  facet normal 0 0 1
    outer loop
      vertex 7.20861 31.6686 32.4
      vertex 5.86934 29.9233 32.4
      vertex 6.25 29.6689 32.4
    endloop
  endfacet
  facet normal 0 0 1
    outer loop
      vertex 6.79896 33.1975 32.4
      vertex 4.76642 34.0394 32.4
      vertex 6.7443 33.0365 32.4
    endloop
  endfacet
  facet normal 0 0 1
    outer loop
      vertex 7.08076 31.7808 32.4
      vertex 5.52513 30.2251 32.4
      vertex 5.86934 29.9233 32.4
    endloop
  endfacet
  facet normal -0 0 1
    outer loop
      vertex 4.61926 33.6059 32.4
      vertex 6.7443 33.0365 32.4
      vertex 4.76642 34.0394 32.4
    endloop
  endfacet
  facet normal 0 0 1
    outer loop
      vertex 6.96864 31.9086 32.4
      vertex 5.22326 30.5693 32.4
      vertex 5.52513 30.2251 32.4
    endloop
  endfacet
  facet normal 0 0 1
    outer loop
      vertex 6.7443 33.0365 32.4
      vertex 4.61926 33.6059 32.4
      vertex 6.71112 32.8697 32.4
    endloop
  endfacet
  facet normal 0 0 1
    outer loop
      vertex 6.87417 32.05 32.4
      vertex 4.96891 30.95 32.4
      vertex 5.22326 30.5693 32.4
    endloop
  endfacet
  facet normal -0 0 1
    outer loop
      vertex 4.52994 33.1568 32.4
      vertex 6.71112 32.8697 32.4
      vertex 4.61926 33.6059 32.4
    endloop
  endfacet
  facet normal 0 0 1
    outer loop
      vertex 6.79896 32.2025 32.4
      vertex 4.76642 31.3606 32.4
      vertex 4.96891 30.95 32.4
    endloop
  endfacet
  facet normal 0 0 1
    outer loop
      vertex 6.71112 32.8697 32.4
      vertex 4.52994 33.1568 32.4
      vertex 6.7 32.7 32.4
    endloop
  endfacet
  facet normal 0 0 1
    outer loop
      vertex 6.7443 32.3635 32.4
      vertex 4.61926 31.7941 32.4
      vertex 4.76642 31.3606 32.4
    endloop
  endfacet
  facet normal 0 0 1
    outer loop
      vertex 4.5 32.7 32.4
      vertex 6.7 32.7 32.4
      vertex 4.52994 33.1568 32.4
    endloop
  endfacet
  facet normal 0 0 1
    outer loop
      vertex 6.71112 32.5303 32.4
      vertex 4.52994 32.2432 32.4
      vertex 4.61926 31.7941 32.4
    endloop
  endfacet
  facet normal 0 0 1
    outer loop
      vertex 6.7 32.7 32.4
      vertex 4.5 32.7 32.4
      vertex 4.52994 32.2432 32.4
    endloop
  endfacet
  facet normal 0 0 1
    outer loop
      vertex 78.6 8 32.4
      vertex 80.8 8 32.4
      vertex 80.7701 8.45684 32.4
    endloop
  endfacet
  facet normal 0 0 1
    outer loop
      vertex 78.5889 8.16968 32.4
      vertex 80.7701 8.45684 32.4
      vertex 80.6807 8.90587 32.4
    endloop
  endfacet
  facet normal 0 0 1
    outer loop
      vertex 80.8 8 32.4
      vertex 78.6 8 32.4
      vertex 80.7701 7.54316 32.4
    endloop
  endfacet
  facet normal 0 0 1
    outer loop
      vertex 78.5557 8.33646 32.4
      vertex 80.6807 8.90587 32.4
      vertex 80.5336 9.33939 32.4
    endloop
  endfacet
  facet normal -0 0 1
    outer loop
      vertex 78.5889 7.83032 32.4
      vertex 80.7701 7.54316 32.4
      vertex 78.6 8 32.4
    endloop
  endfacet
  facet normal 0 0 1
    outer loop
      vertex 78.501 8.49749 32.4
      vertex 80.5336 9.33939 32.4
      vertex 80.3311 9.75 32.4
    endloop
  endfacet
  facet normal 0 0 1
    outer loop
      vertex 80.7701 7.54316 32.4
      vertex 78.5889 7.83032 32.4
      vertex 80.6807 7.09413 32.4
    endloop
  endfacet
  facet normal 0 0 1
    outer loop
      vertex 78.4258 8.65 32.4
      vertex 80.3311 9.75 32.4
      vertex 80.0767 10.1307 32.4
    endloop
  endfacet
  facet normal -0 0 1
    outer loop
      vertex 78.5557 7.66354 32.4
      vertex 80.6807 7.09413 32.4
      vertex 78.5889 7.83032 32.4
    endloop
  endfacet
  facet normal 0 0 1
    outer loop
      vertex 78.3314 8.79139 32.4
      vertex 80.0767 10.1307 32.4
      vertex 79.7749 10.4749 32.4
    endloop
  endfacet
  facet normal 0 0 1
    outer loop
      vertex 80.6807 7.09413 32.4
      vertex 78.5557 7.66354 32.4
      vertex 80.5336 6.66061 32.4
    endloop
  endfacet
  facet normal 0 0 1
    outer loop
      vertex 78.2192 8.91924 32.4
      vertex 79.7749 10.4749 32.4
      vertex 79.4307 10.7767 32.4
    endloop
  endfacet
  facet normal -0 0 1
    outer loop
      vertex 78.501 7.50251 32.4
      vertex 80.5336 6.66061 32.4
      vertex 78.5557 7.66354 32.4
    endloop
  endfacet
  facet normal 0 0 1
    outer loop
      vertex 78.0914 9.03136 32.4
      vertex 79.4307 10.7767 32.4
      vertex 79.05 11.0311 32.4
    endloop
  endfacet
  facet normal 0 0 1
    outer loop
      vertex 80.5336 6.66061 32.4
      vertex 78.501 7.50251 32.4
      vertex 80.3311 6.25 32.4
    endloop
  endfacet
  facet normal 0 0 1
    outer loop
      vertex 77.95 9.12583 32.4
      vertex 79.05 11.0311 32.4
      vertex 78.6394 11.2336 32.4
    endloop
  endfacet
  facet normal -0 0 1
    outer loop
      vertex 78.4258 7.35 32.4
      vertex 80.3311 6.25 32.4
      vertex 78.501 7.50251 32.4
    endloop
  endfacet
  facet normal 0 0 1
    outer loop
      vertex 80.3311 6.25 32.4
      vertex 78.4258 7.35 32.4
      vertex 80.0767 5.86934 32.4
    endloop
  endfacet
  facet normal 0 0 1
    outer loop
      vertex 80.7701 8.45684 32.4
      vertex 78.5889 8.16968 32.4
      vertex 78.6 8 32.4
    endloop
  endfacet
  facet normal 0 0 1
    outer loop
      vertex 80.6807 8.90587 32.4
      vertex 78.5557 8.33646 32.4
      vertex 78.5889 8.16968 32.4
    endloop
  endfacet
  facet normal 0 0 1
    outer loop
      vertex 80.5336 9.33939 32.4
      vertex 78.501 8.49749 32.4
      vertex 78.5557 8.33646 32.4
    endloop
  endfacet
  facet normal 0 0 1
    outer loop
      vertex 80.3311 9.75 32.4
      vertex 78.4258 8.65 32.4
      vertex 78.501 8.49749 32.4
    endloop
  endfacet
  facet normal 0 0 1
    outer loop
      vertex 80.0767 10.1307 32.4
      vertex 78.3314 8.79139 32.4
      vertex 78.4258 8.65 32.4
    endloop
  endfacet
  facet normal 0 0 1
    outer loop
      vertex 79.7749 10.4749 32.4
      vertex 78.2192 8.91924 32.4
      vertex 78.3314 8.79139 32.4
    endloop
  endfacet
  facet normal 0 0 1
    outer loop
      vertex 77.7975 9.20104 32.4
      vertex 78.6394 11.2336 32.4
      vertex 78.2059 11.3807 32.4
    endloop
  endfacet
  facet normal 0 0 1
    outer loop
      vertex 79.4307 10.7767 32.4
      vertex 78.0914 9.03136 32.4
      vertex 78.2192 8.91924 32.4
    endloop
  endfacet
  facet normal 0 0 1
    outer loop
      vertex 79.05 11.0311 32.4
      vertex 77.95 9.12583 32.4
      vertex 78.0914 9.03136 32.4
    endloop
  endfacet
  facet normal 0 0 1
    outer loop
      vertex 78.6394 11.2336 32.4
      vertex 77.7975 9.20104 32.4
      vertex 77.95 9.12583 32.4
    endloop
  endfacet
  facet normal 0 0 1
    outer loop
      vertex 77.6365 9.2557 32.4
      vertex 78.2059 11.3807 32.4
      vertex 77.7568 11.4701 32.4
    endloop
  endfacet
  facet normal 0 0 1
    outer loop
      vertex 78.2059 11.3807 32.4
      vertex 77.6365 9.2557 32.4
      vertex 77.7975 9.20104 32.4
    endloop
  endfacet
  facet normal 0 0 1
    outer loop
      vertex 77.7568 11.4701 32.4
      vertex 77.4697 9.28888 32.4
      vertex 77.6365 9.2557 32.4
    endloop
  endfacet
  facet normal 0 0 1
    outer loop
      vertex 77.3 11.5 32.4
      vertex 77.4697 9.28888 32.4
      vertex 77.7568 11.4701 32.4
    endloop
  endfacet
  facet normal 0 0 1
    outer loop
      vertex 77.3 11.5 32.4
      vertex 77.3 9.3 32.4
      vertex 77.4697 9.28888 32.4
    endloop
  endfacet
  facet normal 0 0 1
    outer loop
      vertex 77.3 11.5 32.4
      vertex 77.1303 9.28888 32.4
      vertex 77.3 9.3 32.4
    endloop
  endfacet
  facet normal -0 0 1
    outer loop
      vertex 76.8432 11.4701 32.4
      vertex 77.1303 9.28888 32.4
      vertex 77.3 11.5 32.4
    endloop
  endfacet
  facet normal 0 0 1
    outer loop
      vertex 77.1303 9.28888 32.4
      vertex 76.8432 11.4701 32.4
      vertex 76.9635 9.2557 32.4
    endloop
  endfacet
  facet normal -0 0 1
    outer loop
      vertex 76.3941 11.3807 32.4
      vertex 76.9635 9.2557 32.4
      vertex 76.8432 11.4701 32.4
    endloop
  endfacet
  facet normal 0 0 1
    outer loop
      vertex 76.9635 9.2557 32.4
      vertex 76.3941 11.3807 32.4
      vertex 76.8025 9.20104 32.4
    endloop
  endfacet
  facet normal -0 0 1
    outer loop
      vertex 75.9606 11.2336 32.4
      vertex 76.8025 9.20104 32.4
      vertex 76.3941 11.3807 32.4
    endloop
  endfacet
  facet normal 0 0 1
    outer loop
      vertex 76.8025 9.20104 32.4
      vertex 75.9606 11.2336 32.4
      vertex 76.65 9.12583 32.4
    endloop
  endfacet
  facet normal -0 0 1
    outer loop
      vertex 75.55 11.0311 32.4
      vertex 76.65 9.12583 32.4
      vertex 75.9606 11.2336 32.4
    endloop
  endfacet
  facet normal 0 0 1
    outer loop
      vertex 76.65 9.12583 32.4
      vertex 75.55 11.0311 32.4
      vertex 76.5086 9.03136 32.4
    endloop
  endfacet
  facet normal -0 0 1
    outer loop
      vertex 75.1693 10.7767 32.4
      vertex 76.5086 9.03136 32.4
      vertex 75.55 11.0311 32.4
    endloop
  endfacet
  facet normal 0 0 1
    outer loop
      vertex 76.5086 9.03136 32.4
      vertex 75.1693 10.7767 32.4
      vertex 76.3808 8.91924 32.4
    endloop
  endfacet
  facet normal -0 0 1
    outer loop
      vertex 74.8251 10.4749 32.4
      vertex 76.3808 8.91924 32.4
      vertex 75.1693 10.7767 32.4
    endloop
  endfacet
  facet normal 0 0 1
    outer loop
      vertex 76.3808 8.91924 32.4
      vertex 74.8251 10.4749 32.4
      vertex 76.2686 8.79139 32.4
    endloop
  endfacet
  facet normal 0 0 1
    outer loop
      vertex 76.2686 8.79139 32.4
      vertex 74.5233 10.1307 32.4
      vertex 76.1742 8.65 32.4
    endloop
  endfacet
  facet normal -0 0 1
    outer loop
      vertex 74.5233 10.1307 32.4
      vertex 76.2686 8.79139 32.4
      vertex 74.8251 10.4749 32.4
    endloop
  endfacet
  facet normal -0 0 1
    outer loop
      vertex 78.3314 7.20861 32.4
      vertex 80.0767 5.86934 32.4
      vertex 78.4258 7.35 32.4
    endloop
  endfacet
  facet normal 0 0 1
    outer loop
      vertex 80.0767 5.86934 32.4
      vertex 78.3314 7.20861 32.4
      vertex 79.7749 5.52513 32.4
    endloop
  endfacet
  facet normal -0 0 1
    outer loop
      vertex 78.2192 7.08076 32.4
      vertex 79.7749 5.52513 32.4
      vertex 78.3314 7.20861 32.4
    endloop
  endfacet
  facet normal 0 0 1
    outer loop
      vertex 79.7749 5.52513 32.4
      vertex 78.2192 7.08076 32.4
      vertex 79.4307 5.22326 32.4
    endloop
  endfacet
  facet normal -0 0 1
    outer loop
      vertex 78.0914 6.96864 32.4
      vertex 79.4307 5.22326 32.4
      vertex 78.2192 7.08076 32.4
    endloop
  endfacet
  facet normal 0 0 1
    outer loop
      vertex 79.4307 5.22326 32.4
      vertex 78.0914 6.96864 32.4
      vertex 79.05 4.96891 32.4
    endloop
  endfacet
  facet normal -0 0 1
    outer loop
      vertex 77.95 6.87417 32.4
      vertex 79.05 4.96891 32.4
      vertex 78.0914 6.96864 32.4
    endloop
  endfacet
  facet normal 0 0 1
    outer loop
      vertex 79.05 4.96891 32.4
      vertex 77.95 6.87417 32.4
      vertex 78.6394 4.76642 32.4
    endloop
  endfacet
  facet normal -0 0 1
    outer loop
      vertex 77.7975 6.79896 32.4
      vertex 78.6394 4.76642 32.4
      vertex 77.95 6.87417 32.4
    endloop
  endfacet
  facet normal 0 0 1
    outer loop
      vertex 78.6394 4.76642 32.4
      vertex 77.7975 6.79896 32.4
      vertex 78.2059 4.61926 32.4
    endloop
  endfacet
  facet normal -0 0 1
    outer loop
      vertex 77.6365 6.7443 32.4
      vertex 78.2059 4.61926 32.4
      vertex 77.7975 6.79896 32.4
    endloop
  endfacet
  facet normal 0 0 1
    outer loop
      vertex 78.2059 4.61926 32.4
      vertex 77.6365 6.7443 32.4
      vertex 77.7568 4.52994 32.4
    endloop
  endfacet
  facet normal -0 0 1
    outer loop
      vertex 77.4697 6.71112 32.4
      vertex 77.7568 4.52994 32.4
      vertex 77.6365 6.7443 32.4
    endloop
  endfacet
  facet normal -0 0 1
    outer loop
      vertex 77.3 6.7 32.4
      vertex 77.7568 4.52994 32.4
      vertex 77.4697 6.71112 32.4
    endloop
  endfacet
  facet normal 0 0 1
    outer loop
      vertex 77.3 6.7 32.4
      vertex 77.3 4.5 32.4
      vertex 77.7568 4.52994 32.4
    endloop
  endfacet
  facet normal 0 0 1
    outer loop
      vertex 77.1303 6.71112 32.4
      vertex 77.3 4.5 32.4
      vertex 77.3 6.7 32.4
    endloop
  endfacet
  facet normal 0 0 1
    outer loop
      vertex 76.8432 4.52994 32.4
      vertex 77.1303 6.71112 32.4
      vertex 76.9635 6.7443 32.4
    endloop
  endfacet
  facet normal 0 0 1
    outer loop
      vertex 77.1303 6.71112 32.4
      vertex 76.8432 4.52994 32.4
      vertex 77.3 4.5 32.4
    endloop
  endfacet
  facet normal 0 0 1
    outer loop
      vertex 76.3941 4.61926 32.4
      vertex 76.9635 6.7443 32.4
      vertex 76.8025 6.79896 32.4
    endloop
  endfacet
  facet normal 0 0 1
    outer loop
      vertex 75.9606 4.76642 32.4
      vertex 76.8025 6.79896 32.4
      vertex 76.65 6.87417 32.4
    endloop
  endfacet
  facet normal 0 0 1
    outer loop
      vertex 75.55 4.96891 32.4
      vertex 76.65 6.87417 32.4
      vertex 76.5086 6.96864 32.4
    endloop
  endfacet
  facet normal 0 0 1
    outer loop
      vertex 76.9635 6.7443 32.4
      vertex 76.3941 4.61926 32.4
      vertex 76.8432 4.52994 32.4
    endloop
  endfacet
  facet normal 0 0 1
    outer loop
      vertex 75.1693 5.22326 32.4
      vertex 76.5086 6.96864 32.4
      vertex 76.3808 7.08076 32.4
    endloop
  endfacet
  facet normal 0 0 1
    outer loop
      vertex 74.8251 5.52513 32.4
      vertex 76.3808 7.08076 32.4
      vertex 76.2686 7.20861 32.4
    endloop
  endfacet
  facet normal 0 0 1
    outer loop
      vertex 74.5233 5.86934 32.4
      vertex 76.2686 7.20861 32.4
      vertex 76.1742 7.35 32.4
    endloop
  endfacet
  facet normal 0 0 1
    outer loop
      vertex 74.2689 6.25 32.4
      vertex 76.1742 7.35 32.4
      vertex 76.099 7.50251 32.4
    endloop
  endfacet
  facet normal 0 0 1
    outer loop
      vertex 74.0664 6.66061 32.4
      vertex 76.099 7.50251 32.4
      vertex 76.0443 7.66354 32.4
    endloop
  endfacet
  facet normal 0 0 1
    outer loop
      vertex 73.9193 7.09413 32.4
      vertex 76.0443 7.66354 32.4
      vertex 76.0111 7.83032 32.4
    endloop
  endfacet
  facet normal 0 0 1
    outer loop
      vertex 76.8025 6.79896 32.4
      vertex 75.9606 4.76642 32.4
      vertex 76.3941 4.61926 32.4
    endloop
  endfacet
  facet normal 0 0 1
    outer loop
      vertex 73.8299 7.54316 32.4
      vertex 76.0111 7.83032 32.4
      vertex 76 8 32.4
    endloop
  endfacet
  facet normal -0 0 1
    outer loop
      vertex 74.2689 9.75 32.4
      vertex 76.1742 8.65 32.4
      vertex 74.5233 10.1307 32.4
    endloop
  endfacet
  facet normal 0 0 1
    outer loop
      vertex 76.1742 8.65 32.4
      vertex 74.2689 9.75 32.4
      vertex 76.099 8.49749 32.4
    endloop
  endfacet
  facet normal 0 0 1
    outer loop
      vertex 76.65 6.87417 32.4
      vertex 75.55 4.96891 32.4
      vertex 75.9606 4.76642 32.4
    endloop
  endfacet
  facet normal -0 0 1
    outer loop
      vertex 74.0664 9.33939 32.4
      vertex 76.099 8.49749 32.4
      vertex 74.2689 9.75 32.4
    endloop
  endfacet
  facet normal 0 0 1
    outer loop
      vertex 76.5086 6.96864 32.4
      vertex 75.1693 5.22326 32.4
      vertex 75.55 4.96891 32.4
    endloop
  endfacet
  facet normal 0 0 1
    outer loop
      vertex 76.099 8.49749 32.4
      vertex 74.0664 9.33939 32.4
      vertex 76.0443 8.33646 32.4
    endloop
  endfacet
  facet normal 0 0 1
    outer loop
      vertex 76.3808 7.08076 32.4
      vertex 74.8251 5.52513 32.4
      vertex 75.1693 5.22326 32.4
    endloop
  endfacet
  facet normal -0 0 1
    outer loop
      vertex 73.9193 8.90587 32.4
      vertex 76.0443 8.33646 32.4
      vertex 74.0664 9.33939 32.4
    endloop
  endfacet
  facet normal 0 0 1
    outer loop
      vertex 76.2686 7.20861 32.4
      vertex 74.5233 5.86934 32.4
      vertex 74.8251 5.52513 32.4
    endloop
  endfacet
  facet normal 0 0 1
    outer loop
      vertex 76.0443 8.33646 32.4
      vertex 73.9193 8.90587 32.4
      vertex 76.0111 8.16968 32.4
    endloop
  endfacet
  facet normal 0 0 1
    outer loop
      vertex 76.1742 7.35 32.4
      vertex 74.2689 6.25 32.4
      vertex 74.5233 5.86934 32.4
    endloop
  endfacet
  facet normal -0 0 1
    outer loop
      vertex 73.8299 8.45684 32.4
      vertex 76.0111 8.16968 32.4
      vertex 73.9193 8.90587 32.4
    endloop
  endfacet
  facet normal 0 0 1
    outer loop
      vertex 76.099 7.50251 32.4
      vertex 74.0664 6.66061 32.4
      vertex 74.2689 6.25 32.4
    endloop
  endfacet
  facet normal 0 0 1
    outer loop
      vertex 76.0111 8.16968 32.4
      vertex 73.8299 8.45684 32.4
      vertex 76 8 32.4
    endloop
  endfacet
  facet normal 0 0 1
    outer loop
      vertex 76.0443 7.66354 32.4
      vertex 73.9193 7.09413 32.4
      vertex 74.0664 6.66061 32.4
    endloop
  endfacet
  facet normal 0 0 1
    outer loop
      vertex 73.8 8 32.4
      vertex 76 8 32.4
      vertex 73.8299 8.45684 32.4
    endloop
  endfacet
  facet normal 0 0 1
    outer loop
      vertex 76.0111 7.83032 32.4
      vertex 73.8299 7.54316 32.4
      vertex 73.9193 7.09413 32.4
    endloop
  endfacet
  facet normal 0 0 1
    outer loop
      vertex 76 8 32.4
      vertex 73.8 8 32.4
      vertex 73.8299 7.54316 32.4
    endloop
  endfacet
  facet normal 0 0 1
    outer loop
      vertex 78.6 32.7 32.4
      vertex 80.8 32.7 32.4
      vertex 80.7701 33.1568 32.4
    endloop
  endfacet
  facet normal 0 0 1
    outer loop
      vertex 78.5889 32.8697 32.4
      vertex 80.7701 33.1568 32.4
      vertex 80.6807 33.6059 32.4
    endloop
  endfacet
  facet normal 0 0 1
    outer loop
      vertex 80.8 32.7 32.4
      vertex 78.6 32.7 32.4
      vertex 80.7701 32.2432 32.4
    endloop
  endfacet
  facet normal 0 0 1
    outer loop
      vertex 78.5557 33.0365 32.4
      vertex 80.6807 33.6059 32.4
      vertex 80.5336 34.0394 32.4
    endloop
  endfacet
  facet normal -0 0 1
    outer loop
      vertex 78.5889 32.5303 32.4
      vertex 80.7701 32.2432 32.4
      vertex 78.6 32.7 32.4
    endloop
  endfacet
  facet normal 0 0 1
    outer loop
      vertex 78.501 33.1975 32.4
      vertex 80.5336 34.0394 32.4
      vertex 80.3311 34.45 32.4
    endloop
  endfacet
  facet normal 0 0 1
    outer loop
      vertex 80.7701 32.2432 32.4
      vertex 78.5889 32.5303 32.4
      vertex 80.6807 31.7941 32.4
    endloop
  endfacet
  facet normal 0 0 1
    outer loop
      vertex 78.4258 33.35 32.4
      vertex 80.3311 34.45 32.4
      vertex 80.0767 34.8307 32.4
    endloop
  endfacet
  facet normal -0 0 1
    outer loop
      vertex 78.5557 32.3635 32.4
      vertex 80.6807 31.7941 32.4
      vertex 78.5889 32.5303 32.4
    endloop
  endfacet
  facet normal 0 0 1
    outer loop
      vertex 78.3314 33.4914 32.4
      vertex 80.0767 34.8307 32.4
      vertex 79.7749 35.1749 32.4
    endloop
  endfacet
  facet normal 0 0 1
    outer loop
      vertex 80.6807 31.7941 32.4
      vertex 78.5557 32.3635 32.4
      vertex 80.5336 31.3606 32.4
    endloop
  endfacet
  facet normal 0 0 1
    outer loop
      vertex 78.2192 33.6192 32.4
      vertex 79.7749 35.1749 32.4
      vertex 79.4307 35.4767 32.4
    endloop
  endfacet
  facet normal -0 0 1
    outer loop
      vertex 78.501 32.2025 32.4
      vertex 80.5336 31.3606 32.4
      vertex 78.5557 32.3635 32.4
    endloop
  endfacet
  facet normal 0 0 1
    outer loop
      vertex 78.0914 33.7314 32.4
      vertex 79.4307 35.4767 32.4
      vertex 79.05 35.7311 32.4
    endloop
  endfacet
  facet normal 0 0 1
    outer loop
      vertex 80.5336 31.3606 32.4
      vertex 78.501 32.2025 32.4
      vertex 80.3311 30.95 32.4
    endloop
  endfacet
  facet normal 0 0 1
    outer loop
      vertex 77.95 33.8258 32.4
      vertex 79.05 35.7311 32.4
      vertex 78.6394 35.9336 32.4
    endloop
  endfacet
  facet normal -0 0 1
    outer loop
      vertex 78.4258 32.05 32.4
      vertex 80.3311 30.95 32.4
      vertex 78.501 32.2025 32.4
    endloop
  endfacet
  facet normal 0 0 1
    outer loop
      vertex 80.3311 30.95 32.4
      vertex 78.4258 32.05 32.4
      vertex 80.0767 30.5693 32.4
    endloop
  endfacet
  facet normal 0 0 1
    outer loop
      vertex 80.7701 33.1568 32.4
      vertex 78.5889 32.8697 32.4
      vertex 78.6 32.7 32.4
    endloop
  endfacet
  facet normal 0 0 1
    outer loop
      vertex 80.6807 33.6059 32.4
      vertex 78.5557 33.0365 32.4
      vertex 78.5889 32.8697 32.4
    endloop
  endfacet
  facet normal 0 0 1
    outer loop
      vertex 80.5336 34.0394 32.4
      vertex 78.501 33.1975 32.4
      vertex 78.5557 33.0365 32.4
    endloop
  endfacet
  facet normal 0 0 1
    outer loop
      vertex 80.3311 34.45 32.4
      vertex 78.4258 33.35 32.4
      vertex 78.501 33.1975 32.4
    endloop
  endfacet
  facet normal 0 0 1
    outer loop
      vertex 80.0767 34.8307 32.4
      vertex 78.3314 33.4914 32.4
      vertex 78.4258 33.35 32.4
    endloop
  endfacet
  facet normal 0 0 1
    outer loop
      vertex 79.7749 35.1749 32.4
      vertex 78.2192 33.6192 32.4
      vertex 78.3314 33.4914 32.4
    endloop
  endfacet
  facet normal 0 0 1
    outer loop
      vertex 77.7975 33.901 32.4
      vertex 78.6394 35.9336 32.4
      vertex 78.2059 36.0807 32.4
    endloop
  endfacet
  facet normal 0 0 1
    outer loop
      vertex 79.4307 35.4767 32.4
      vertex 78.0914 33.7314 32.4
      vertex 78.2192 33.6192 32.4
    endloop
  endfacet
  facet normal 0 0 1
    outer loop
      vertex 79.05 35.7311 32.4
      vertex 77.95 33.8258 32.4
      vertex 78.0914 33.7314 32.4
    endloop
  endfacet
  facet normal 0 0 1
    outer loop
      vertex 78.6394 35.9336 32.4
      vertex 77.7975 33.901 32.4
      vertex 77.95 33.8258 32.4
    endloop
  endfacet
  facet normal 0 0 1
    outer loop
      vertex 77.6365 33.9557 32.4
      vertex 78.2059 36.0807 32.4
      vertex 77.7568 36.1701 32.4
    endloop
  endfacet
  facet normal 0 0 1
    outer loop
      vertex 78.2059 36.0807 32.4
      vertex 77.6365 33.9557 32.4
      vertex 77.7975 33.901 32.4
    endloop
  endfacet
  facet normal 0 0 1
    outer loop
      vertex 77.7568 36.1701 32.4
      vertex 77.4697 33.9889 32.4
      vertex 77.6365 33.9557 32.4
    endloop
  endfacet
  facet normal 0 0 1
    outer loop
      vertex 77.3 36.2 32.4
      vertex 77.4697 33.9889 32.4
      vertex 77.7568 36.1701 32.4
    endloop
  endfacet
  facet normal 0 0 1
    outer loop
      vertex 77.3 36.2 32.4
      vertex 77.3 34 32.4
      vertex 77.4697 33.9889 32.4
    endloop
  endfacet
  facet normal 0 0 1
    outer loop
      vertex 77.3 36.2 32.4
      vertex 77.1303 33.9889 32.4
      vertex 77.3 34 32.4
    endloop
  endfacet
  facet normal -0 0 1
    outer loop
      vertex 76.8432 36.1701 32.4
      vertex 77.1303 33.9889 32.4
      vertex 77.3 36.2 32.4
    endloop
  endfacet
  facet normal 0 0 1
    outer loop
      vertex 77.1303 33.9889 32.4
      vertex 76.8432 36.1701 32.4
      vertex 76.9635 33.9557 32.4
    endloop
  endfacet
  facet normal -0 0 1
    outer loop
      vertex 76.3941 36.0807 32.4
      vertex 76.9635 33.9557 32.4
      vertex 76.8432 36.1701 32.4
    endloop
  endfacet
  facet normal 0 0 1
    outer loop
      vertex 76.9635 33.9557 32.4
      vertex 76.3941 36.0807 32.4
      vertex 76.8025 33.901 32.4
    endloop
  endfacet
  facet normal -0 0 1
    outer loop
      vertex 75.9606 35.9336 32.4
      vertex 76.8025 33.901 32.4
      vertex 76.3941 36.0807 32.4
    endloop
  endfacet
  facet normal 0 0 1
    outer loop
      vertex 76.8025 33.901 32.4
      vertex 75.9606 35.9336 32.4
      vertex 76.65 33.8258 32.4
    endloop
  endfacet
  facet normal -0 0 1
    outer loop
      vertex 75.55 35.7311 32.4
      vertex 76.65 33.8258 32.4
      vertex 75.9606 35.9336 32.4
    endloop
  endfacet
  facet normal 0 0 1
    outer loop
      vertex 76.65 33.8258 32.4
      vertex 75.55 35.7311 32.4
      vertex 76.5086 33.7314 32.4
    endloop
  endfacet
  facet normal -0 0 1
    outer loop
      vertex 75.1693 35.4767 32.4
      vertex 76.5086 33.7314 32.4
      vertex 75.55 35.7311 32.4
    endloop
  endfacet
  facet normal 0 0 1
    outer loop
      vertex 76.5086 33.7314 32.4
      vertex 75.1693 35.4767 32.4
      vertex 76.3808 33.6192 32.4
    endloop
  endfacet
  facet normal -0 0 1
    outer loop
      vertex 74.8251 35.1749 32.4
      vertex 76.3808 33.6192 32.4
      vertex 75.1693 35.4767 32.4
    endloop
  endfacet
  facet normal 0 0 1
    outer loop
      vertex 76.3808 33.6192 32.4
      vertex 74.8251 35.1749 32.4
      vertex 76.2686 33.4914 32.4
    endloop
  endfacet
  facet normal 0 0 1
    outer loop
      vertex 76.2686 33.4914 32.4
      vertex 74.5233 34.8307 32.4
      vertex 76.1742 33.35 32.4
    endloop
  endfacet
  facet normal -0 0 1
    outer loop
      vertex 74.5233 34.8307 32.4
      vertex 76.2686 33.4914 32.4
      vertex 74.8251 35.1749 32.4
    endloop
  endfacet
  facet normal -0 0 1
    outer loop
      vertex 78.3314 31.9086 32.4
      vertex 80.0767 30.5693 32.4
      vertex 78.4258 32.05 32.4
    endloop
  endfacet
  facet normal 0 0 1
    outer loop
      vertex 80.0767 30.5693 32.4
      vertex 78.3314 31.9086 32.4
      vertex 79.7749 30.2251 32.4
    endloop
  endfacet
  facet normal -0 0 1
    outer loop
      vertex 78.2192 31.7808 32.4
      vertex 79.7749 30.2251 32.4
      vertex 78.3314 31.9086 32.4
    endloop
  endfacet
  facet normal 0 0 1
    outer loop
      vertex 79.7749 30.2251 32.4
      vertex 78.2192 31.7808 32.4
      vertex 79.4307 29.9233 32.4
    endloop
  endfacet
  facet normal -0 0 1
    outer loop
      vertex 78.0914 31.6686 32.4
      vertex 79.4307 29.9233 32.4
      vertex 78.2192 31.7808 32.4
    endloop
  endfacet
  facet normal 0 0 1
    outer loop
      vertex 79.4307 29.9233 32.4
      vertex 78.0914 31.6686 32.4
      vertex 79.05 29.6689 32.4
    endloop
  endfacet
  facet normal -0 0 1
    outer loop
      vertex 77.95 31.5742 32.4
      vertex 79.05 29.6689 32.4
      vertex 78.0914 31.6686 32.4
    endloop
  endfacet
  facet normal 0 0 1
    outer loop
      vertex 79.05 29.6689 32.4
      vertex 77.95 31.5742 32.4
      vertex 78.6394 29.4664 32.4
    endloop
  endfacet
  facet normal -0 0 1
    outer loop
      vertex 77.7975 31.499 32.4
      vertex 78.6394 29.4664 32.4
      vertex 77.95 31.5742 32.4
    endloop
  endfacet
  facet normal 0 0 1
    outer loop
      vertex 78.6394 29.4664 32.4
      vertex 77.7975 31.499 32.4
      vertex 78.2059 29.3193 32.4
    endloop
  endfacet
  facet normal -0 0 1
    outer loop
      vertex 77.6365 31.4443 32.4
      vertex 78.2059 29.3193 32.4
      vertex 77.7975 31.499 32.4
    endloop
  endfacet
  facet normal 0 0 1
    outer loop
      vertex 78.2059 29.3193 32.4
      vertex 77.6365 31.4443 32.4
      vertex 77.7568 29.2299 32.4
    endloop
  endfacet
  facet normal -0 0 1
    outer loop
      vertex 77.4697 31.4111 32.4
      vertex 77.7568 29.2299 32.4
      vertex 77.6365 31.4443 32.4
    endloop
  endfacet
  facet normal -0 0 1
    outer loop
      vertex 77.3 31.4 32.4
      vertex 77.7568 29.2299 32.4
      vertex 77.4697 31.4111 32.4
    endloop
  endfacet
  facet normal 0 0 1
    outer loop
      vertex 77.3 31.4 32.4
      vertex 77.3 29.2 32.4
      vertex 77.7568 29.2299 32.4
    endloop
  endfacet
  facet normal 0 0 1
    outer loop
      vertex 77.1303 31.4111 32.4
      vertex 77.3 29.2 32.4
      vertex 77.3 31.4 32.4
    endloop
  endfacet
  facet normal 0 0 1
    outer loop
      vertex 76.8432 29.2299 32.4
      vertex 77.1303 31.4111 32.4
      vertex 76.9635 31.4443 32.4
    endloop
  endfacet
  facet normal 0 0 1
    outer loop
      vertex 77.1303 31.4111 32.4
      vertex 76.8432 29.2299 32.4
      vertex 77.3 29.2 32.4
    endloop
  endfacet
  facet normal 0 0 1
    outer loop
      vertex 76.3941 29.3193 32.4
      vertex 76.9635 31.4443 32.4
      vertex 76.8025 31.499 32.4
    endloop
  endfacet
  facet normal 0 0 1
    outer loop
      vertex 75.9606 29.4664 32.4
      vertex 76.8025 31.499 32.4
      vertex 76.65 31.5742 32.4
    endloop
  endfacet
  facet normal 0 0 1
    outer loop
      vertex 75.55 29.6689 32.4
      vertex 76.65 31.5742 32.4
      vertex 76.5086 31.6686 32.4
    endloop
  endfacet
  facet normal 0 0 1
    outer loop
      vertex 76.9635 31.4443 32.4
      vertex 76.3941 29.3193 32.4
      vertex 76.8432 29.2299 32.4
    endloop
  endfacet
  facet normal 0 0 1
    outer loop
      vertex 75.1693 29.9233 32.4
      vertex 76.5086 31.6686 32.4
      vertex 76.3808 31.7808 32.4
    endloop
  endfacet
  facet normal 0 0 1
    outer loop
      vertex 74.8251 30.2251 32.4
      vertex 76.3808 31.7808 32.4
      vertex 76.2686 31.9086 32.4
    endloop
  endfacet
  facet normal 0 0 1
    outer loop
      vertex 74.5233 30.5693 32.4
      vertex 76.2686 31.9086 32.4
      vertex 76.1742 32.05 32.4
    endloop
  endfacet
  facet normal 0 0 1
    outer loop
      vertex 74.2689 30.95 32.4
      vertex 76.1742 32.05 32.4
      vertex 76.099 32.2025 32.4
    endloop
  endfacet
  facet normal 0 0 1
    outer loop
      vertex 74.0664 31.3606 32.4
      vertex 76.099 32.2025 32.4
      vertex 76.0443 32.3635 32.4
    endloop
  endfacet
  facet normal 0 0 1
    outer loop
      vertex 73.9193 31.7941 32.4
      vertex 76.0443 32.3635 32.4
      vertex 76.0111 32.5303 32.4
    endloop
  endfacet
  facet normal 0 0 1
    outer loop
      vertex 76.8025 31.499 32.4
      vertex 75.9606 29.4664 32.4
      vertex 76.3941 29.3193 32.4
    endloop
  endfacet
  facet normal 0 0 1
    outer loop
      vertex 73.8299 32.2432 32.4
      vertex 76.0111 32.5303 32.4
      vertex 76 32.7 32.4
    endloop
  endfacet
  facet normal -0 0 1
    outer loop
      vertex 74.2689 34.45 32.4
      vertex 76.1742 33.35 32.4
      vertex 74.5233 34.8307 32.4
    endloop
  endfacet
  facet normal 0 0 1
    outer loop
      vertex 76.1742 33.35 32.4
      vertex 74.2689 34.45 32.4
      vertex 76.099 33.1975 32.4
    endloop
  endfacet
  facet normal 0 0 1
    outer loop
      vertex 76.65 31.5742 32.4
      vertex 75.55 29.6689 32.4
      vertex 75.9606 29.4664 32.4
    endloop
  endfacet
  facet normal -0 0 1
    outer loop
      vertex 74.0664 34.0394 32.4
      vertex 76.099 33.1975 32.4
      vertex 74.2689 34.45 32.4
    endloop
  endfacet
  facet normal 0 0 1
    outer loop
      vertex 76.5086 31.6686 32.4
      vertex 75.1693 29.9233 32.4
      vertex 75.55 29.6689 32.4
    endloop
  endfacet
  facet normal 0 0 1
    outer loop
      vertex 76.099 33.1975 32.4
      vertex 74.0664 34.0394 32.4
      vertex 76.0443 33.0365 32.4
    endloop
  endfacet
  facet normal 0 0 1
    outer loop
      vertex 76.3808 31.7808 32.4
      vertex 74.8251 30.2251 32.4
      vertex 75.1693 29.9233 32.4
    endloop
  endfacet
  facet normal -0 0 1
    outer loop
      vertex 73.9193 33.6059 32.4
      vertex 76.0443 33.0365 32.4
      vertex 74.0664 34.0394 32.4
    endloop
  endfacet
  facet normal 0 0 1
    outer loop
      vertex 76.2686 31.9086 32.4
      vertex 74.5233 30.5693 32.4
      vertex 74.8251 30.2251 32.4
    endloop
  endfacet
  facet normal 0 0 1
    outer loop
      vertex 76.0443 33.0365 32.4
      vertex 73.9193 33.6059 32.4
      vertex 76.0111 32.8697 32.4
    endloop
  endfacet
  facet normal 0 0 1
    outer loop
      vertex 76.1742 32.05 32.4
      vertex 74.2689 30.95 32.4
      vertex 74.5233 30.5693 32.4
    endloop
  endfacet
  facet normal -0 0 1
    outer loop
      vertex 73.8299 33.1568 32.4
      vertex 76.0111 32.8697 32.4
      vertex 73.9193 33.6059 32.4
    endloop
  endfacet
  facet normal 0 0 1
    outer loop
      vertex 76.099 32.2025 32.4
      vertex 74.0664 31.3606 32.4
      vertex 74.2689 30.95 32.4
    endloop
  endfacet
  facet normal 0 0 1
    outer loop
      vertex 76.0111 32.8697 32.4
      vertex 73.8299 33.1568 32.4
      vertex 76 32.7 32.4
    endloop
  endfacet
  facet normal 0 0 1
    outer loop
      vertex 76.0443 32.3635 32.4
      vertex 73.9193 31.7941 32.4
      vertex 74.0664 31.3606 32.4
    endloop
  endfacet
  facet normal 0 0 1
    outer loop
      vertex 73.8 32.7 32.4
      vertex 76 32.7 32.4
      vertex 73.8299 33.1568 32.4
    endloop
  endfacet
  facet normal 0 0 1
    outer loop
      vertex 76.0111 32.5303 32.4
      vertex 73.8299 32.2432 32.4
      vertex 73.9193 31.7941 32.4
    endloop
  endfacet
  facet normal 0 0 1
    outer loop
      vertex 76 32.7 32.4
      vertex 73.8 32.7 32.4
      vertex 73.8299 32.2432 32.4
    endloop
  endfacet
  facet normal 0.442391 -0.896822 0
    outer loop
      vertex 2.34999 38.6428 32.4
      vertex 2.44385 38.6891 36.4
      vertex 2.34999 38.6428 36.4
    endloop
  endfacet
  facet normal 0.442391 -0.896822 0
    outer loop
      vertex 2.44385 38.6891 36.4
      vertex 2.34999 38.6428 32.4
      vertex 2.44385 38.6891 32.4
    endloop
  endfacet
  facet normal 0.831476 -0.55556 0
    outer loop
      vertex 2.05718 38.35 36.4
      vertex 2.11531 38.437 32.4
      vertex 2.11531 38.437 36.4
    endloop
  endfacet
  facet normal 0.831476 -0.55556 0
    outer loop
      vertex 2.11531 38.437 32.4
      vertex 2.05718 38.35 36.4
      vertex 2.05718 38.35 32.4
    endloop
  endfacet
  facet normal -0.997823 -0.0659481 0
    outer loop
      vertex 83.35 37.95 32.4
      vertex 83.3431 38.0544 36.4
      vertex 83.3431 38.0544 32.4
    endloop
  endfacet
  facet normal -0.997823 -0.0659481 0
    outer loop
      vertex 83.3431 38.0544 36.4
      vertex 83.35 37.95 32.4
      vertex 83.35 37.95 36.4
    endloop
  endfacet
  facet normal 0.321126 -0.947036 0
    outer loop
      vertex 2.44385 38.6891 32.4
      vertex 2.54294 38.7227 36.4
      vertex 2.44385 38.6891 36.4
    endloop
  endfacet
  facet normal 0.321126 -0.947036 0
    outer loop
      vertex 2.54294 38.7227 36.4
      vertex 2.44385 38.6891 32.4
      vertex 2.54294 38.7227 32.4
    endloop
  endfacet
  facet normal 0.555362 -0.831609 0
    outer loop
      vertex 2.26299 38.5847 32.4
      vertex 2.34999 38.6428 36.4
      vertex 2.26299 38.5847 36.4
    endloop
  endfacet
  facet normal 0.555362 -0.831609 0
    outer loop
      vertex 2.34999 38.6428 36.4
      vertex 2.26299 38.5847 32.4
      vertex 2.34999 38.6428 32.4
    endloop
  endfacet
  facet normal 0.831476 0.55556 0
    outer loop
      vertex 2.11531 2.26299 36.4
      vertex 2.05718 2.34999 32.4
      vertex 2.05718 2.34999 36.4
    endloop
  endfacet
  facet normal 0.831476 0.55556 0
    outer loop
      vertex 2.05718 2.34999 32.4
      vertex 2.11531 2.26299 36.4
      vertex 2.11531 2.26299 32.4
    endloop
  endfacet
  facet normal 0.946959 -0.321354 0
    outer loop
      vertex 1.97725 38.157 36.4
      vertex 2.01088 38.2561 32.4
      vertex 2.01088 38.2561 36.4
    endloop
  endfacet
  facet normal 0.946959 -0.321354 0
    outer loop
      vertex 2.01088 38.2561 32.4
      vertex 1.97725 38.157 36.4
      vertex 1.97725 38.157 32.4
    endloop
  endfacet
  facet normal -0.195932 -0.980617 0
    outer loop
      vertex 82.6544 38.7432 32.4
      vertex 82.757 38.7227 36.4
      vertex 82.6544 38.7432 36.4
    endloop
  endfacet
  facet normal -0.195932 -0.980617 -0
    outer loop
      vertex 82.757 38.7227 36.4
      vertex 82.6544 38.7432 32.4
      vertex 82.757 38.7227 32.4
    endloop
  endfacet
  facet normal -0.0653771 0.997861 0
    outer loop
      vertex 82.6544 1.95684 32.4
      vertex 82.55 1.95 36.4
      vertex 82.6544 1.95684 36.4
    endloop
  endfacet
  facet normal -0.0653771 0.997861 0
    outer loop
      vertex 82.55 1.95 36.4
      vertex 82.6544 1.95684 32.4
      vertex 82.55 1.95 32.4
    endloop
  endfacet
  facet normal -0.947036 0.321126 0
    outer loop
      vertex 83.2891 2.44385 32.4
      vertex 83.3227 2.54294 36.4
      vertex 83.3227 2.54294 32.4
    endloop
  endfacet
  facet normal -0.947036 0.321126 0
    outer loop
      vertex 83.3227 2.54294 36.4
      vertex 83.2891 2.44385 32.4
      vertex 83.2891 2.44385 36.4
    endloop
  endfacet
  facet normal 0.997861 -0.0653771 0
    outer loop
      vertex 1.95 37.95 36.4
      vertex 1.95684 38.0544 32.4
      vertex 1.95684 38.0544 36.4
    endloop
  endfacet
  facet normal 0.997861 -0.0653771 0
    outer loop
      vertex 1.95684 38.0544 32.4
      vertex 1.95 37.95 36.4
      vertex 1.95 37.95 32.4
    endloop
  endfacet
  facet normal 0.064984 -0.997886 0
    outer loop
      vertex 2.64557 38.7432 32.4
      vertex 2.74999 38.75 36.4
      vertex 2.64557 38.7432 36.4
    endloop
  endfacet
  facet normal 0.064984 -0.997886 0
    outer loop
      vertex 2.74999 38.75 36.4
      vertex 2.64557 38.7432 32.4
      vertex 2.74999 38.75 32.4
    endloop
  endfacet
  facet normal -0.980801 -0.195013 0
    outer loop
      vertex 83.3431 38.0544 32.4
      vertex 83.3227 38.157 36.4
      vertex 83.3227 38.157 32.4
    endloop
  endfacet
  facet normal -0.980801 -0.195013 0
    outer loop
      vertex 83.3227 38.157 36.4
      vertex 83.3431 38.0544 32.4
      vertex 83.3431 38.0544 36.4
    endloop
  endfacet
  facet normal 0.751925 -0.659248 0
    outer loop
      vertex 2.11531 38.437 36.4
      vertex 2.18431 38.5157 32.4
      vertex 2.18431 38.5157 36.4
    endloop
  endfacet
  facet normal 0.751925 -0.659248 0
    outer loop
      vertex 2.18431 38.5157 32.4
      vertex 2.11531 38.437 36.4
      vertex 2.11531 38.437 32.4
    endloop
  endfacet
  facet normal -0.55556 0.831476 0
    outer loop
      vertex 83.037 2.11531 32.4
      vertex 82.95 2.05718 36.4
      vertex 83.037 2.11531 36.4
    endloop
  endfacet
  facet normal -0.55556 0.831476 0
    outer loop
      vertex 82.95 2.05718 36.4
      vertex 83.037 2.11531 32.4
      vertex 82.95 2.05718 32.4
    endloop
  endfacet
  facet normal 0.896897 -0.44224 0
    outer loop
      vertex 2.01088 38.2561 36.4
      vertex 2.05718 38.35 32.4
      vertex 2.05718 38.35 36.4
    endloop
  endfacet
  facet normal 0.896897 -0.44224 0
    outer loop
      vertex 2.05718 38.35 32.4
      vertex 2.01088 38.2561 36.4
      vertex 2.01088 38.2561 32.4
    endloop
  endfacet
  facet normal -0.659248 0.751925 0
    outer loop
      vertex 83.1157 2.18431 32.4
      vertex 83.037 2.11531 36.4
      vertex 83.1157 2.18431 36.4
    endloop
  endfacet
  facet normal -0.659248 0.751925 0
    outer loop
      vertex 83.037 2.11531 36.4
      vertex 83.1157 2.18431 32.4
      vertex 83.037 2.11531 32.4
    endloop
  endfacet
  facet normal -0.751925 -0.659248 0
    outer loop
      vertex 83.1847 38.437 32.4
      vertex 83.1157 38.5157 36.4
      vertex 83.1157 38.5157 32.4
    endloop
  endfacet
  facet normal -0.751925 -0.659248 0
    outer loop
      vertex 83.1157 38.5157 36.4
      vertex 83.1847 38.437 32.4
      vertex 83.1847 38.437 36.4
    endloop
  endfacet
  facet normal -0.44224 0.896897 0
    outer loop
      vertex 82.95 2.05718 32.4
      vertex 82.8561 2.01088 36.4
      vertex 82.95 2.05718 36.4
    endloop
  endfacet
  facet normal -0.44224 0.896897 0
    outer loop
      vertex 82.8561 2.01088 36.4
      vertex 82.95 2.05718 32.4
      vertex 82.8561 2.01088 32.4
    endloop
  endfacet
  facet normal 0.751842 0.659343 0
    outer loop
      vertex 2.18431 2.18431 36.4
      vertex 2.11531 2.26299 32.4
      vertex 2.11531 2.26299 36.4
    endloop
  endfacet
  facet normal 0.751842 0.659343 0
    outer loop
      vertex 2.11531 2.26299 32.4
      vertex 2.18431 2.18431 36.4
      vertex 2.18431 2.18431 32.4
    endloop
  endfacet
  facet normal 0.442391 0.896822 -0
    outer loop
      vertex 2.44385 2.01088 32.4
      vertex 2.34999 2.05718 36.4
      vertex 2.44385 2.01088 36.4
    endloop
  endfacet
  facet normal 0.442391 0.896822 0
    outer loop
      vertex 2.34999 2.05718 36.4
      vertex 2.44385 2.01088 32.4
      vertex 2.34999 2.05718 32.4
    endloop
  endfacet
  facet normal 0.321384 0.946949 -0
    outer loop
      vertex 2.54294 1.97725 32.4
      vertex 2.44385 2.01088 36.4
      vertex 2.54294 1.97725 36.4
    endloop
  endfacet
  facet normal 0.321384 0.946949 0
    outer loop
      vertex 2.44385 2.01088 36.4
      vertex 2.54294 1.97725 32.4
      vertex 2.44385 2.01088 32.4
    endloop
  endfacet
  facet normal 0.55556 0.831476 -0
    outer loop
      vertex 2.34999 2.05718 32.4
      vertex 2.26299 2.11531 36.4
      vertex 2.34999 2.05718 36.4
    endloop
  endfacet
  facet normal 0.55556 0.831476 0
    outer loop
      vertex 2.26299 2.11531 36.4
      vertex 2.34999 2.05718 32.4
      vertex 2.26299 2.11531 32.4
    endloop
  endfacet
  facet normal -0.751842 0.659343 0
    outer loop
      vertex 83.1157 2.18431 32.4
      vertex 83.1847 2.26299 36.4
      vertex 83.1847 2.26299 32.4
    endloop
  endfacet
  facet normal -0.751842 0.659343 0
    outer loop
      vertex 83.1847 2.26299 36.4
      vertex 83.1157 2.18431 32.4
      vertex 83.1157 2.18431 36.4
    endloop
  endfacet
  facet normal -0.659248 -0.751925 0
    outer loop
      vertex 83.037 38.5847 32.4
      vertex 83.1157 38.5157 36.4
      vertex 83.037 38.5847 36.4
    endloop
  endfacet
  facet normal -0.659248 -0.751925 -0
    outer loop
      vertex 83.1157 38.5157 36.4
      vertex 83.037 38.5847 32.4
      vertex 83.1157 38.5157 32.4
    endloop
  endfacet
  facet normal -0.896822 0.442391 0
    outer loop
      vertex 83.2428 2.34999 32.4
      vertex 83.2891 2.44385 36.4
      vertex 83.2891 2.44385 32.4
    endloop
  endfacet
  facet normal -0.896822 0.442391 0
    outer loop
      vertex 83.2891 2.44385 36.4
      vertex 83.2428 2.34999 32.4
      vertex 83.2428 2.34999 36.4
    endloop
  endfacet
  facet normal 0.980782 -0.195105 0
    outer loop
      vertex 1.95684 38.0544 36.4
      vertex 1.97725 38.157 32.4
      vertex 1.97725 38.157 36.4
    endloop
  endfacet
  facet normal 0.980782 -0.195105 0
    outer loop
      vertex 1.97725 38.157 32.4
      vertex 1.95684 38.0544 36.4
      vertex 1.95684 38.0544 32.4
    endloop
  endfacet
  facet normal 0.659343 0.751842 -0
    outer loop
      vertex 2.26299 2.11531 32.4
      vertex 2.18431 2.18431 36.4
      vertex 2.26299 2.11531 36.4
    endloop
  endfacet
  facet normal 0.659343 0.751842 0
    outer loop
      vertex 2.18431 2.18431 36.4
      vertex 2.26299 2.11531 32.4
      vertex 2.18431 2.18431 32.4
    endloop
  endfacet
  facet normal 0.19505 0.980793 -0
    outer loop
      vertex 2.64557 1.95684 32.4
      vertex 2.54294 1.97725 36.4
      vertex 2.64557 1.95684 36.4
    endloop
  endfacet
  facet normal 0.19505 0.980793 0
    outer loop
      vertex 2.54294 1.97725 36.4
      vertex 2.64557 1.95684 32.4
      vertex 2.54294 1.97725 32.4
    endloop
  endfacet
  facet normal -0.997824 0.0659355 0
    outer loop
      vertex 83.3431 2.64557 32.4
      vertex 83.35 2.74999 36.4
      vertex 83.35 2.74999 32.4
    endloop
  endfacet
  facet normal -0.997824 0.0659355 0
    outer loop
      vertex 83.35 2.74999 36.4
      vertex 83.3431 2.64557 32.4
      vertex 83.3431 2.64557 36.4
    endloop
  endfacet
  facet normal 0.0653646 0.997861 -0
    outer loop
      vertex 2.74999 1.95 32.4
      vertex 2.64557 1.95684 36.4
      vertex 2.74999 1.95 36.4
    endloop
  endfacet
  facet normal 0.0653646 0.997861 0
    outer loop
      vertex 2.64557 1.95684 36.4
      vertex 2.74999 1.95 32.4
      vertex 2.64557 1.95684 32.4
    endloop
  endfacet
  facet normal 0.946949 0.321384 0
    outer loop
      vertex 2.01088 2.44385 36.4
      vertex 1.97725 2.54294 32.4
      vertex 1.97725 2.54294 36.4
    endloop
  endfacet
  facet normal 0.946949 0.321384 0
    outer loop
      vertex 1.97725 2.54294 32.4
      vertex 2.01088 2.44385 36.4
      vertex 2.01088 2.44385 32.4
    endloop
  endfacet
  facet normal 0.896822 0.442391 0
    outer loop
      vertex 2.05718 2.34999 36.4
      vertex 2.01088 2.44385 32.4
      vertex 2.01088 2.44385 36.4
    endloop
  endfacet
  facet normal 0.896822 0.442391 0
    outer loop
      vertex 2.01088 2.44385 32.4
      vertex 2.05718 2.34999 36.4
      vertex 2.05718 2.34999 32.4
    endloop
  endfacet
  facet normal 0 -0.896907 0.44222
    outer loop
      vertex 83.1 23.1646 14.575
      vertex 85.3 23.3526 14.9563
      vertex 83.1 23.3526 14.9563
    endloop
  endfacet
  facet normal 0 -0.896907 0.44222
    outer loop
      vertex 85.3 23.3526 14.9563
      vertex 83.1 23.1646 14.575
      vertex 85.3 23.1646 14.575
    endloop
  endfacet
  facet normal 0 -0.896907 0.44222
    outer loop
      vertex 85.3 23.1646 14.575
      vertex 91.3 23.3526 14.9563
      vertex 85.3 23.3526 14.9563
    endloop
  endfacet
  facet normal 0 -0.896907 0.44222
    outer loop
      vertex 91.3 23.3526 14.9563
      vertex 85.3 23.1646 14.575
      vertex 91.3 23.1646 14.575
    endloop
  endfacet
  facet normal 0 0.831471 0.555568
    outer loop
      vertex 85.3 17.7716 14.2215
      vertex 83.1 17.5354 14.575
      vertex 85.3 17.5354 14.575
    endloop
  endfacet
  facet normal 0 0.831471 0.555568
    outer loop
      vertex 83.1 17.5354 14.575
      vertex 85.3 17.7716 14.2215
      vertex 83.1 17.7716 14.2215
    endloop
  endfacet
  facet normal 0 0.831471 0.555568
    outer loop
      vertex 91.3 17.7716 14.2215
      vertex 85.3 17.5354 14.575
      vertex 91.3 17.5354 14.575
    endloop
  endfacet
  facet normal 0 0.831471 0.555568
    outer loop
      vertex 85.3 17.5354 14.575
      vertex 91.3 17.7716 14.2215
      vertex 85.3 17.7716 14.2215
    endloop
  endfacet
  facet normal 0 -0.0653948 0.997859
    outer loop
      vertex 83.1 20.7742 12.9778
      vertex 85.3 20.35 12.95
      vertex 85.3 20.7742 12.9778
    endloop
  endfacet
  facet normal 0 -0.0653948 0.997859
    outer loop
      vertex 85.3 20.35 12.95
      vertex 83.1 20.7742 12.9778
      vertex 83.1 20.35 12.95
    endloop
  endfacet
  facet normal 0 -0.0653948 0.997859
    outer loop
      vertex 85.3 20.7742 12.9778
      vertex 91.3 20.35 12.95
      vertex 91.3 20.7742 12.9778
    endloop
  endfacet
  facet normal 0 -0.0653948 0.997859
    outer loop
      vertex 91.3 20.35 12.95
      vertex 85.3 20.7742 12.9778
      vertex 85.3 20.35 12.95
    endloop
  endfacet
  facet normal 0 -0.0653948 -0.997859
    outer loop
      vertex 83.1 20.35 19.45
      vertex 85.3 20.7742 19.4222
      vertex 85.3 20.35 19.45
    endloop
  endfacet
  facet normal -0 -0.0653948 -0.997859
    outer loop
      vertex 85.3 20.7742 19.4222
      vertex 83.1 20.35 19.45
      vertex 83.1 20.7742 19.4222
    endloop
  endfacet
  facet normal 0 -0.0653948 -0.997859
    outer loop
      vertex 85.3 20.35 19.45
      vertex 91.3 20.7742 19.4222
      vertex 91.3 20.35 19.45
    endloop
  endfacet
  facet normal -0 -0.0653948 -0.997859
    outer loop
      vertex 91.3 20.7742 19.4222
      vertex 85.3 20.35 19.45
      vertex 85.3 20.7742 19.4222
    endloop
  endfacet
  facet normal 0 0.321586 -0.94688
    outer loop
      vertex 83.1 19.1063 19.2026
      vertex 85.3 19.5088 19.3393
      vertex 85.3 19.1063 19.2026
    endloop
  endfacet
  facet normal 0 0.321586 -0.94688
    outer loop
      vertex 85.3 19.5088 19.3393
      vertex 83.1 19.1063 19.2026
      vertex 83.1 19.5088 19.3393
    endloop
  endfacet
  facet normal 0 0.321586 -0.94688
    outer loop
      vertex 85.3 19.1063 19.2026
      vertex 91.3 19.5088 19.3393
      vertex 91.3 19.1063 19.2026
    endloop
  endfacet
  facet normal 0 0.321586 -0.94688
    outer loop
      vertex 91.3 19.5088 19.3393
      vertex 85.3 19.1063 19.2026
      vertex 85.3 19.5088 19.3393
    endloop
  endfacet
  facet normal 0 -0.94688 -0.321586
    outer loop
      vertex 83.1 23.4893 17.0412
      vertex 85.3 23.3526 17.4437
      vertex 83.1 23.3526 17.4437
    endloop
  endfacet
  facet normal 0 -0.94688 -0.321586
    outer loop
      vertex 85.3 23.3526 17.4437
      vertex 83.1 23.4893 17.0412
      vertex 85.3 23.4893 17.0412
    endloop
  endfacet
  facet normal 0 -0.94688 -0.321586
    outer loop
      vertex 85.3 23.4893 17.0412
      vertex 91.3 23.3526 17.4437
      vertex 85.3 23.3526 17.4437
    endloop
  endfacet
  facet normal 0 -0.94688 -0.321586
    outer loop
      vertex 91.3 23.3526 17.4437
      vertex 85.3 23.4893 17.0412
      vertex 91.3 23.4893 17.0412
    endloop
  endfacet
  facet normal 0 0.997859 -0.0653948
    outer loop
      vertex 85.3 17.1 16.2
      vertex 83.1 17.1278 16.6242
      vertex 85.3 17.1278 16.6242
    endloop
  endfacet
  facet normal 0 0.997859 -0.0653948
    outer loop
      vertex 83.1 17.1278 16.6242
      vertex 85.3 17.1 16.2
      vertex 83.1 17.1 16.2
    endloop
  endfacet
  facet normal 0 0.997859 -0.0653948
    outer loop
      vertex 91.3 17.1 16.2
      vertex 85.3 17.1278 16.6242
      vertex 91.3 17.1278 16.6242
    endloop
  endfacet
  facet normal 0 0.997859 -0.0653948
    outer loop
      vertex 85.3 17.1278 16.6242
      vertex 91.3 17.1 16.2
      vertex 85.3 17.1 16.2
    endloop
  endfacet
  facet normal 0 -0.896907 -0.44222
    outer loop
      vertex 83.1 23.3526 17.4437
      vertex 85.3 23.1646 17.825
      vertex 83.1 23.1646 17.825
    endloop
  endfacet
  facet normal 0 -0.896907 -0.44222
    outer loop
      vertex 85.3 23.1646 17.825
      vertex 83.1 23.3526 17.4437
      vertex 85.3 23.3526 17.4437
    endloop
  endfacet
  facet normal 0 -0.896907 -0.44222
    outer loop
      vertex 85.3 23.3526 17.4437
      vertex 91.3 23.1646 17.825
      vertex 85.3 23.1646 17.825
    endloop
  endfacet
  facet normal 0 -0.896907 -0.44222
    outer loop
      vertex 91.3 23.1646 17.825
      vertex 85.3 23.3526 17.4437
      vertex 91.3 23.3526 17.4437
    endloop
  endfacet
  facet normal -0 0.194985 0.980806
    outer loop
      vertex 83.1 19.9258 12.9778
      vertex 85.3 19.5088 13.0607
      vertex 85.3 19.9258 12.9778
    endloop
  endfacet
  facet normal 0 0.194985 0.980806
    outer loop
      vertex 85.3 19.5088 13.0607
      vertex 83.1 19.9258 12.9778
      vertex 83.1 19.5088 13.0607
    endloop
  endfacet
  facet normal -0 0.194985 0.980806
    outer loop
      vertex 85.3 19.9258 12.9778
      vertex 91.3 19.5088 13.0607
      vertex 91.3 19.9258 12.9778
    endloop
  endfacet
  facet normal 0 0.194985 0.980806
    outer loop
      vertex 91.3 19.5088 13.0607
      vertex 85.3 19.9258 12.9778
      vertex 85.3 19.5088 13.0607
    endloop
  endfacet
  facet normal 0 0.94688 -0.321586
    outer loop
      vertex 85.3 17.2107 17.0412
      vertex 83.1 17.3474 17.4437
      vertex 85.3 17.3474 17.4437
    endloop
  endfacet
  facet normal 0 0.94688 -0.321586
    outer loop
      vertex 83.1 17.3474 17.4437
      vertex 85.3 17.2107 17.0412
      vertex 83.1 17.2107 17.0412
    endloop
  endfacet
  facet normal 0 0.94688 -0.321586
    outer loop
      vertex 91.3 17.2107 17.0412
      vertex 85.3 17.3474 17.4437
      vertex 91.3 17.3474 17.4437
    endloop
  endfacet
  facet normal 0 0.94688 -0.321586
    outer loop
      vertex 85.3 17.3474 17.4437
      vertex 91.3 17.2107 17.0412
      vertex 85.3 17.2107 17.0412
    endloop
  endfacet
  facet normal 0 -0.751818 0.65937
    outer loop
      vertex 83.1 22.6481 13.9019
      vertex 85.3 22.9284 14.2215
      vertex 83.1 22.9284 14.2215
    endloop
  endfacet
  facet normal 0 -0.751818 0.65937
    outer loop
      vertex 85.3 22.9284 14.2215
      vertex 83.1 22.6481 13.9019
      vertex 85.3 22.6481 13.9019
    endloop
  endfacet
  facet normal 0 -0.751818 0.65937
    outer loop
      vertex 85.3 22.6481 13.9019
      vertex 91.3 22.9284 14.2215
      vertex 85.3 22.9284 14.2215
    endloop
  endfacet
  facet normal 0 -0.751818 0.65937
    outer loop
      vertex 91.3 22.9284 14.2215
      vertex 85.3 22.6481 13.9019
      vertex 91.3 22.6481 13.9019
    endloop
  endfacet
  facet normal 0 -0.980806 -0.194985
    outer loop
      vertex 83.1 23.5722 16.6242
      vertex 85.3 23.4893 17.0412
      vertex 83.1 23.4893 17.0412
    endloop
  endfacet
  facet normal 0 -0.980806 -0.194985
    outer loop
      vertex 85.3 23.4893 17.0412
      vertex 83.1 23.5722 16.6242
      vertex 85.3 23.5722 16.6242
    endloop
  endfacet
  facet normal 0 -0.980806 -0.194985
    outer loop
      vertex 85.3 23.5722 16.6242
      vertex 91.3 23.4893 17.0412
      vertex 85.3 23.4893 17.0412
    endloop
  endfacet
  facet normal 0 -0.980806 -0.194985
    outer loop
      vertex 91.3 23.4893 17.0412
      vertex 85.3 23.5722 16.6242
      vertex 91.3 23.5722 16.6242
    endloop
  endfacet
  facet normal 0 -0.194985 0.980806
    outer loop
      vertex 83.1 21.1912 13.0607
      vertex 85.3 20.7742 12.9778
      vertex 85.3 21.1912 13.0607
    endloop
  endfacet
  facet normal 0 -0.194985 0.980806
    outer loop
      vertex 85.3 20.7742 12.9778
      vertex 83.1 21.1912 13.0607
      vertex 83.1 20.7742 12.9778
    endloop
  endfacet
  facet normal 0 -0.194985 0.980806
    outer loop
      vertex 85.3 21.1912 13.0607
      vertex 91.3 20.7742 12.9778
      vertex 91.3 21.1912 13.0607
    endloop
  endfacet
  facet normal 0 -0.194985 0.980806
    outer loop
      vertex 91.3 20.7742 12.9778
      vertex 85.3 21.1912 13.0607
      vertex 85.3 20.7742 12.9778
    endloop
  endfacet
  facet normal 0 0.980806 0.194985
    outer loop
      vertex 85.3 17.2107 15.3588
      vertex 83.1 17.1278 15.7758
      vertex 85.3 17.1278 15.7758
    endloop
  endfacet
  facet normal 0 0.980806 0.194985
    outer loop
      vertex 83.1 17.1278 15.7758
      vertex 85.3 17.2107 15.3588
      vertex 83.1 17.2107 15.3588
    endloop
  endfacet
  facet normal 0 0.980806 0.194985
    outer loop
      vertex 91.3 17.2107 15.3588
      vertex 85.3 17.1278 15.7758
      vertex 91.3 17.1278 15.7758
    endloop
  endfacet
  facet normal 0 0.980806 0.194985
    outer loop
      vertex 85.3 17.1278 15.7758
      vertex 91.3 17.2107 15.3588
      vertex 85.3 17.2107 15.3588
    endloop
  endfacet
  facet normal 0 -0.997859 0.0653948
    outer loop
      vertex 83.1 23.5722 15.7758
      vertex 85.3 23.6 16.2
      vertex 83.1 23.6 16.2
    endloop
  endfacet
  facet normal 0 -0.997859 0.0653948
    outer loop
      vertex 85.3 23.6 16.2
      vertex 83.1 23.5722 15.7758
      vertex 85.3 23.5722 15.7758
    endloop
  endfacet
  facet normal 0 -0.997859 0.0653948
    outer loop
      vertex 85.3 23.5722 15.7758
      vertex 91.3 23.6 16.2
      vertex 85.3 23.6 16.2
    endloop
  endfacet
  facet normal 0 -0.997859 0.0653948
    outer loop
      vertex 91.3 23.6 16.2
      vertex 85.3 23.5722 15.7758
      vertex 91.3 23.5722 15.7758
    endloop
  endfacet
  facet normal -0 0.555568 0.831471
    outer loop
      vertex 83.1 18.725 13.3854
      vertex 85.3 18.3715 13.6216
      vertex 85.3 18.725 13.3854
    endloop
  endfacet
  facet normal 0 0.555568 0.831471
    outer loop
      vertex 85.3 18.3715 13.6216
      vertex 83.1 18.725 13.3854
      vertex 83.1 18.3715 13.6216
    endloop
  endfacet
  facet normal -0 0.555568 0.831471
    outer loop
      vertex 85.3 18.725 13.3854
      vertex 91.3 18.3715 13.6216
      vertex 91.3 18.725 13.3854
    endloop
  endfacet
  facet normal 0 0.555568 0.831471
    outer loop
      vertex 91.3 18.3715 13.6216
      vertex 85.3 18.725 13.3854
      vertex 85.3 18.3715 13.6216
    endloop
  endfacet
  facet normal 0 -0.555568 0.831471
    outer loop
      vertex 83.1 22.3285 13.6216
      vertex 85.3 21.975 13.3854
      vertex 85.3 22.3285 13.6216
    endloop
  endfacet
  facet normal 0 -0.555568 0.831471
    outer loop
      vertex 85.3 21.975 13.3854
      vertex 83.1 22.3285 13.6216
      vertex 83.1 21.975 13.3854
    endloop
  endfacet
  facet normal 0 -0.555568 0.831471
    outer loop
      vertex 85.3 22.3285 13.6216
      vertex 91.3 21.975 13.3854
      vertex 91.3 22.3285 13.6216
    endloop
  endfacet
  facet normal 0 -0.555568 0.831471
    outer loop
      vertex 91.3 21.975 13.3854
      vertex 85.3 22.3285 13.6216
      vertex 85.3 21.975 13.3854
    endloop
  endfacet
  facet normal 0 0.751818 -0.65937
    outer loop
      vertex 85.3 17.7716 18.1785
      vertex 83.1 18.0519 18.4981
      vertex 85.3 18.0519 18.4981
    endloop
  endfacet
  facet normal 0 0.751818 -0.65937
    outer loop
      vertex 83.1 18.0519 18.4981
      vertex 85.3 17.7716 18.1785
      vertex 83.1 17.7716 18.1785
    endloop
  endfacet
  facet normal 0 0.751818 -0.65937
    outer loop
      vertex 91.3 17.7716 18.1785
      vertex 85.3 18.0519 18.4981
      vertex 91.3 18.0519 18.4981
    endloop
  endfacet
  facet normal 0 0.751818 -0.65937
    outer loop
      vertex 85.3 18.0519 18.4981
      vertex 91.3 17.7716 18.1785
      vertex 85.3 17.7716 18.1785
    endloop
  endfacet
  facet normal -0 0.321586 0.94688
    outer loop
      vertex 83.1 19.5088 13.0607
      vertex 85.3 19.1063 13.1974
      vertex 85.3 19.5088 13.0607
    endloop
  endfacet
  facet normal 0 0.321586 0.94688
    outer loop
      vertex 85.3 19.1063 13.1974
      vertex 83.1 19.5088 13.0607
      vertex 83.1 19.1063 13.1974
    endloop
  endfacet
  facet normal -0 0.321586 0.94688
    outer loop
      vertex 85.3 19.5088 13.0607
      vertex 91.3 19.1063 13.1974
      vertex 91.3 19.5088 13.0607
    endloop
  endfacet
  facet normal 0 0.321586 0.94688
    outer loop
      vertex 91.3 19.1063 13.1974
      vertex 85.3 19.5088 13.0607
      vertex 85.3 19.1063 13.1974
    endloop
  endfacet
  facet normal 0 -0.751818 -0.65937
    outer loop
      vertex 83.1 22.9284 18.1785
      vertex 85.3 22.6481 18.4981
      vertex 83.1 22.6481 18.4981
    endloop
  endfacet
  facet normal 0 -0.751818 -0.65937
    outer loop
      vertex 85.3 22.6481 18.4981
      vertex 83.1 22.9284 18.1785
      vertex 85.3 22.9284 18.1785
    endloop
  endfacet
  facet normal 0 -0.751818 -0.65937
    outer loop
      vertex 85.3 22.9284 18.1785
      vertex 91.3 22.6481 18.4981
      vertex 85.3 22.6481 18.4981
    endloop
  endfacet
  facet normal 0 -0.751818 -0.65937
    outer loop
      vertex 91.3 22.6481 18.4981
      vertex 85.3 22.9284 18.1785
      vertex 91.3 22.9284 18.1785
    endloop
  endfacet
  facet normal 0 -0.65937 0.751818
    outer loop
      vertex 83.1 22.6481 13.9019
      vertex 85.3 22.3285 13.6216
      vertex 85.3 22.6481 13.9019
    endloop
  endfacet
  facet normal 0 -0.65937 0.751818
    outer loop
      vertex 85.3 22.3285 13.6216
      vertex 83.1 22.6481 13.9019
      vertex 83.1 22.3285 13.6216
    endloop
  endfacet
  facet normal 0 -0.65937 0.751818
    outer loop
      vertex 85.3 22.6481 13.9019
      vertex 91.3 22.3285 13.6216
      vertex 91.3 22.6481 13.9019
    endloop
  endfacet
  facet normal 0 -0.65937 0.751818
    outer loop
      vertex 91.3 22.3285 13.6216
      vertex 85.3 22.6481 13.9019
      vertex 85.3 22.3285 13.6216
    endloop
  endfacet
  facet normal 0 0.555568 -0.831471
    outer loop
      vertex 83.1 18.3715 18.7784
      vertex 85.3 18.725 19.0146
      vertex 85.3 18.3715 18.7784
    endloop
  endfacet
  facet normal 0 0.555568 -0.831471
    outer loop
      vertex 85.3 18.725 19.0146
      vertex 83.1 18.3715 18.7784
      vertex 83.1 18.725 19.0146
    endloop
  endfacet
  facet normal 0 0.555568 -0.831471
    outer loop
      vertex 85.3 18.3715 18.7784
      vertex 91.3 18.725 19.0146
      vertex 91.3 18.3715 18.7784
    endloop
  endfacet
  facet normal 0 0.555568 -0.831471
    outer loop
      vertex 91.3 18.725 19.0146
      vertex 85.3 18.3715 18.7784
      vertex 85.3 18.725 19.0146
    endloop
  endfacet
  facet normal 0 -0.831471 0.555568
    outer loop
      vertex 83.1 22.9284 14.2215
      vertex 85.3 23.1646 14.575
      vertex 83.1 23.1646 14.575
    endloop
  endfacet
  facet normal 0 -0.831471 0.555568
    outer loop
      vertex 85.3 23.1646 14.575
      vertex 83.1 22.9284 14.2215
      vertex 85.3 22.9284 14.2215
    endloop
  endfacet
  facet normal 0 -0.831471 0.555568
    outer loop
      vertex 85.3 22.9284 14.2215
      vertex 91.3 23.1646 14.575
      vertex 85.3 23.1646 14.575
    endloop
  endfacet
  facet normal 0 -0.831471 0.555568
    outer loop
      vertex 91.3 23.1646 14.575
      vertex 85.3 22.9284 14.2215
      vertex 91.3 22.9284 14.2215
    endloop
  endfacet
  facet normal 0 -0.997859 -0.0653948
    outer loop
      vertex 83.1 23.6 16.2
      vertex 85.3 23.5722 16.6242
      vertex 83.1 23.5722 16.6242
    endloop
  endfacet
  facet normal 0 -0.997859 -0.0653948
    outer loop
      vertex 85.3 23.5722 16.6242
      vertex 83.1 23.6 16.2
      vertex 85.3 23.6 16.2
    endloop
  endfacet
  facet normal 0 -0.997859 -0.0653948
    outer loop
      vertex 85.3 23.6 16.2
      vertex 91.3 23.5722 16.6242
      vertex 85.3 23.5722 16.6242
    endloop
  endfacet
  facet normal 0 -0.997859 -0.0653948
    outer loop
      vertex 91.3 23.5722 16.6242
      vertex 85.3 23.6 16.2
      vertex 91.3 23.6 16.2
    endloop
  endfacet
  facet normal -0 0.65937 0.751818
    outer loop
      vertex 83.1 18.3715 13.6216
      vertex 85.3 18.0519 13.9019
      vertex 85.3 18.3715 13.6216
    endloop
  endfacet
  facet normal 0 0.65937 0.751818
    outer loop
      vertex 85.3 18.0519 13.9019
      vertex 83.1 18.3715 13.6216
      vertex 83.1 18.0519 13.9019
    endloop
  endfacet
  facet normal -0 0.65937 0.751818
    outer loop
      vertex 85.3 18.3715 13.6216
      vertex 91.3 18.0519 13.9019
      vertex 91.3 18.3715 13.6216
    endloop
  endfacet
  facet normal 0 0.65937 0.751818
    outer loop
      vertex 91.3 18.0519 13.9019
      vertex 85.3 18.3715 13.6216
      vertex 85.3 18.0519 13.9019
    endloop
  endfacet
  facet normal 0 -0.980806 0.194985
    outer loop
      vertex 83.1 23.4893 15.3588
      vertex 85.3 23.5722 15.7758
      vertex 83.1 23.5722 15.7758
    endloop
  endfacet
  facet normal 0 -0.980806 0.194985
    outer loop
      vertex 85.3 23.5722 15.7758
      vertex 83.1 23.4893 15.3588
      vertex 85.3 23.4893 15.3588
    endloop
  endfacet
  facet normal 0 -0.980806 0.194985
    outer loop
      vertex 85.3 23.4893 15.3588
      vertex 91.3 23.5722 15.7758
      vertex 85.3 23.5722 15.7758
    endloop
  endfacet
  facet normal 0 -0.980806 0.194985
    outer loop
      vertex 91.3 23.5722 15.7758
      vertex 85.3 23.4893 15.3588
      vertex 91.3 23.4893 15.3588
    endloop
  endfacet
  facet normal 0 0.44222 -0.896907
    outer loop
      vertex 83.1 18.725 19.0146
      vertex 85.3 19.1063 19.2026
      vertex 85.3 18.725 19.0146
    endloop
  endfacet
  facet normal 0 0.44222 -0.896907
    outer loop
      vertex 85.3 19.1063 19.2026
      vertex 83.1 18.725 19.0146
      vertex 83.1 19.1063 19.2026
    endloop
  endfacet
  facet normal 0 0.44222 -0.896907
    outer loop
      vertex 85.3 18.725 19.0146
      vertex 91.3 19.1063 19.2026
      vertex 91.3 18.725 19.0146
    endloop
  endfacet
  facet normal 0 0.44222 -0.896907
    outer loop
      vertex 91.3 19.1063 19.2026
      vertex 85.3 18.725 19.0146
      vertex 85.3 19.1063 19.2026
    endloop
  endfacet
  facet normal 0 -0.44222 0.896907
    outer loop
      vertex 83.1 21.975 13.3854
      vertex 85.3 21.5937 13.1974
      vertex 85.3 21.975 13.3854
    endloop
  endfacet
  facet normal 0 -0.44222 0.896907
    outer loop
      vertex 85.3 21.5937 13.1974
      vertex 83.1 21.975 13.3854
      vertex 83.1 21.5937 13.1974
    endloop
  endfacet
  facet normal 0 -0.44222 0.896907
    outer loop
      vertex 85.3 21.975 13.3854
      vertex 91.3 21.5937 13.1974
      vertex 91.3 21.975 13.3854
    endloop
  endfacet
  facet normal 0 -0.44222 0.896907
    outer loop
      vertex 91.3 21.5937 13.1974
      vertex 85.3 21.975 13.3854
      vertex 85.3 21.5937 13.1974
    endloop
  endfacet
  facet normal 0 0.997859 0.0653948
    outer loop
      vertex 85.3 17.1278 15.7758
      vertex 83.1 17.1 16.2
      vertex 85.3 17.1 16.2
    endloop
  endfacet
  facet normal 0 0.997859 0.0653948
    outer loop
      vertex 83.1 17.1 16.2
      vertex 85.3 17.1278 15.7758
      vertex 83.1 17.1278 15.7758
    endloop
  endfacet
  facet normal 0 0.997859 0.0653948
    outer loop
      vertex 91.3 17.1278 15.7758
      vertex 85.3 17.1 16.2
      vertex 91.3 17.1 16.2
    endloop
  endfacet
  facet normal 0 0.997859 0.0653948
    outer loop
      vertex 85.3 17.1 16.2
      vertex 91.3 17.1278 15.7758
      vertex 85.3 17.1278 15.7758
    endloop
  endfacet
  facet normal 0 -0.94688 0.321586
    outer loop
      vertex 83.1 23.3526 14.9563
      vertex 85.3 23.4893 15.3588
      vertex 83.1 23.4893 15.3588
    endloop
  endfacet
  facet normal 0 -0.94688 0.321586
    outer loop
      vertex 85.3 23.4893 15.3588
      vertex 83.1 23.3526 14.9563
      vertex 85.3 23.3526 14.9563
    endloop
  endfacet
  facet normal 0 -0.94688 0.321586
    outer loop
      vertex 85.3 23.3526 14.9563
      vertex 91.3 23.4893 15.3588
      vertex 85.3 23.4893 15.3588
    endloop
  endfacet
  facet normal 0 -0.94688 0.321586
    outer loop
      vertex 91.3 23.4893 15.3588
      vertex 85.3 23.3526 14.9563
      vertex 91.3 23.3526 14.9563
    endloop
  endfacet
  facet normal 0 0.194985 -0.980806
    outer loop
      vertex 83.1 19.5088 19.3393
      vertex 85.3 19.9258 19.4222
      vertex 85.3 19.5088 19.3393
    endloop
  endfacet
  facet normal 0 0.194985 -0.980806
    outer loop
      vertex 85.3 19.9258 19.4222
      vertex 83.1 19.5088 19.3393
      vertex 83.1 19.9258 19.4222
    endloop
  endfacet
  facet normal 0 0.194985 -0.980806
    outer loop
      vertex 85.3 19.5088 19.3393
      vertex 91.3 19.9258 19.4222
      vertex 91.3 19.5088 19.3393
    endloop
  endfacet
  facet normal 0 0.194985 -0.980806
    outer loop
      vertex 91.3 19.9258 19.4222
      vertex 85.3 19.5088 19.3393
      vertex 85.3 19.9258 19.4222
    endloop
  endfacet
  facet normal 0 0.65937 -0.751818
    outer loop
      vertex 83.1 18.0519 18.4981
      vertex 85.3 18.3715 18.7784
      vertex 85.3 18.0519 18.4981
    endloop
  endfacet
  facet normal 0 0.65937 -0.751818
    outer loop
      vertex 85.3 18.3715 18.7784
      vertex 83.1 18.0519 18.4981
      vertex 83.1 18.3715 18.7784
    endloop
  endfacet
  facet normal 0 0.65937 -0.751818
    outer loop
      vertex 85.3 18.0519 18.4981
      vertex 91.3 18.3715 18.7784
      vertex 91.3 18.0519 18.4981
    endloop
  endfacet
  facet normal 0 0.65937 -0.751818
    outer loop
      vertex 91.3 18.3715 18.7784
      vertex 85.3 18.0519 18.4981
      vertex 85.3 18.3715 18.7784
    endloop
  endfacet
  facet normal 0 -0.831471 -0.555568
    outer loop
      vertex 83.1 23.1646 17.825
      vertex 85.3 22.9284 18.1785
      vertex 83.1 22.9284 18.1785
    endloop
  endfacet
  facet normal 0 -0.831471 -0.555568
    outer loop
      vertex 85.3 22.9284 18.1785
      vertex 83.1 23.1646 17.825
      vertex 85.3 23.1646 17.825
    endloop
  endfacet
  facet normal 0 -0.831471 -0.555568
    outer loop
      vertex 85.3 23.1646 17.825
      vertex 91.3 22.9284 18.1785
      vertex 85.3 22.9284 18.1785
    endloop
  endfacet
  facet normal 0 -0.831471 -0.555568
    outer loop
      vertex 91.3 22.9284 18.1785
      vertex 85.3 23.1646 17.825
      vertex 91.3 23.1646 17.825
    endloop
  endfacet
  facet normal -0 0.44222 0.896907
    outer loop
      vertex 83.1 19.1063 13.1974
      vertex 85.3 18.725 13.3854
      vertex 85.3 19.1063 13.1974
    endloop
  endfacet
  facet normal 0 0.44222 0.896907
    outer loop
      vertex 85.3 18.725 13.3854
      vertex 83.1 19.1063 13.1974
      vertex 83.1 18.725 13.3854
    endloop
  endfacet
  facet normal -0 0.44222 0.896907
    outer loop
      vertex 85.3 19.1063 13.1974
      vertex 91.3 18.725 13.3854
      vertex 91.3 19.1063 13.1974
    endloop
  endfacet
  facet normal 0 0.44222 0.896907
    outer loop
      vertex 91.3 18.725 13.3854
      vertex 85.3 19.1063 13.1974
      vertex 85.3 18.725 13.3854
    endloop
  endfacet
  facet normal 0 -0.65937 -0.751818
    outer loop
      vertex 83.1 22.3285 18.7784
      vertex 85.3 22.6481 18.4981
      vertex 85.3 22.3285 18.7784
    endloop
  endfacet
  facet normal -0 -0.65937 -0.751818
    outer loop
      vertex 85.3 22.6481 18.4981
      vertex 83.1 22.3285 18.7784
      vertex 83.1 22.6481 18.4981
    endloop
  endfacet
  facet normal 0 -0.65937 -0.751818
    outer loop
      vertex 85.3 22.3285 18.7784
      vertex 91.3 22.6481 18.4981
      vertex 91.3 22.3285 18.7784
    endloop
  endfacet
  facet normal -0 -0.65937 -0.751818
    outer loop
      vertex 91.3 22.6481 18.4981
      vertex 85.3 22.3285 18.7784
      vertex 85.3 22.6481 18.4981
    endloop
  endfacet
  facet normal 0 0.0653948 -0.997859
    outer loop
      vertex 83.1 19.9258 19.4222
      vertex 85.3 20.35 19.45
      vertex 85.3 19.9258 19.4222
    endloop
  endfacet
  facet normal 0 0.0653948 -0.997859
    outer loop
      vertex 85.3 20.35 19.45
      vertex 83.1 19.9258 19.4222
      vertex 83.1 20.35 19.45
    endloop
  endfacet
  facet normal 0 0.0653948 -0.997859
    outer loop
      vertex 85.3 19.9258 19.4222
      vertex 91.3 20.35 19.45
      vertex 91.3 19.9258 19.4222
    endloop
  endfacet
  facet normal 0 0.0653948 -0.997859
    outer loop
      vertex 91.3 20.35 19.45
      vertex 85.3 19.9258 19.4222
      vertex 85.3 20.35 19.45
    endloop
  endfacet
  facet normal 0 -0.194985 -0.980806
    outer loop
      vertex 83.1 20.7742 19.4222
      vertex 85.3 21.1912 19.3393
      vertex 85.3 20.7742 19.4222
    endloop
  endfacet
  facet normal -0 -0.194985 -0.980806
    outer loop
      vertex 85.3 21.1912 19.3393
      vertex 83.1 20.7742 19.4222
      vertex 83.1 21.1912 19.3393
    endloop
  endfacet
  facet normal 0 -0.194985 -0.980806
    outer loop
      vertex 85.3 20.7742 19.4222
      vertex 91.3 21.1912 19.3393
      vertex 91.3 20.7742 19.4222
    endloop
  endfacet
  facet normal -0 -0.194985 -0.980806
    outer loop
      vertex 91.3 21.1912 19.3393
      vertex 85.3 20.7742 19.4222
      vertex 85.3 21.1912 19.3393
    endloop
  endfacet
  facet normal -0 0.0653948 0.997859
    outer loop
      vertex 83.1 20.35 12.95
      vertex 85.3 19.9258 12.9778
      vertex 85.3 20.35 12.95
    endloop
  endfacet
  facet normal 0 0.0653948 0.997859
    outer loop
      vertex 85.3 19.9258 12.9778
      vertex 83.1 20.35 12.95
      vertex 83.1 19.9258 12.9778
    endloop
  endfacet
  facet normal -0 0.0653948 0.997859
    outer loop
      vertex 85.3 20.35 12.95
      vertex 91.3 19.9258 12.9778
      vertex 91.3 20.35 12.95
    endloop
  endfacet
  facet normal 0 0.0653948 0.997859
    outer loop
      vertex 91.3 19.9258 12.9778
      vertex 85.3 20.35 12.95
      vertex 85.3 19.9258 12.9778
    endloop
  endfacet
  facet normal 0 0.896907 -0.44222
    outer loop
      vertex 85.3 17.3474 17.4437
      vertex 83.1 17.5354 17.825
      vertex 85.3 17.5354 17.825
    endloop
  endfacet
  facet normal 0 0.896907 -0.44222
    outer loop
      vertex 83.1 17.5354 17.825
      vertex 85.3 17.3474 17.4437
      vertex 83.1 17.3474 17.4437
    endloop
  endfacet
  facet normal 0 0.896907 -0.44222
    outer loop
      vertex 91.3 17.3474 17.4437
      vertex 85.3 17.5354 17.825
      vertex 91.3 17.5354 17.825
    endloop
  endfacet
  facet normal 0 0.896907 -0.44222
    outer loop
      vertex 85.3 17.5354 17.825
      vertex 91.3 17.3474 17.4437
      vertex 85.3 17.3474 17.4437
    endloop
  endfacet
  facet normal 0 -0.321586 0.94688
    outer loop
      vertex 83.1 21.5937 13.1974
      vertex 85.3 21.1912 13.0607
      vertex 85.3 21.5937 13.1974
    endloop
  endfacet
  facet normal 0 -0.321586 0.94688
    outer loop
      vertex 85.3 21.1912 13.0607
      vertex 83.1 21.5937 13.1974
      vertex 83.1 21.1912 13.0607
    endloop
  endfacet
  facet normal 0 -0.321586 0.94688
    outer loop
      vertex 85.3 21.5937 13.1974
      vertex 91.3 21.1912 13.0607
      vertex 91.3 21.5937 13.1974
    endloop
  endfacet
  facet normal 0 -0.321586 0.94688
    outer loop
      vertex 91.3 21.1912 13.0607
      vertex 85.3 21.5937 13.1974
      vertex 85.3 21.1912 13.0607
    endloop
  endfacet
  facet normal 0 -0.321586 -0.94688
    outer loop
      vertex 83.1 21.1912 19.3393
      vertex 85.3 21.5937 19.2026
      vertex 85.3 21.1912 19.3393
    endloop
  endfacet
  facet normal -0 -0.321586 -0.94688
    outer loop
      vertex 85.3 21.5937 19.2026
      vertex 83.1 21.1912 19.3393
      vertex 83.1 21.5937 19.2026
    endloop
  endfacet
  facet normal 0 -0.321586 -0.94688
    outer loop
      vertex 85.3 21.1912 19.3393
      vertex 91.3 21.5937 19.2026
      vertex 91.3 21.1912 19.3393
    endloop
  endfacet
  facet normal -0 -0.321586 -0.94688
    outer loop
      vertex 91.3 21.5937 19.2026
      vertex 85.3 21.1912 19.3393
      vertex 85.3 21.5937 19.2026
    endloop
  endfacet
  facet normal 0 0.896907 0.44222
    outer loop
      vertex 85.3 17.5354 14.575
      vertex 83.1 17.3474 14.9563
      vertex 85.3 17.3474 14.9563
    endloop
  endfacet
  facet normal 0 0.896907 0.44222
    outer loop
      vertex 83.1 17.3474 14.9563
      vertex 85.3 17.5354 14.575
      vertex 83.1 17.5354 14.575
    endloop
  endfacet
  facet normal 0 0.896907 0.44222
    outer loop
      vertex 91.3 17.5354 14.575
      vertex 85.3 17.3474 14.9563
      vertex 91.3 17.3474 14.9563
    endloop
  endfacet
  facet normal 0 0.896907 0.44222
    outer loop
      vertex 85.3 17.3474 14.9563
      vertex 91.3 17.5354 14.575
      vertex 85.3 17.5354 14.575
    endloop
  endfacet
  facet normal 0 0.831471 -0.555568
    outer loop
      vertex 85.3 17.5354 17.825
      vertex 83.1 17.7716 18.1785
      vertex 85.3 17.7716 18.1785
    endloop
  endfacet
  facet normal 0 0.831471 -0.555568
    outer loop
      vertex 83.1 17.7716 18.1785
      vertex 85.3 17.5354 17.825
      vertex 83.1 17.5354 17.825
    endloop
  endfacet
  facet normal 0 0.831471 -0.555568
    outer loop
      vertex 91.3 17.5354 17.825
      vertex 85.3 17.7716 18.1785
      vertex 91.3 17.7716 18.1785
    endloop
  endfacet
  facet normal 0 0.831471 -0.555568
    outer loop
      vertex 85.3 17.7716 18.1785
      vertex 91.3 17.5354 17.825
      vertex 85.3 17.5354 17.825
    endloop
  endfacet
  facet normal 0 0.980806 -0.194985
    outer loop
      vertex 85.3 17.1278 16.6242
      vertex 83.1 17.2107 17.0412
      vertex 85.3 17.2107 17.0412
    endloop
  endfacet
  facet normal 0 0.980806 -0.194985
    outer loop
      vertex 83.1 17.2107 17.0412
      vertex 85.3 17.1278 16.6242
      vertex 83.1 17.1278 16.6242
    endloop
  endfacet
  facet normal 0 0.980806 -0.194985
    outer loop
      vertex 91.3 17.1278 16.6242
      vertex 85.3 17.2107 17.0412
      vertex 91.3 17.2107 17.0412
    endloop
  endfacet
  facet normal 0 0.980806 -0.194985
    outer loop
      vertex 85.3 17.2107 17.0412
      vertex 91.3 17.1278 16.6242
      vertex 85.3 17.1278 16.6242
    endloop
  endfacet
  facet normal 0 -0.44222 -0.896907
    outer loop
      vertex 83.1 21.5937 19.2026
      vertex 85.3 21.975 19.0146
      vertex 85.3 21.5937 19.2026
    endloop
  endfacet
  facet normal -0 -0.44222 -0.896907
    outer loop
      vertex 85.3 21.975 19.0146
      vertex 83.1 21.5937 19.2026
      vertex 83.1 21.975 19.0146
    endloop
  endfacet
  facet normal 0 -0.44222 -0.896907
    outer loop
      vertex 85.3 21.5937 19.2026
      vertex 91.3 21.975 19.0146
      vertex 91.3 21.5937 19.2026
    endloop
  endfacet
  facet normal -0 -0.44222 -0.896907
    outer loop
      vertex 91.3 21.975 19.0146
      vertex 85.3 21.5937 19.2026
      vertex 85.3 21.975 19.0146
    endloop
  endfacet
  facet normal 0 0.751818 0.65937
    outer loop
      vertex 85.3 18.0519 13.9019
      vertex 83.1 17.7716 14.2215
      vertex 85.3 17.7716 14.2215
    endloop
  endfacet
  facet normal 0 0.751818 0.65937
    outer loop
      vertex 83.1 17.7716 14.2215
      vertex 85.3 18.0519 13.9019
      vertex 83.1 18.0519 13.9019
    endloop
  endfacet
  facet normal 0 0.751818 0.65937
    outer loop
      vertex 91.3 18.0519 13.9019
      vertex 85.3 17.7716 14.2215
      vertex 91.3 17.7716 14.2215
    endloop
  endfacet
  facet normal 0 0.751818 0.65937
    outer loop
      vertex 85.3 17.7716 14.2215
      vertex 91.3 18.0519 13.9019
      vertex 85.3 18.0519 13.9019
    endloop
  endfacet
  facet normal 0 0.94688 0.321586
    outer loop
      vertex 85.3 17.3474 14.9563
      vertex 83.1 17.2107 15.3588
      vertex 85.3 17.2107 15.3588
    endloop
  endfacet
  facet normal 0 0.94688 0.321586
    outer loop
      vertex 83.1 17.2107 15.3588
      vertex 85.3 17.3474 14.9563
      vertex 83.1 17.3474 14.9563
    endloop
  endfacet
  facet normal 0 0.94688 0.321586
    outer loop
      vertex 91.3 17.3474 14.9563
      vertex 85.3 17.2107 15.3588
      vertex 91.3 17.2107 15.3588
    endloop
  endfacet
  facet normal 0 0.94688 0.321586
    outer loop
      vertex 85.3 17.2107 15.3588
      vertex 91.3 17.3474 14.9563
      vertex 85.3 17.3474 14.9563
    endloop
  endfacet
  facet normal 0 -0.555568 -0.831471
    outer loop
      vertex 83.1 21.975 19.0146
      vertex 85.3 22.3285 18.7784
      vertex 85.3 21.975 19.0146
    endloop
  endfacet
  facet normal -0 -0.555568 -0.831471
    outer loop
      vertex 85.3 22.3285 18.7784
      vertex 83.1 21.975 19.0146
      vertex 83.1 22.3285 18.7784
    endloop
  endfacet
  facet normal 0 -0.555568 -0.831471
    outer loop
      vertex 85.3 21.975 19.0146
      vertex 91.3 22.3285 18.7784
      vertex 91.3 21.975 19.0146
    endloop
  endfacet
  facet normal -0 -0.555568 -0.831471
    outer loop
      vertex 91.3 22.3285 18.7784
      vertex 85.3 21.975 19.0146
      vertex 85.3 22.3285 18.7784
    endloop
  endfacet
endsolid OpenSCAD_Model
